,region,plate,sample,published_type,n_genes_by_counts,log1p_n_genes_by_counts,total_counts,log1p_total_counts,total_counts_mt,log1p_total_counts_mt,pct_counts_mt,total_counts_ercc,log1p_total_counts_ercc,pct_counts_ercc,total_counts_ribo,log1p_total_counts_ribo,pct_counts_ribo,outlier_depth,outlier_mt,leiden,score_Astrocyte,score_Neuron,score_Oligodendrocyte,score_OPC,score_Microglia/macrophage,score_Endothelial,score_Mural,score_Ependymal,cell_type,published_broad,ieg_score
105A10_S169,Cortex,105,1C,Mural,1576,7.3632795869630385,1.221502e+06,14.015593,25901.0,10.162075,2.1204221,77725.0,11.260945,6.3630676,9049.0,9.11052,0.74080926,False,False,0,-2.7652353380547194,-0.03483107820827158,-0.16293473496581568,2.635946388244629,-0.18320603609085084,-0.3682041144130206,6.051329628307017,0.0,Mural,Mural,4.035010614085675
105A11_S177,Cortex,105,1C,AST2,1936,7.5688956634069955,1.699054e+06,14.345583,57003.0,10.950877,3.3549845,149086.0,11.912285,8.774648,6494.0,8.778788,0.3822127,False,False,1,3.708379158556788,-0.05512070925391499,-0.14728091732420104,2.624346576333046,-0.13440772831439973,-0.08994528801754267,1.0428311159862345,-0.04685980796813965,Astrocyte,Astrocyte,-0.5035962455459747
105A12_S185,Cortex,105,1C,AST2,3186,8.066835314417336,2.776149e+06,14.8365755,166450.0,12.022456,5.9957156,94399.0,11.4552965,3.4003577,14021.0,9.548383,0.50505215,False,False,1,2.0686230841881583,-0.1310370088222638,2.7453009022606745,0.9571627855300902,-0.043030134439468376,-0.14208141721860326,-1.4073904992347985,0.0,Astrocyte,Astrocyte,-0.975515139321851
105A1_S97,Cortex,105,1C,AST2,2220,7.7057128238944275,1.858631e+06,14.435351,91371.0,11.422694,4.9160376,88694.0,11.392959,4.772007,7030.0,8.858085,0.37823537,False,False,1,2.51864649005275,-0.11938764941153215,-0.2659382163876235,-1.1943198716640473,-0.22043228149414062,-0.10194763149877992,-0.8685797770418714,0.0,Astrocyte,Astrocyte,-0.716041155383364
105A2_S105,Cortex,105,1C,AST2,2433,7.797291273547472,1.788414e+06,14.39684,73332.0,11.202766,4.100393,69066.0,11.142833,3.8618577,8065.0,8.995413,0.45095822,False,False,3,3.1800068740636265,-0.11861371874210223,-0.2314094365245164,-1.6578348970413208,-0.00615070104598999,-0.14230527901890302,-0.0315438976239919,0.0,Astrocyte,Astrocyte,-0.817245948692793
105A3_S113,Cortex,105,1C,AST3,2777,7.9294865233142895,2.327614e+06,14.660355,81128.0,11.303796,3.4854577,131858.0,11.789489,5.6649427,13021.0,9.474396,0.559414,False,False,4,3.428127510300099,-0.09642731244839615,-0.34812772936291164,-1.8233767795562743,-0.23331526041030884,-0.1876207710516573,-0.9729403287322078,0.0,Astrocyte,Astrocyte,1.0560147596122027
105A4_S121,Cortex,105,1C,AST3,2666,7.888709524182015,2.329682e+06,14.6612425,78074.0,11.265425,3.351273,65959.0,11.096804,2.831245,10459.0,9.255314,0.4489454,False,False,2,2.155997813887935,-0.13220592704250586,-0.254896970108302,-0.9600196641683578,-0.2112805128097534,-0.17728556587238503,0.3247284098486205,0.0,Astrocyte,Astrocyte,-0.7957673767870774
105A5_S129,Cortex,105,1C,AST2,2368,7.7702232041587855,1.664359e+06,14.324951,91909.0,11.428565,5.522186,77636.0,11.259799,4.6646185,4904.0,8.498011,0.29464796,False,False,1,3.4511628971725212,-0.13054552509557063,-0.30947436347152246,1.701929235458374,-0.2581623411178589,-0.2637019253740407,-0.9734471874620447,0.0,Astrocyte,Astrocyte,-0.12209589717185154
105A6_S137,Cortex,105,1C,AST3,3069,8.029432840581244,2.264592e+06,14.632906,147462.0,11.901333,6.5116367,51816.0,10.8554735,2.2880943,8936.0,9.097956,0.3945965,False,False,4,3.071288968695969,-0.18526641867268626,-0.32548530414851023,1.6703100550174712,-0.1980024456977844,-0.21502850272438742,0.363550934360255,-0.09655692100524903,Astrocyte,Astrocyte,3.4690919825947146
105A9_S161,Cortex,105,1C,AST3,2595,7.86172707782398,2.683607e+06,14.802672,152174.0,11.932787,5.670502,121770.0,11.709898,4.5375495,13675.0,9.523397,0.50957537,False,False,1,1.634734517889596,-0.06573197829663455,-0.3309021598160869,1.923853200674057,-0.16734420776367187,-0.21332556189912738,-0.7997504155240466,-0.03871571063995361,Astrocyte,Astrocyte,-0.7186404164127993
105B11_S178,Cortex,105,1C,AST3,2920,7.979681302387741,2.564445e+06,14.757253,101857.0,11.531335,3.9718926,63255.0,11.054945,2.4666157,14770.0,9.600421,0.57595307,False,False,4,3.0352770526552453,-0.10333087695902915,-0.24612996072480173,-1.4853126004338264,-0.191181860268116,-0.15156323771284083,-1.1523128595558843,0.0,Astrocyte,Astrocyte,0.39021770712081505
105B12_S186,Cortex,105,1C,AST2,2172,7.6838639802564295,2.155665e+06,14.583611,106817.0,11.578882,4.9551764,91133.0,11.420086,4.227605,10171.0,9.227394,0.47182655,False,False,1,1.8880466704811552,-0.12009035043380967,-0.1192357118683632,-1.2531759119033814,-0.16745398998260497,-0.20221802321347324,-0.49282703447581533,0.0,Astrocyte,Astrocyte,-0.37764270352401796
105B1_S98,Cortex,105,1C,AST2,2049,7.6255950721324535,1.503259e+06,14.223146,80370.0,11.294409,5.346384,53528.0,10.887979,3.5607967,5527.0,8.617581,0.36766785,False,False,1,3.944244788318384,-0.09738566887438596,-0.1347809744001639,-1.3393211960792542,-0.2330223673582077,-0.07244210773044163,-0.0937909561785022,0.0,Astrocyte,Astrocyte,-0.24233431027011204
105B2_S106,Cortex,105,1C,AST2,2067,7.63433723562832,1.52238e+06,14.235786,84743.0,11.34739,5.5664816,56677.0,10.945142,3.7229207,4641.0,8.442901,0.30485162,False,False,2,2.818208276899786,-0.049749988407345874,-0.28981267322193494,1.6464442992210389,0.0,-0.30195006818482373,-1.0397220688249598,0.0,Astrocyte,Astrocyte,-0.6263102344758125
105B3_S114,Cortex,105,1C,AST2,2477,7.815207062189088,1.967388e+06,14.492218,112127.0,11.627397,5.6992826,71121.0,11.172152,3.614996,9054.0,9.111073,0.46020412,False,False,1,3.0435547809131807,-0.0020888525636950928,-0.1593108189226401,-1.0206220901012422,-0.20203864097595214,-0.09325656264719337,0.14057466073251845,0.0,Astrocyte,Astrocyte,-0.6385524927674231
105B9_S162,Cortex,105,1C,AST2,2105,7.652545692693921,1.943011e+06,14.47975,102595.0,11.538554,5.2802067,130378.0,11.778201,6.710101,13626.0,9.519809,0.7012827,False,False,1,2.673817350564758,-0.08669790910116991,-0.31567269443261503,-1.1783829200267792,-0.15246644020080566,-0.024642530113759668,-0.9926023489266784,0.0,Astrocyte,Astrocyte,-0.3561009652228506
105C10_S171,Cortex,105,1C,Mural,2320,7.749753406274437,1.659264e+06,14.321885,72861.0,11.196322,4.391164,56626.0,10.944242,3.412718,23550.0,10.066923,1.4193039,False,False,0,-0.3639523598665746,-0.11373313437754186,-0.5090955035253004,0.42816516101360325,-0.5428190279006958,-0.16823209777022852,3.870155158354409,0.0,Mural,Mural,4.739785290601506
105C11_S179,Cortex,105,1C,AST2,2263,7.724888439323074,1.854946e+06,14.433367,58194.0,10.971555,3.1372342,104714.0,11.558998,5.645124,6173.0,8.728103,0.33278596,False,False,2,3.700435857303807,0.3053753603642909,-0.263037054827719,1.1331310629844666,-0.15835357546806336,-0.024958328767256302,0.1645310973402243,0.0,Astrocyte,Astrocyte,0.1663649596634612
105C12_S187,Cortex,105,1C,AST3,2783,7.931644021454311,2.124462e+06,14.56903,76108.0,11.239922,3.5824602,52460.0,10.8678255,2.469331,12730.0,9.451796,0.5992105,False,False,3,2.9846239337504246,-0.12376626292664801,-0.18255054017510075,-1.5807313859462737,-0.3502859580516815,-0.144315688297002,-1.2916416882270545,-0.010661494731903077,Astrocyte,Astrocyte,-0.39446768020349676
105C1_S99,Cortex,105,1C,AST2,2005,7.603897968521881,1.072235e+06,13.885257,81414.0,11.307315,7.5929255,47653.0,10.771722,4.444268,4131.0,8.326517,0.38527,False,False,1,2.831196850114832,-0.17381017172156865,-0.34994632908792206,2.4739392805099487,-0.06828246593475341,-0.15980805772723575,-0.5844996272020004,0.0,Astrocyte,Astrocyte,-0.27013488785551865
105C2_S107,Cortex,105,1C,AST3,2255,7.721348612617949,1.993258e+06,14.505281,100999.0,11.522876,5.067031,75568.0,11.232801,3.7911801,10130.0,9.223355,0.50821316,False,False,2,3.9644799160827047,-0.15946339602446435,-0.29319669772880247,-1.2521577447652816,-0.11747873663902282,-0.005714584480632435,0.9565502632802455,0.0,Astrocyte,Astrocyte,-0.39244820408908676
105C4_S123,Cortex,105,1C,AST2,2166,7.681099001536359,1.640265e+06,14.3103695,64035.0,11.067201,3.903942,83994.0,11.338512,5.120758,7165.0,8.877103,0.43681967,False,False,1,2.36527780822066,-0.08269033240313506,-0.20936509996953637,1.6596761059761047,-0.19115341186523438,-0.15167475469184644,0.9749796558265111,-0.1640010666847229,Astrocyte,Astrocyte,-0.5350394382301674
105C5_S131,Cortex,105,1C,AST3,1994,7.598399329323964,1.358581e+06,14.121952,66732.0,11.108455,4.9118896,60928.0,11.017465,4.484679,3798.0,8.242494,0.2795564,False,False,2,3.8110346572646687,-0.11286668442002493,-0.1439102033171991,-1.1561166393756865,-0.19752321720123292,-0.15643346189248442,0.9751569571806558,-0.04093597412109375,Astrocyte,Astrocyte,-0.6578150404514573
105C7_S147,Cortex,105,1C,AST3,2922,7.980365765111246,2.204018e+06,14.605793,105450.0,11.566002,4.7844434,48994.0,10.799474,2.2229402,8148.0,9.0056505,0.36968845,False,False,4,3.331979519682503,-0.03219849006015452,-0.14268882708116012,-1.5544500946998596,-0.23725684881210327,-0.14199494352244368,-1.5718348775077704,0.0,Astrocyte,Astrocyte,3.5036701120573013
105C8_S155,Cortex,105,1C,AST1,1883,7.5411524551363085,1.866182e+06,14.439405,106096.0,11.572109,5.6851907,83504.0,11.332662,4.4745903,4967.0,8.510773,0.2661584,False,False,1,3.011034017052155,-0.14280855595766,-0.26449525958359843,-1.1552096819877624,-0.24135763168334962,-0.10782612694634332,1.0486519732067934,0.0,Astrocyte,Astrocyte,-0.577189490671747
105C9_S163,Cortex,105,1C,AST3,2464,7.80994708647679,2.004463e+06,14.510887,67197.0,11.115398,3.3523693,61578.0,11.028076,3.0720448,11153.0,9.319553,0.5564084,False,False,1,2.8801589764532496,-0.06996608559210696,-0.2803113213693253,2.066509448289871,1.4165560775995254,-0.03256437393149944,-1.1064251586420453,0.0,Astrocyte,Astrocyte,0.4621428683935004
105D10_S172,Cortex,105,1C,AST2,2426,7.794411205726601,1.772702e+06,14.388016,90158.0,11.40933,5.0859084,75729.0,11.23493,4.271953,11401.0,9.341544,0.6431425,False,False,1,1.9847769229138486,-0.13888554896541577,-0.3684684152554984,1.8596648526191712,-0.31571374416351317,-0.04509386028906311,-1.1162785135920923,-0.08722869873046875,Astrocyte,Astrocyte,-0.3912212364064632
105D11_S180,Cortex,105,1C,Endothelial,1904,7.552237287560802,1.635899e+06,14.307704,38816.0,10.566613,2.3727627,125073.0,11.736661,7.6455207,26291.0,10.17702,1.6071286,False,False,5,-2.601847984751717,-0.4155885658072467,-0.4414422054483433,0.9842604994773865,-0.34174538135528565,8.252231412463718,3.7434169551235947,0.0,Endothelial,Endothelial,3.9428614671769644
105D12_S188,Cortex,105,1C,AST2,2478,7.8156105320351905,2.013015e+06,14.515144,68399.0,11.133128,3.3978384,82477.0,11.320287,4.0971875,8605.0,9.060215,0.42746827,False,False,1,2.365446957082697,-0.188683820130238,0.04203683348617171,0.9890670454502106,-0.22629220485687257,-0.15881552720310713,-0.9313448002590007,0.0,Astrocyte,Astrocyte,-0.8021255620134892
105D1_S100,Cortex,105,1C,AST2,1797,7.494430215031565,1.167926e+06,13.970741,68830.0,11.139409,5.893353,50050.0,10.820798,4.285374,3805.0,8.244334,0.32579118,False,False,3,1.7775893364447715,-0.04661048357211166,-0.35447705153262976,-0.9998100286722184,0.0,-0.13421260407476715,-0.8314599957897435,0.0,Astrocyte,Astrocyte,-0.16695739102482998
105D2_S108,Cortex,105,1C,AST2,2008,7.605392364814935,1.445093e+06,14.183685,98568.0,11.498512,6.820876,52650.0,10.871441,3.6433642,3661.0,8.205765,0.2533401,False,False,1,3.9109262807773115,-0.03649079859556265,-0.13171851755392672,-1.4644824016094207,-0.35219196319580076,-0.21260045032308558,-0.7993275268593026,-0.09135603904724121,Astrocyte,Astrocyte,-0.5816342846579066
105D3_S116,Cortex,105,1C,AST2,1907,7.553810852008231,1.127553e+06,13.935561,57369.0,10.957277,5.0879207,56466.0,10.941412,5.0078354,3871.0,8.261526,0.34330982,False,False,1,3.397992133768529,-0.11996373878651528,-0.37900977935453856,-0.9726991111040115,-0.22936374068260193,-0.1518078458429587,-0.730308910111087,0.0,Astrocyte,Astrocyte,0.7677605072089249
105D4_S124,Cortex,105,1C,AST2,1846,7.52131798019924,1.136014e+06,13.943037,33063.0,10.4062,2.9104395,72164.0,11.18671,6.3523865,4290.0,8.364275,0.3776362,False,False,1,2.2871031170008616,-0.08971749358440763,-0.14082685143056542,-0.5039414757490158,-0.17358333587646485,-0.1837480917121425,-0.3507673734396546,0.0,Astrocyte,Astrocyte,-0.6994840281833591
105D6_S140,Cortex,105,1C,AST1,2175,7.685243607975833,1.598693e+06,14.284698,86868.0,11.372156,5.4336886,76613.0,11.246535,4.7922273,6894.0,8.8385515,0.43122727,False,False,2,2.2157753484496654,-0.04940623733865556,-0.18667282359768647,-1.3223461723327636,-0.05039262771606445,-0.05363679654670484,0.9278021293069849,0.0,Astrocyte,Astrocyte,-0.70020865359171
105D7_S148,Cortex,105,1C,AST2,2133,7.665753431861699,1.671767e+06,14.329392,18767.0,9.839909,1.1225847,89283.0,11.399577,5.3406367,10139.0,9.224243,0.60648406,False,False,1,4.128266025762089,-0.027035106965644876,-0.1431148840923502,2.079973382949829,-0.02868466854095459,-0.09463377914043387,-0.7792680527097616,-0.08251148223876953,Astrocyte,Astrocyte,-0.5930115456175128
105D8_S156,Cortex,105,1C,AST2,2254,7.720905251936779,1.826393e+06,14.417854,63844.0,11.064214,3.4956331,83135.0,11.328233,4.551868,9757.0,9.1858425,0.53422236,False,False,1,3.867792776373566,-0.15163445592525615,-0.26585457902966125,-1.270642877817154,-0.20976127028465272,-0.25690274527578644,-0.8622096405556453,0.0,Astrocyte,Astrocyte,-0.8428146230159499
105E12_S189,Cortex,105,1C,AST1,2070,7.635786861395585,2.278448e+06,14.639006,92476.0,11.434715,4.0587277,104529.0,11.557229,4.587728,14976.0,9.614271,0.6572895,False,False,1,3.4920183114015337,-0.12415799423677837,-0.22286649966480757,0.8976724457740783,-0.22546339511871338,-0.10104966404462101,-0.7672134559957227,0.0,Astrocyte,Astrocyte,-0.5208465638065178
105E1_S101,Cortex,105,1C,AST2,2049,7.6255950721324535,1.452355e+06,14.188698,69617.0,11.150779,4.7933874,81842.0,11.312558,5.6351237,7056.0,8.861775,0.48583165,False,False,1,1.6256694824643478,-0.10425130985490041,-0.28925695383187494,0.6341853410005569,-0.2902641612291336,-0.11899039781454837,-0.800990102878168,0.0,Astrocyte,Astrocyte,-0.29728372629501787
105E3_S117,Cortex,105,1C,AST3,2511,7.828834527588089,2.401013e+06,14.6914015,88146.0,11.386761,3.6712005,65080.0,11.083388,2.7105224,10382.0,9.247925,0.43240082,False,False,3,2.0355833430107824,-0.09892320033892914,0.2611374560028616,-1.0303940868377686,-0.36333589553833007,-0.13464682270782163,0.38195623045590654,0.0,Astrocyte,Astrocyte,-0.7672807201121208
105E5_S133,Cortex,105,1C,AST3,3142,8.052933036797567,2.27703e+06,14.638383,53537.0,10.888147,2.3511767,57318.0,10.9563875,2.5172262,12569.0,9.439069,0.551991,False,False,2,2.7599606520491218,-0.15719643310086812,-0.15561881571105032,0.04253461480140697,-0.24403008937835693,-0.05271036456329654,-0.05156096741182714,0.0,Astrocyte,Astrocyte,-0.6540700747493113
105E7_S149,Cortex,105,1C,AST2,1895,7.547501682814967,1.744406e+06,14.371925,108345.0,11.593085,6.2109966,112671.0,11.6322365,6.4589896,6003.0,8.700181,0.3441286,False,False,1,2.3329959857007845,-0.10107571815126505,-0.16289630291437862,-0.8453543084859848,-0.2062857687473297,0.06747930579715306,-0.5349632705276336,0.0,Astrocyte,Astrocyte,0.39489209970369166
105E8_S157,Cortex,105,1C,AST3,2410,7.787796878181171,1.859647e+06,14.435898,50041.0,10.820618,2.690887,102406.0,11.536711,5.506744,8433.0,9.040027,0.45347315,False,False,3,3.755839383015867,-0.11368469497067245,-0.24983013097685997,2.077921161651611,-0.1984834599494934,-0.16730781034989792,0.4460259831730444,0.0,Astrocyte,Astrocyte,0.7184108711144761
105F10_S174,Cortex,105,1C,AST2,1828,7.511524648390866,1.675011e+06,14.331331,76518.0,11.245295,4.5682087,129868.0,11.7742815,7.7532625,10469.0,9.256269,0.6250108,False,False,1,2.2609300144383164,-0.05959523982139089,-0.0247750733837937,-0.9873357009887695,-0.10904274225234985,-0.09750071920529761,0.5146247489967538,0.0,Astrocyte,Astrocyte,-0.6620736975900717
105F1_S102,Cortex,105,1C,AST3,2754,7.9211727215870145,2.120635e+06,14.567226,100784.0,11.520745,4.7525387,70740.0,11.16678,3.3357933,12083.0,9.399637,0.5697822,False,False,1,2.2616603823958847,-0.10893597315304243,-0.2232200127057355,-1.8918292593955994,-0.20998085141181946,-0.2583630488376425,-0.8376197683152242,0.0,Astrocyte,Astrocyte,-0.4017351891204889
105F4_S126,Cortex,105,1C,AST2,2183,7.688913336864796,1.707626e+06,14.3506155,56431.0,10.940792,3.3046463,75936.0,11.237659,4.446875,7974.0,8.984067,0.46696407,False,False,1,2.3561990730098037,-0.2544127073719274,-0.1768268635778716,-1.3706723105907441,-0.07588805913925172,-0.29245413915075436,0.37755495579398457,0.0,Astrocyte,Astrocyte,-0.6711307578970475
105F7_S150,Cortex,105,1C,AST3,3184,8.066207568006265,2.352428e+06,14.670959,82823.0,11.324473,3.5207455,53352.0,10.8846855,2.2679546,6438.0,8.770128,0.27367467,False,False,4,3.140388342852149,-0.11599642008393254,-0.18150849655421095,-1.5824420887231827,-0.3627778923511505,-0.25964507791731095,-1.2287588871304114,-0.009829862117767334,Astrocyte,Astrocyte,1.2657379618471174
105F8_S158,Cortex,105,1C,AST3,3115,8.044305406990638,2.298765e+06,14.647883,54234.0,10.901082,2.3592668,51670.0,10.852652,2.2477286,10955.0,9.301642,0.47656024,False,False,4,2.07947765152311,-0.2092806142778253,-0.15357569070777508,-1.489523115158081,-0.2988487434387207,-0.01597051006374937,-0.0867196740816587,-0.08938223242759705,Astrocyte,Astrocyte,1.8588419468056578
105F9_S166,Cortex,105,1C,AST2,1920,7.560601162768557,1.698508e+06,14.345262,75016.0,11.22547,4.416582,95611.0,11.468054,5.6291165,11110.0,9.315691,0.65410346,False,False,3,4.393133062482531,-0.07525163289889618,-0.11894077770035677,-0.8931563717126847,-0.0064703673124313354,-0.026367469267411667,-0.7352691014208387,0.0,Astrocyte,Astrocyte,-0.6862746126862719
105G10_S175,Cortex,105,1C,AST2,1880,7.53955882930103,1.669051e+06,14.327766,83396.0,11.3313675,4.996612,86380.0,11.366523,5.175396,5924.0,8.686936,0.35493222,False,False,1,3.671887456393633,-0.0935479528340862,-0.13878898006497006,-0.9116819083690644,-0.023245041370391847,-0.16459474178275676,-0.6485479992238721,0.0,Astrocyte,Astrocyte,-0.6317532544144008
105G11_S183,Cortex,105,1C,AST2,1652,7.410347097821024,1.658857e+06,14.32164,113680.0,11.641151,6.8529115,142610.0,11.867876,8.596883,8967.0,9.101418,0.5405529,False,False,3,3.506032815396459,-0.025748932780931943,-0.2417371796839165,2.3850312852859497,0.34932857632637027,0.1473774825683748,-0.4720483387834463,-0.01347752332687378,Astrocyte,Astrocyte,-0.6050921340219565
105G2_S111,Cortex,105,1C,AST3,2356,7.7651449029361315,1.632121e+06,14.305391,55102.0,10.91696,3.3760977,80645.0,11.297825,4.941117,6863.0,8.834045,0.42049578,False,False,2,3.6832868609923475,-0.04802475382934263,-0.22000906202528211,-1.2595068502426148,-0.056312773227691654,-0.25712698397010264,-0.976607886990111,-0.013253841400146484,Astrocyte,Astrocyte,-0.8980620794980873
105G3_S119,Cortex,105,1C,AST2,1919,7.560080465021827,1.418264e+06,14.164945,62023.0,11.035276,4.373163,75373.0,11.230218,5.314455,5573.0,8.625868,0.39294517,False,False,1,2.392368189624099,-0.07761471774709884,-0.13361712417217217,-0.9935027778148651,-0.12736466884613037,-0.12946234929441203,-0.5161985099016122,0.0,Astrocyte,Astrocyte,-0.5914392544948597
105G4_S127,Cortex,105,1C,AST1,1943,7.572502985020384,1.601879e+06,14.286689,74499.0,11.2185545,4.650726,81811.0,11.31218,5.1071897,9839.0,9.194211,0.6142162,False,False,2,2.597467782718888,-0.08032386446717996,-0.2034277699210427,2.346996879577637,-0.06531383037567139,-0.151116461464853,0.9571554795581492,0.0,Astrocyte,Astrocyte,-0.38397189308088486
105G5_S135,Cortex,105,1C,Mural,1557,7.351158226430694,1.159332e+06,13.963355,30303.0,10.319035,2.6138327,87984.0,11.384922,7.589198,7234.0,8.886685,0.62398005,False,False,0,-3.1442862692100753,-0.11406465301561595,-0.3066181615747587,2.738311113715172,0.882935191988945,2.1689902164719324,6.155261515972003,0.0,Mural,Mural,-0.5605329101989186
105G6_S143,Cortex,105,1C,AST1,2072,7.636752112435779,1.718892e+06,14.357191,44667.0,10.707012,2.5985928,80796.0,11.299695,4.70047,8778.0,9.080118,0.5106778,False,False,1,3.754370708934596,-0.10757431492733596,-0.16384300920698378,5.823265676498413,-0.21583131432533265,-0.2114902493929622,-0.7623005817882978,0.0,Astrocyte,Astrocyte,-0.1962535482814196
105G8_S159,Cortex,105,1C,AST3,3204,8.07246736935477,2.17575e+06,14.592884,100402.0,11.516948,4.6145926,42344.0,10.653605,1.9461796,9130.0,9.119431,0.4196254,False,False,4,3.3298991651482917,-0.04125852201452207,-0.33224639085808183,0.8818631243705748,-0.2754511880874634,-0.14568158833667486,-0.012416425062783398,-0.10853579521179199,Astrocyte,Astrocyte,0.8934989061349621
105G9_S167,Cortex,105,1C,AST3,2338,7.757478766584179,1.887025e+06,14.450513,49091.0,10.801452,2.6015022,72675.0,11.193767,3.8513005,6235.0,8.738094,0.33041427,False,False,2,3.5330598002574485,-0.054946372856446844,-0.22608935592150448,-1.3369410014152527,-0.3046507120132446,-0.1869162182615261,0.590283143460451,-0.14620108008384705,Astrocyte,Astrocyte,-0.10322724489218404
105H10_S176,Cortex,105,1C,AST2,1823,7.508787170634276,1.484508e+06,14.210595,57363.0,10.957172,3.8641083,86825.0,11.371661,5.848739,5333.0,8.581857,0.3592436,False,False,1,3.259336162786015,-0.11569382078084514,-0.20401993725034925,-1.0870824670791626,-0.19228834867477418,-0.014445548105721523,-0.7215190550789761,0.0,Astrocyte,Astrocyte,0.405449772318934
105H11_S184,Cortex,105,1C,AST1,2218,7.704811922932594,2.291632e+06,14.644775,61643.0,11.029131,2.689917,78512.0,11.27102,3.42603,11927.0,9.386644,0.52045876,False,False,3,3.7117536849662907,-0.14455179233646873,-0.11381315402310303,-1.516350178718567,-0.1201462197303772,-0.02126008091550885,-0.7415457325964118,-0.08986038208007813,Astrocyte,Astrocyte,-0.7148224411902324
105H2_S112,Cortex,105,1C,AST3,2447,7.803026643632217,1.867234e+06,14.439969,85864.0,11.360532,4.5984597,78892.0,11.275847,4.225073,7259.0,8.890135,0.38875684,False,False,1,3.3959307983273366,-0.13946272859621286,-0.306857715351413,-1.203207221031189,0.0,-0.18339468493606104,-0.842704908332633,-0.02385387897491455,Astrocyte,Astrocyte,-0.5169132655620177
105H7_S152,Cortex,105,1C,AST2,2527,7.8351837552667485,1.616293e+06,14.295647,101864.0,11.531404,6.3023224,71347.0,11.175324,4.414237,7270.0,8.891649,0.44979468,False,False,1,3.547467204390979,1.1795713326439785,-0.4606134156988125,-1.6492009913921357,-0.09301458597183228,-0.2845707457474988,0.2801476842793986,0.0,Astrocyte,Astrocyte,-0.9294733398147735
105H9_S168,Cortex,105,1C,AST2,2334,7.755767170102998,1.436877e+06,14.177983,57159.0,10.953609,3.9780025,72422.0,11.190279,5.0402365,6707.0,8.811056,0.46677622,False,False,1,2.019235159530014,-0.12857308369785098,-0.3041117591689331,0.6186318612098693,-0.1837855887413025,-0.09178718352558637,-0.8997613922435435,-0.050926103591918945,Astrocyte,Astrocyte,0.6341685711939467
115A10_S265,Cortex,115,2C,AST2,2092,7.646353722445999,1.963955e+06,14.490472,84972.0,11.350089,4.3265758,68601.0,11.136077,3.493003,6337.0,8.754318,0.3226652,False,False,1,2.627421466379218,-0.15405905186830454,-0.1626097457577484,2.188002529144287,-0.14006918907165528,-0.2522183620568478,-0.7955231660574524,0.0,Astrocyte,Astrocyte,-0.05653110539574857
115A11_S273,Cortex,115,2C,AST2,1965,7.583756300707112,1.80589e+06,14.406565,60958.0,11.017957,3.3755102,63664.0,11.06139,3.5253532,3042.0,8.020599,0.1684488,False,False,1,2.7605654059863483,-0.10747938299897927,-0.25586293261460585,-1.4299481892585755,-0.22924037218093873,-0.08562814707707878,0.7889321527289386,0.0,Astrocyte,Astrocyte,0.9486415150866087
115A12_S281,Cortex,115,2C,AST3,2611,7.867871490396322,2.086742e+06,14.551115,61841.0,11.032338,2.9635193,48555.0,10.790473,2.326833,7712.0,8.950663,0.3695713,False,False,1,2.8369862336278606,-0.19643754216294793,-0.19915785994192567,1.816498806476593,-0.02939302086830139,-0.10671609098261053,-1.0909300563323439,-0.07005180358886719,Astrocyte,Astrocyte,-0.378613645425424
115A1_S193,Cortex,115,2C,AST2,2092,7.646353722445999,1.437662e+06,14.17853,68464.0,11.134078,4.7621765,51178.0,10.843084,3.5598078,4290.0,8.364275,0.29840115,False,False,1,3.1116494077150936,-0.09412900646727289,-0.14793643686506483,-0.9173168921470642,-0.03658395528793335,-0.259446362052301,-0.6390710601854563,-0.057636260986328125,Astrocyte,Astrocyte,-0.1923902710909039
115A3_S209,Cortex,115,2C,AST2,1882,7.5406215286571525,1.477266e+06,14.205705,30737.0,10.333255,2.080668,58313.0,10.973598,3.9473598,4357.0,8.379768,0.29493672,False,False,1,2.3263745829055864,-0.06752692754544205,-0.21362298696932167,-0.8243627160787582,-0.17000698089599608,-0.06736796853518245,1.0183244398490867,-0.07917366027832032,Astrocyte,Astrocyte,-0.5650738212023434
115A4_S217,Cortex,115,2C,(none),1181,7.074963197966044,1.159815e+06,13.963772,87790.0,11.382714,7.5693107,81769.0,11.311666,7.050176,5327.0,8.580731,0.45929736,False,False,1,2.312553476114742,-0.025479883404832388,-0.12130674328466859,2.286516103744507,-0.008555939197540283,0.2564420049840754,-0.21702908271521182,0.0,Astrocyte,(none),-0.2456862817025543
115A5_S225,Cortex,115,2C,AST2,1666,7.418780882750794,1.776006e+06,14.389878,51445.0,10.848288,2.8966682,71282.0,11.174413,4.0136123,7661.0,8.944028,0.43136114,False,False,1,1.7236405076876364,-0.07860260512960617,-0.04928645100256409,-1.2005737495422364,-0.07834393978118896,-0.08361920684275001,-0.6398456935307488,-0.08480953216552735,Astrocyte,Astrocyte,-0.525623717172715
115A6_S233,Cortex,115,2C,AST3,2692,7.898411092811599,2.256859e+06,14.629485,88398.0,11.389616,3.9168596,47054.0,10.759072,2.084933,11433.0,9.344347,0.506589,False,False,4,3.3250908994935244,-0.23310635077893435,2.715043624844214,1.0234805464744567,-0.17576938152313232,-0.2189172903696696,-0.818815849833752,0.0,Astrocyte,Astrocyte,1.5868375211991432
115A7_S241,Cortex,115,2C,AST1,2102,7.6511201757027,2.02035e+06,14.518782,77877.0,11.262898,3.854629,88254.0,11.387985,4.368253,6859.0,8.833463,0.33949563,False,False,3,2.6689719710845115,-0.0350692739438771,-0.2672880869923216,0.07760185956954957,-0.1791093122959137,-0.10749070451717184,-0.8574182969241885,-0.10450777053833007,Astrocyte,Astrocyte,-0.5566131925344069
115A8_S249,Cortex,115,2C,AST2,2820,7.944846711001996,2.072239e+06,14.544141,49791.0,10.81561,2.4027634,61335.0,11.024122,2.959842,7090.0,8.866582,0.342142,False,False,2,3.139055752363361,-0.08648128964793143,-0.40418517709982515,1.9308728003501892,-0.12406790971755982,-0.13222030136320326,-0.6126418949371606,0.0,Astrocyte,Astrocyte,-0.011653352808673745
115B10_S266,Cortex,115,2C,AST2,2240,7.714677473800927,2.524526e+06,14.741565,105615.0,11.567565,4.1835575,78673.0,11.273068,3.1163476,7791.0,8.960853,0.30861238,False,False,1,1.4073317985717066,-0.10694828015476016,-0.217684063947562,-0.04147473156452186,-0.05305001258850098,-0.18032427990075314,0.16998273313944068,0.0,Astrocyte,Astrocyte,-0.41147824310898184
115B11_S274,Cortex,115,2C,AST2,1808,7.500529485395295,1.932483e+06,14.474317,60381.0,11.008447,3.1245296,77145.0,11.253455,3.9920144,6124.0,8.720134,0.31689802,False,False,1,3.862721346115153,-0.08060731660181554,3.3056515671990137,1.9782064771652221,-0.07506287097930908,-0.2906120184696082,-0.8798180201544834,0.0,Astrocyte,Astrocyte,-0.6083393481020537
115B12_S282,Cortex,115,2C,AST2,1992,7.597396320212795,2.566046e+06,14.757877,61131.0,11.020791,2.3823035,95059.0,11.462263,3.704493,13686.0,9.524201,0.53334975,False,False,1,3.763483231184913,-0.06708470600933286,0.32370375623606673,-0.8122821831703186,-0.07517082691192627,-0.07416622566454338,-0.7027785412630244,-0.015589951276779175,Astrocyte,Astrocyte,-0.5859078168869019
115B1_S194,Cortex,115,2C,AST3,2361,7.767263996757308,1.625447e+06,14.301294,93046.0,11.44086,5.7243333,37416.0,10.529881,2.30189,5560.0,8.623533,0.34205976,False,False,1,3.2124404555461448,-0.025998587584375735,-0.14732788427911622,2.102996680736542,-0.20077238082885743,0.09274686707390678,0.3406371740839589,0.0,Astrocyte,Astrocyte,-0.5429041316244558
115B3_S210,Cortex,115,2C,AST3,2412,7.7886260656250315,1.795852e+06,14.4009905,45616.0,10.728036,2.5400755,60537.0,11.011026,3.3709347,6415.0,8.76655,0.35721207,False,False,3,4.040034038772999,-0.1362061003344742,0.17395332846978698,0.46792214035987856,0.7052163696289062,-0.22296495269043276,-0.7356528608343709,-0.019729773998260498,Astrocyte,Astrocyte,-0.6106589971878293
115B4_S218,Cortex,115,2C,AST2,3095,8.037866234709618,2.050049e+06,14.533375,119231.0,11.688827,5.8160076,56198.0,10.936654,2.7413003,9986.0,9.20904,0.4871103,False,False,1,3.110113097018883,-0.09697575605095331,-0.25293531803169633,1.9235516285896301,-0.14239335536956788,-0.2139360663866756,-0.5969590835235825,0.0,Astrocyte,Astrocyte,-0.2531091864897135
115B5_S226,Cortex,115,2C,Endothelial,2800,7.937731775260109,2.225355e+06,14.615428,39561.0,10.585625,1.7777389,55384.0,10.922064,2.4887714,15818.0,9.668967,0.7108079,False,False,5,-3.5787520760395486,-0.3809566372003987,-0.3167016861414669,2.1715130019187927,-0.37850526690483094,7.463797982292946,5.404741750290645,0.0,Endothelial,Endothelial,5.0637683045734745
115B7_S242,Cortex,115,2C,AST2,1556,7.350516171833998,1.48181e+06,14.2087755,48534.0,10.790041,3.2753189,80308.0,11.293637,5.419588,6433.0,8.769352,0.43413123,False,False,3,2.051491123079602,-0.10551321206979417,-0.2976248860359192,-1.0388605409860612,-0.14418503761291504,-0.02151054505145911,-0.7984811957158036,0.0,Astrocyte,Astrocyte,-0.4663940718854608
115B8_S250,Cortex,115,2C,AST3,2274,7.729735331385051,2.019718e+06,14.518469,68858.0,11.139816,3.4092877,69106.0,11.143412,3.4215667,5636.0,8.637107,0.27904886,False,False,4,3.745527852428415,-0.12483022560426338,-0.2914989379921345,-1.6001980662345887,-0.13470816135406494,-0.13553526907256155,-0.8437715571130341,0.0,Astrocyte,Astrocyte,0.8054619550406436
115B9_S258,Cortex,115,2C,AST2,1949,7.575584651557793,2.094506e+06,14.554829,43550.0,10.681688,2.0792491,101897.0,11.531728,4.864966,6649.0,8.802372,0.31744957,False,False,1,3.8621364962207823,-0.00846660676314004,-0.21253229572315407,-1.5755550241470337,-0.20294531762599946,-0.12992005396370937,-0.6736059563243808,0.0,Astrocyte,Astrocyte,-0.17989414422236416
115C10_S267,Cortex,115,2C,AST2,2138,7.668093709082406,2.005839e+06,14.511574,83198.0,11.328991,4.1477904,74774.0,11.222239,3.7278168,5693.0,8.647168,0.2838214,False,False,1,3.6341948841438922,-0.11119450097108007,1.4156417976124118,2.0760997772216796,-0.2934340113401413,-0.01974006855126583,-0.7531691112710004,0.0,Astrocyte,Astrocyte,-0.7298317152590107
115C11_S275,Cortex,115,2C,AST2,2213,7.7025561132685825,2.260724e+06,14.631196,91045.0,11.41912,4.02725,79830.0,11.287667,3.5311694,13057.0,9.477157,0.57755834,False,False,1,2.2975387039080344,-0.03838421471753911,-0.1008937732137815,-1.3802785289287567,-0.05549545288085937,-0.005172305636935764,-0.829604455574074,0.0,Astrocyte,Astrocyte,-0.7809093693062936
115C12_S283,Cortex,115,2C,AST2,1949,7.575584651557793,2.038008e+06,14.527484,78064.0,11.265297,3.830407,87699.0,11.381678,4.3031726,6509.0,8.781095,0.3193805,False,False,1,2.5784202911814704,-0.16663999024348045,-0.31901922009207984,-1.053359227180481,-0.005583372712135315,-0.1680305828951826,-0.8174019180350567,0.0,Astrocyte,Astrocyte,-0.6928018830057376
115C1_S195,Cortex,115,2C,AST5,1462,7.288244401020124,1.051017e+06,13.86527,9031.0,9.108529,0.859263,81886.0,11.313095,7.7911205,5908.0,8.684232,0.5621222,False,False,1,1.9895115823693619,-0.044104616845672455,1.5392332155295092,-1.0045290195941925,-0.07807361602783203,-0.14120908819063746,-0.8037619351142615,0.0,Astrocyte,Astrocyte,-0.09646992223688677
115C2_S203,Cortex,115,2C,AST3,2751,7.920083199053234,2.331546e+06,14.662043,57684.0,10.962752,2.4740667,47063.0,10.759264,2.018532,8497.0,9.047586,0.3644363,False,False,2,2.44972458107224,-0.08819676583735787,-0.27982837563813334,-1.5189433944225312,1.2225425028800965,-0.07294315039509475,-1.0410686809213916,0.0,Astrocyte,Astrocyte,-0.5024736743538527
115C4_S219,Cortex,115,2C,AST2,2106,7.653020413804189,1.567696e+06,14.265119,49495.0,10.809648,3.157181,59074.0,10.986563,3.768205,5591.0,8.629092,0.356638,False,False,1,2.5416625093241203,-0.14757675441665266,-0.24926284768364645,-1.2302488350868226,-0.10308848261833191,-0.013664652602841157,-0.785471628808496,0.0,Astrocyte,Astrocyte,0.36783265704304624
115C5_S227,Cortex,115,2C,AST3,2863,7.9599745280805365,1.989946e+06,14.503618,77201.0,11.254181,3.8795524,56184.0,10.936405,2.8233933,7898.0,8.974491,0.39689517,False,False,4,2.478843824459556,-0.11019454170112035,-0.36103754452984743,1.5883591759204865,-0.21933445930480958,-0.19469589777667112,-0.8696163988592637,0.0,Astrocyte,Astrocyte,0.6537813237418914
115C6_S235,Cortex,115,2C,AST2,1435,7.269616749608169,1.422432e+06,14.167879,35222.0,10.469455,2.4761817,92737.0,11.437533,6.519609,3976.0,8.288283,0.27952126,False,False,1,2.95498353894291,-0.051032934955616095,-0.04525812165905731,2.5793070209026334,-0.22391578495502473,-0.19643813732898596,-0.5068019739347487,0.0,Astrocyte,Astrocyte,-0.4497228618058219
115C7_S243,Cortex,115,2C,AST3,2218,7.704811922932594,1.996433e+06,14.506873,63238.0,11.054676,3.1675491,60368.0,11.008231,3.023793,6122.0,8.719808,0.30664688,False,False,2,4.2749658213938515,-0.02195086730784507,-0.1029561830289436,-0.8673175227642059,-0.3290333288908005,-0.27941167234170317,0.8857506369825584,-0.011229641437530517,Astrocyte,Astrocyte,-0.38605878742190947
115C8_S251,Cortex,115,2C,AST3,2046,7.624130585661289,1.751555e+06,14.376015,61959.0,11.034245,3.537371,65867.0,11.095408,3.7604873,8577.0,9.056956,0.48967916,False,False,3,4.345900220297725,-0.023841920809530133,-0.11738674327580616,-0.7767262625694275,0.0,-0.20606165462070042,1.0132560712009218,0.0,Astrocyte,Astrocyte,-0.4814580806308676
115C9_S259,Cortex,115,2C,AST3,3137,8.051340933292979,2.458726e+06,14.715155,70060.0,11.157122,2.8494432,53830.0,10.893605,2.1893454,13453.0,9.507031,0.5471533,False,False,2,1.771368787588318,-0.14346953133242812,-0.35496371141587846,1.2466832888126373,-0.199124755859375,-0.18879465864162254,-0.9441267036313388,0.0,Astrocyte,Astrocyte,-0.6947578328081682
115D11_S276,Cortex,115,2C,AST1,1261,7.140453043101158,1.801672e+06,14.404226,61228.0,11.022376,3.3983986,124904.0,11.735309,6.9326715,4013.0,8.297544,0.22273755,False,False,1,3.646432401704007,-0.10665970950869459,-0.11570648111478248,-0.9323031687736512,-0.10942412614822387,-0.1482407625275429,-0.31811238772905054,0.0,Astrocyte,Astrocyte,-0.41674317561326324
115D12_S284,Cortex,115,2C,AST2,2162,7.679251425953058,2.066852e+06,14.541537,86580.0,11.368835,4.188979,74121.0,11.213468,3.5861783,6479.0,8.776476,0.31347188,False,False,1,3.863817779092841,-0.03347357463597053,-0.20115157781225262,2.3698604631423947,-0.05296729683876038,-0.011102317559598672,-0.9232988444404986,-0.11401736259460449,Astrocyte,Astrocyte,-0.3806427469436633
115D1_S196,Cortex,115,2C,AST3,2500,7.824445930877619,1.640015e+06,14.310217,48669.0,10.792818,2.9675949,39888.0,10.593856,2.432173,7449.0,8.915969,0.4542032,False,False,1,2.974770721842031,-0.15706915472021055,0.7773959227282592,-0.47334843397140514,-0.22765036106109618,-0.2500061772086404,-1.0665062480236418,0.0,Astrocyte,Astrocyte,-0.3772172678094078
115D2_S204,Cortex,115,2C,AST2,1736,7.459914766241105,1.345113e+06,14.111989,52364.0,10.8659935,3.8929071,65813.0,11.094588,4.892749,3280.0,8.095903,0.24384567,False,False,3,3.7135157077038876,-0.051310136689612616,-0.17726776515594636,1.3220040661096573,-0.22852877378463746,-0.06786392192647915,0.9227646182679651,0.0,Astrocyte,Astrocyte,-0.5986371283141122
115D3_S212,Cortex,115,2C,AST2,2430,7.796057974316123,1.761294e+06,14.38156,80935.0,11.3014145,4.595201,138464.0,11.838373,7.8614926,4933.0,8.503905,0.28007817,False,False,1,3.6964851943521557,-0.1762189847141055,1.366118771861298,0.7216227066516876,-0.006411908864974975,-0.06571309735076596,0.2903122794089006,0.0,Astrocyte,Astrocyte,-0.8294311146903317
115D4_S220,Cortex,115,2C,AST1,1754,7.470224135899966,1.121766e+06,13.930416,30731.0,10.333059,2.7395196,63092.0,11.052365,5.6243463,4282.0,8.362409,0.38171953,False,False,1,2.8941220338227316,-0.1429232604539574,-0.15408369868692726,-1.2252515816688538,-0.25708200931549074,-0.17554412466106992,1.1046611645712925,0.0,Astrocyte,Astrocyte,-0.5053135437240983
115D5_S228,Cortex,115,2C,AST2,2257,7.722234744709607,1.654602e+06,14.319072,77411.0,11.256897,4.678527,78182.0,11.266808,4.7251244,8579.0,9.057189,0.51849324,False,False,3,3.1846501058568073,-0.10630418307817162,1.6638730198445946,2.406724967956543,-0.27363694667816163,0.016996932752204652,0.04973656208670918,-0.013103528022766113,Astrocyte,Astrocyte,-0.546842424792917
115D6_S236,Cortex,115,2C,Mural,1480,7.300472814267799,1.220519e+06,14.014788,21402.0,9.971287,1.7535163,69119.0,11.1435995,5.6630826,5500.0,8.612685,0.45062798,False,False,0,-3.4493362551829856,-0.14969659570473523,-0.3047012391716543,-0.6111275148391724,-0.13901159524917603,-0.14559975778213655,6.059171584383327,-0.032758541107177734,Mural,Mural,-0.5393291765540987
115D7_S244,Cortex,115,2C,AST2,2473,7.813591552952433,1.735566e+06,14.366845,67003.0,11.112508,3.860585,71833.0,11.182114,4.1388803,6638.0,8.800716,0.3824689,False,False,1,3.7154842540214625,-0.08159298992636216,-0.216275648938285,2.238967584967613,1.3387744951248168,-0.1449014688983108,-0.8215363843357144,0.0,Astrocyte,Astrocyte,-0.0004856982991372494
115E10_S269,Cortex,115,2C,AST3,2843,7.952966790923131,2.811941e+06,14.849386,65176.0,11.084862,2.3178296,77640.0,11.2598505,2.7610822,11295.0,9.332204,0.40167984,False,False,2,2.9181360612150096,-0.13949660679802822,-0.4766146558703798,1.3398508170247079,-0.3293021002411842,-0.2786766365923063,-1.2695821911545855,0.0,Astrocyte,Astrocyte,0.455792281484365
115E11_S277,Cortex,115,2C,AST3,2230,7.7102051944325325,2.624449e+06,14.780382,72638.0,11.193257,2.7677429,66900.0,11.11097,2.5491064,9398.0,9.148358,0.35809422,False,False,2,3.285903082193572,-0.1784707963766165,-0.09933156497550732,-1.023442992568016,-0.017163121700286867,-0.3848890210642959,-1.1436837057971476,0.0,Astrocyte,Astrocyte,0.9524333729767839
115E12_S285,Cortex,115,2C,AST2,2022,7.612336837167746,2.137942e+06,14.575355,111688.0,11.623473,5.224089,122509.0,11.715948,5.7302303,6600.0,8.794976,0.3087081,False,False,1,2.426009888206024,-0.06451401009631516,-0.25681087464997265,2.2112208569049834,-0.15841277301311493,0.18391207552919484,-0.6152438099060825,0.0,Astrocyte,Astrocyte,-0.529182372586755
115E1_S197,Cortex,115,2C,AST1,1262,7.141245122350491,1.322578e+06,14.095095,70903.0,11.169082,5.360969,51695.0,10.853136,3.9086542,847.0,6.742881,0.06404159,False,False,2,3.272888782897282,-0.06239553851697912,0.172188026736481,-0.46292410016059876,-0.20426292181015016,-0.03321256902482775,-0.5006947104056277,0.0,Astrocyte,Astrocyte,-0.4139947081249027
115E2_S205,Cortex,115,2C,AST2,1899,7.549609165154532,1.86057e+06,14.436394,75915.0,11.237383,4.080201,66394.0,11.103377,3.5684764,4614.0,8.437067,0.24798852,False,False,1,3.8949962235539335,-0.033300907767597754,-0.19003278859938033,-0.9434915232658386,-0.1809255886077881,-0.18627383492209695,-0.7258563092605552,-0.011900577545166015,Astrocyte,Astrocyte,-0.5375524525451342
115E3_S213,Cortex,115,2C,AST2,2059,7.630461261783627,1.656108e+06,14.319982,97421.0,11.486808,5.882527,80438.0,11.295255,4.8570504,7266.0,8.891099,0.4387395,False,False,1,2.1607057338203886,-0.121545898854433,0.14309302393836204,0.3726942211389541,-0.2018063998222351,-0.16186352149404662,-0.846844064230895,0.0,Astrocyte,Astrocyte,-0.5836572786404414
115E4_S221,Cortex,115,2C,AST2,2236,7.71289096149013,1.829627e+06,14.419623,46329.0,10.743545,2.5321555,70412.0,11.162133,3.8484347,5764.0,8.65956,0.3150369,False,False,1,2.7691362868241267,-0.11376287859288892,-0.36920999216310907,-1.3711409682035447,-0.12312046051025391,-0.14452845279616539,-0.03557772282978999,0.0,Astrocyte,Astrocyte,-0.36956393435124757
115E5_S229,Cortex,115,2C,Mural,1876,7.537430036586509,1.804049e+06,14.405544,34616.0,10.4521,1.918795,137252.0,11.829581,7.6079974,19935.0,9.900283,1.1050143,False,False,0,-3.234439910435286,-0.17588686164300046,-0.3445399253055303,3.085231441259384,-0.16380881786346435,4.12032506682656,6.260267865717711,-0.14161625862121582,Mural,Mural,-0.1250230514744486
115E7_S245,Cortex,115,2C,AST3,2425,7.793999089503996,2.29596e+06,14.646662,42530.0,10.657989,1.8523842,63821.0,11.063853,2.7797086,10432.0,9.252729,0.45436332,False,False,2,3.213909064485728,-0.13460723598997795,-0.24642927598471592,1.1087947070598603,-0.21325997352600098,-0.09641884432898629,-0.872505017860451,-0.038428409099578856,Astrocyte,Astrocyte,-0.06309906015163269
115E9_S261,Cortex,115,2C,AST2,2221,7.706162970199576,2.057291e+06,14.536901,72866.0,11.196391,3.541842,88716.0,11.393207,4.3122725,7956.0,8.981808,0.38672215,False,False,1,2.328592798097537,-0.1265240242732829,-0.1935978742560955,2.287062417268753,-0.061017739772796634,-0.24571692522126015,-0.9370156364824305,-0.10920403480529785,Astrocyte,Astrocyte,-0.4589899783092668
115F10_S270,Cortex,115,2C,AST3,2882,7.9665866976384025,2.665174e+06,14.79578,81959.0,11.313987,3.0751836,54227.0,10.900952,2.0346515,11183.0,9.32224,0.4195974,False,False,1,2.4566991099568662,-0.14722195162845017,-0.29238811285808836,-1.9443370962142945,-0.43574627965688706,-0.09874000784122583,-0.8601775341597034,0.0,Astrocyte,Astrocyte,-0.7767862228051648
115F11_S278,Cortex,115,2C,AST3,2440,7.80016307039296,2.757241e+06,14.8297415,52967.0,10.877443,1.9210145,163377.0,12.003822,5.9253798,9498.0,9.158942,0.34447476,False,False,1,3.104880203314818,-0.048012983259843225,-0.042436622459479045,0.3395551186800003,-0.22593000233173371,-0.2455239590972361,-1.174542770613378,0.0,Astrocyte,Astrocyte,-0.686334407986305
115F1_S198,Cortex,115,2C,AST2,2226,7.708410667257367,1.968832e+06,14.492951,80659.0,11.297998,4.0967946,69059.0,11.142731,3.5076127,6363.0,8.758412,0.32318655,False,False,1,2.6367264810155646,-0.15268960729915293,-0.13922235700819227,-1.3161202096939086,-0.2703689217567444,-0.06973877820101651,-1.036349364860573,0.0,Astrocyte,Astrocyte,-0.3462614586486641
115F2_S206,Cortex,115,2C,AST2,2178,7.68662133494462,1.830069e+06,14.419865,80054.0,11.290469,4.3743706,71163.0,11.172743,3.888542,8463.0,9.043577,0.46244156,False,False,1,2.124779079781204,-0.057927565958032654,-0.15244121683968437,2.5259623461961747,-0.020662818551063538,-0.1851045230422357,0.9007247048406745,0.0,Astrocyte,Astrocyte,-0.1299778090195982
115F3_S214,Cortex,115,2C,AST3,2077,7.639161171659173,2.144228e+06,14.578291,81799.0,11.312033,3.8148463,70544.0,11.164006,3.2899487,8702.0,9.071424,0.40583372,False,False,1,2.26909640773398,-0.08698643392054879,-0.11657528503976687,-0.9666561472415924,-0.04262395262718201,-0.05768081455519705,0.3213239824352552,0.0,Astrocyte,Astrocyte,-0.701759741680451
115F4_S222,Cortex,115,2C,AST3,2749,7.919356190660617,2.308117e+06,14.651943,91344.0,11.422399,3.957512,54657.0,10.908851,2.3680341,9606.0,9.170247,0.4161834,False,False,1,3.1161783236623455,-0.12002166281992467,-0.20601066796466558,-1.2987710654735565,-0.11485548973083497,0.14018269741173944,-1.1497743689834172,-0.06403122544288635,Astrocyte,Astrocyte,-0.44822207978850415
115F5_S230,Cortex,115,2C,AST2,2672,7.890956716138919,2.509327e+06,14.735525,98707.0,11.499922,3.9336045,95659.0,11.468555,3.8121376,6804.0,8.825413,0.27114838,False,False,1,3.2088502085274024,-0.08461498315609879,-0.3340294331011146,1.8624924731254577,-0.06207295179367065,-0.21405831972757974,-1.2330523064388104,0.0,Astrocyte,Astrocyte,-0.8373200640654525
115F6_S238,Cortex,115,2C,AST2,2270,7.7279755421055585,2.00036e+06,14.508839,74304.0,11.215934,3.7145312,61213.0,11.022131,3.0600991,8023.0,8.990192,0.4010778,False,False,1,3.0641063419196124,-0.11085569738742694,-0.21771808224495012,2.6416634452342986,-0.20100203037261963,-0.08688287060670179,-1.0075254152767623,0.0,Astrocyte,Astrocyte,-0.8156874229593548
115F7_S246,Cortex,115,2C,AST3,2319,7.749322464660356,2.089561e+06,14.552465,65196.0,11.085169,3.1200812,62824.0,11.048108,3.0065644,5525.0,8.61722,0.2644096,False,False,1,2.8535453191871847,-0.09214134851292749,-0.304356053622082,2.5350675201416015,-0.18737684726715087,-0.09871365205206052,-0.8938885813382402,0.0,Astrocyte,Astrocyte,-0.7149259197294016
115F8_S254,Cortex,115,2C,AST2,2288,7.735870319952567,1.931599e+06,14.473859,70667.0,11.165749,3.6584716,56741.0,10.94627,2.9375145,7588.0,8.934455,0.39283517,False,False,1,3.76608282751073,-0.03642394195249931,-0.2896438560100517,-1.4189245569705964,-0.044413048028945926,-0.12858166718723799,-1.097708109036163,-0.018780076503753663,Astrocyte,Astrocyte,-0.5331748143609657
115F9_S262,Cortex,115,2C,AST2,2110,7.65491704784832,2.392925e+06,14.688027,78740.0,11.273919,3.2905335,83031.0,11.326982,3.4698539,10011.0,9.211539,0.4183583,False,False,1,2.403846163567298,-0.12064370557890465,-0.12135638010622275,2.0964756894111636,-0.09579546689987183,-0.21360739192577324,-0.9135573838823404,0.0,Astrocyte,Astrocyte,-0.17799684574488606
115G2_S207,Cortex,115,2C,AST2,2003,7.602900462204755,1.473424e+06,14.2031,53534.0,10.888091,3.6333058,62307.0,11.039845,4.2287216,7350.0,8.902592,0.49883807,False,False,1,3.590894112821485,0.0,-0.1773909902331805,-1.3267968678474427,-0.07992692351341248,-0.10672805285212969,-0.8978913351519024,-0.014201619625091554,Astrocyte,Astrocyte,-0.30923158258746974
115G3_S215,Cortex,115,2C,AST1,1820,7.507141079727608,1.603531e+06,14.28772,64342.0,11.071983,4.01252,84595.0,11.345642,5.275545,6714.0,8.812099,0.41870096,False,False,1,4.21385646908661,-0.04540699690430608,-0.16243113592417555,-0.860134060382843,-0.20513594031333923,0.13815911731334649,-0.7248904591229692,0.0,Astrocyte,Astrocyte,0.6281172730190328
115G4_S223,Cortex,115,2C,AST2,2099,7.649692623711514,1.726581e+06,14.361654,45586.0,10.727378,2.6402469,56865.0,10.948453,3.293503,5931.0,8.688117,0.34351125,False,False,1,3.9304573464263326,-0.13294207360876265,7.161307890306819,2.2459826374053957,-0.1727667737007141,-0.019025302294528847,-1.1585494516482904,0.0,Astrocyte,Astrocyte,-0.618718613169229
115G5_S231,Cortex,115,2C,AST3,3068,8.029107054619736,2.21729e+06,14.611796,97128.0,11.483795,4.3804827,46973.0,10.75735,2.118487,13417.0,9.504353,0.605108,False,False,1,2.1892366822951477,-0.04721667928312292,-0.21377572447362572,-1.7038482695817947,-0.13014694809913635,-0.1877509512082495,-1.0310825343108057,0.0,Astrocyte,Astrocyte,-0.907694799872193
115G8_S255,Cortex,115,2C,AST3,2473,7.813591552952433,1.984866e+06,14.501062,52031.0,10.859614,2.621386,153255.0,11.939865,7.721176,7973.0,8.983941,0.4016896,False,False,2,3.6464733608433457,-0.03423157349303739,-0.2795390775709441,-1.120699508190155,-0.0739242434501648,-0.13396314900330822,-1.2404944010116348,0.0,Astrocyte,Astrocyte,0.22508007467091584
115G9_S263,Cortex,115,2C,AST5,1311,7.179307969504034,1.479167e+06,14.20699,74800.0,11.222587,5.0569,78141.0,11.266283,5.2827706,11496.0,9.349841,0.7771942,False,False,1,3.1472557919924373,-0.0786338703117179,-0.12288626095261236,-0.3796101915836334,-0.014267979860305787,-0.03592643773916996,0.4924419848763164,0.0,Astrocyte,Astrocyte,0.08546843739204696
115H10_S272,Cortex,115,2C,AST2,1918,7.5595594960077,2.029273e+06,14.523189,147530.0,11.9017935,7.270091,70123.0,11.15802,3.4555726,6786.0,8.822764,0.33440548,False,False,1,2.5588237170964643,-0.09455241869442427,-0.11392499521525219,2.462811369895935,-0.024997262954711913,-0.302953960919621,-0.6789928992189954,-0.12601764678955077,Astrocyte,Astrocyte,-0.6035677477194988
115H11_S280,Cortex,115,2C,AST2,2223,7.707062655370473,2.375128e+06,14.680562,73865.0,11.210008,3.1099377,81328.0,11.306258,3.4241524,8520.0,9.050289,0.3587175,False,False,1,4.579153239401311,-0.12906027319443286,0.9300091107084294,-1.4081524574756623,-0.15859289854764938,-0.06600615472504587,-0.895545736928681,0.0,Astrocyte,Astrocyte,0.3314142403797634
115H1_S200,Cortex,115,2C,AST3,1983,7.592870287844818,1.361791e+06,14.124312,26227.0,10.1745825,1.9259195,114106.0,11.644892,8.379112,6125.0,8.720297,0.44977534,False,False,2,3.2566701036984806,-0.08615565000466965,-0.21782666565191866,2.0733735489845273,-0.09941828966140748,-0.23555507081927676,-0.9450303076499671,0.0,Astrocyte,Astrocyte,-0.26206066363641933
115H2_S208,Cortex,115,2C,AST1,1634,7.399398083331354,1.129918e+06,13.937656,70483.0,11.163141,6.2378864,55620.0,10.926316,4.922481,3936.0,8.278174,0.34834385,False,False,3,3.6824852247707183,-0.15108764111696177,-0.09916901618543297,1.818435953259468,1.7094109457731248,-0.22150589600958007,-0.664133589171884,0.0,Astrocyte,Astrocyte,-0.5052210863723182
115H3_S216,Cortex,115,2C,AST2,1582,7.367077059881012,1.435097e+06,14.1767435,69336.0,11.146734,4.8314505,81570.0,11.309229,5.683936,4186.0,8.33974,0.2916876,False,False,1,3.655319824244807,-0.05768046786437681,-0.1107682820522424,-0.8663432586193085,0.0,-0.024913720410279554,-0.7462380052211895,0.0,Astrocyte,Astrocyte,0.038584846188508604
115H4_S224,Cortex,115,2C,AST1,1416,7.256297239690681,1.108996e+06,13.918966,20086.0,9.907828,1.8111877,74282.0,11.215637,6.6981306,4572.0,8.427925,0.4122648,False,False,3,3.1968615322165146,-0.05305626224632838,-0.16688603945452757,-0.9736662995815277,-0.07625422954559326,-0.08654900030656294,-0.013751026074490968,-0.1724937963485718,Astrocyte,Astrocyte,-0.3364395268497762
115H5_S232,Cortex,115,2C,AST3,2859,7.958576903813898,2.451627e+06,14.712263,59451.0,10.992925,2.424961,59601.0,10.995444,2.4310794,8834.0,9.086476,0.36033216,False,False,2,2.0182989431860667,-0.08469316108741952,-0.3768874165987728,1.8967068541049956,-0.3582901930809021,-0.1352015866173638,-1.1320388700494814,0.0,Astrocyte,Astrocyte,-0.49859282603247934
115H8_S256,Cortex,115,2C,AST5,1194,7.085901464365611,1.074884e+06,13.887724,21771.0,9.98838,2.0254278,78962.0,11.276734,7.346095,5502.0,8.613049,0.5118692,False,False,1,2.924057047875201,-0.013596722229042246,-0.119657945753348,-0.8270925593376159,-0.13215401530265808,-0.07339255496709034,-0.47531725473739395,0.0,Astrocyte,Astrocyte,-0.16720424749218366
115H9_S264,Cortex,115,2C,AST1,2284,7.734121303328305,1.853084e+06,14.432363,132269.0,11.792601,7.137777,77289.0,11.25532,4.1708307,7904.0,8.975251,0.42653218,False,False,2,3.7027766287652524,1.0419361390660156,-0.31924762599395984,-0.8527888160943985,-0.3721159553527832,-0.14657633593588165,-0.8092037085911736,0.0,Astrocyte,Astrocyte,-0.3064827326442642
118A10_S169,Hippocampus,118,2H,AST1,1812,7.502738210754851,859120.0,13.663665,56874.0,10.948611,6.62003,66693.0,11.10787,7.7629433,2478.0,7.8156104,0.28843468,False,False,3,1.8590335520238828,-0.037412056371794275,-0.10994511421280678,2.425089685916901,-0.23630331754684447,-0.13643335091947306,-0.5233388282545847,0.0,Astrocyte,Astrocyte,-0.6145961294588144
118A11_S177,Hippocampus,118,2H,AST1,2551,7.844632644464681,1.301351e+06,14.078915,38339.0,10.554249,2.9460921,68984.0,11.1416445,5.3009524,3983.0,8.290042,0.30606654,False,False,2,3.5202227518206737,-0.0918945577276412,-0.08568505686942977,2.5423068511486053,-0.3103790855407715,-0.13128246923889778,0.020276933758702098,0.0,Astrocyte,Astrocyte,-0.15452640231244752
118A1_S97,Hippocampus,118,2H,AST4,2433,7.797291273547472,1.028932e+06,13.844033,36732.0,10.511431,3.569915,43544.0,10.68155,4.2319613,11351.0,9.33715,1.1031827,False,False,6,1.591269239050443,-0.10550515675664547,-0.3411668274137709,-1.064972496032715,-0.1504323148727417,-0.1493025729150483,-0.8628185921577952,-0.04862112998962402,Astrocyte,Astrocyte,-0.3873354833890281
118A3_S113,Hippocampus,118,2H,AST1,2301,7.741533589281828,997139.0,13.812647,19876.0,9.897319,1.9933028,42945.0,10.667699,4.306822,3774.0,8.2361555,0.37848285,False,False,2,2.2815766337790775,-0.1583184656785361,-0.17766932164779817,-0.9622198098897934,-0.06151263117790222,-0.05540340717392738,-1.0804030460927954,0.0,Astrocyte,Astrocyte,-0.7702386450886926
118A4_S121,Hippocampus,118,2H,AST1,2500,7.824445930877619,1.19421e+06,13.992996,53015.0,10.878349,4.4393363,45021.0,10.714907,3.7699401,5195.0,8.555644,0.43501562,False,False,2,1.6781726313419032,-0.2061437578057524,-0.24503036099250872,-0.896258888244629,-0.15891502499580384,-0.427186652867481,-0.22276458249020226,0.0,Astrocyte,Astrocyte,-0.3866332301213865
118A5_S129,Hippocampus,118,2H,AST1,1763,7.475339236566737,886541.0,13.695084,31984.0,10.373022,3.6077294,69645.0,11.15118,7.8558125,3286.0,8.097731,0.37065405,False,False,2,4.164329515780255,-0.015273037867330426,-0.14988747871283328,-0.7304712104797363,-0.1773066973686218,-0.11025553038626006,-0.8578430755653573,0.0,Astrocyte,Astrocyte,-0.39876076700989904
118A6_S137,Hippocampus,118,2H,AST1,2110,7.65491704784832,883623.0,13.691787,56344.0,10.939249,6.3764753,40224.0,10.602244,4.552168,2573.0,7.8532166,0.29118752,False,False,1,3.9257236764730647,-0.09915689068223962,-0.29634039329760004,-1.284145224094391,-0.010044198036193847,-0.09886343551404549,-0.8173454095370806,-0.1320820617675781,Astrocyte,Astrocyte,0.09364851717160816
118A7_S145,Hippocampus,118,2H,AST1,2250,7.719129840906732,1.070939e+06,13.8840475,48589.0,10.791173,4.5370464,43151.0,10.672484,4.029268,4752.0,8.466532,0.44372278,False,False,2,3.2107523428937785,-0.19255943783563584,-0.1884801225228743,-0.9294132262468338,-0.07136743068695069,-0.11470919546454844,-0.8980410997592025,0.0,Astrocyte,Astrocyte,-0.41836929933256617
118A8_S153,Hippocampus,118,2H,Mural,1879,7.539027055823995,702784.0,13.462807,14898.0,9.60905,2.119855,47899.0,10.776871,6.815608,6824.0,8.828347,0.9709953,False,False,0,-2.7251257570714897,-0.18040297678367576,-0.33228186946926697,2.425283238887787,-0.14912652254104614,-0.4162957921172633,5.338904787547625,0.0,Mural,Mural,2.2324162188028054
118A9_S161,Hippocampus,118,2H,AST3,2417,7.790696031174738,1.075084e+06,13.88791,23852.0,10.079665,2.2186172,63883.0,11.064824,5.9421406,6171.0,8.727778,0.57400167,False,False,1,3.9203635473720366,-0.057059116099947065,-0.19929552800727612,1.8354033958911895,-0.19615655064582824,-0.1085467760008995,-0.9050878981250016,0.0,Astrocyte,Astrocyte,-0.7435875336992521
118B1_S98,Hippocampus,118,2H,AST5,1963,7.582738488914411,1.19983e+06,13.997691,41095.0,10.623666,3.4250684,103772.0,11.549961,8.648891,5440.0,8.601718,0.45339757,False,False,2,2.294691201767635,-0.0246719032076735,-0.3038870529694991,-1.0106555545330047,-0.29025599241256717,-0.14363198689740114,-1.0716123640836783,0.0,Astrocyte,Astrocyte,-0.5211607836721736
118B2_S106,Hippocampus,118,2H,Mural,1832,7.513709247839705,1.151141e+06,13.956265,16207.0,9.69326,1.4079075,92455.0,11.434488,8.031596,9977.0,9.2081375,0.8667053,False,False,0,-2.796571637111935,-0.3922372199782175,1.6023884265109747,3.0568313646316527,-0.24341378211975098,-0.27518830756948454,5.988029473990052,0.0,Mural,Mural,3.2379697518973596
118B5_S130,Hippocampus,118,2H,AST4,3017,8.012349639327795,1.482497e+06,14.209239,53337.0,10.884404,3.5977814,38494.0,10.558284,2.5965652,8754.0,9.07738,0.5904902,False,False,3,3.106640172134984,-0.13149965588171877,-0.2823063369953271,-1.5212339091300964,-0.2442862594127655,-0.17966833620360403,0.16248972332058242,-0.09846880197525025,Astrocyte,Astrocyte,-0.21029441643238866
118B6_S138,Hippocampus,118,2H,AST1,2303,7.742402021815782,1.396869e+06,14.149745,68704.0,11.137577,4.918428,56333.0,10.939054,4.032805,5899.0,8.682708,0.42230162,False,False,2,2.3423636298362025,-0.049949275788350324,-0.15293382273779976,-1.3949993205070497,1.534119336605072,-0.14811471736792362,-0.9454755219981898,-0.06827573299407959,Astrocyte,Astrocyte,-0.5587496654020128
118B7_S146,Hippocampus,118,2H,AST1,2127,7.662937850461535,1.209519e+06,14.005734,50188.0,10.823551,4.149418,52532.0,10.869197,4.343214,3589.0,8.185907,0.29672953,False,False,2,1.9071932513205727,-0.09587954306722286,1.8104915146273797,-0.9831057471036911,-0.11978026032447815,-0.05774736464625657,0.9676337880105829,0.0,Astrocyte,Astrocyte,-0.7125982770537693
118C11_S179,Hippocampus,118,2H,Endothelial,2580,7.855932199718614,1.2152e+06,14.01042,28710.0,10.265036,2.362574,46155.0,10.739782,3.7981403,10073.0,9.217713,0.828917,False,False,5,-3.3822372832584904,-0.32646192497943516,-0.4641105622956247,0.7142025351524353,-0.3516097688674927,8.151386282660745,5.080576695988526,-0.12096857070922852,Endothelial,Endothelial,4.660002058182217
118C3_S115,Hippocampus,118,2H,AST1,2345,7.76046702921342,1.162753e+06,13.966302,25693.0,10.154013,2.2096698,61938.0,11.033905,5.326841,3394.0,8.130059,0.29189348,False,False,2,2.1412226339506972,-0.05667902956056835,-0.1367071590038261,2.5483458626270297,-0.15303259015083312,-0.19576349884572655,-0.9448814475955676,-0.01687260150909424,Astrocyte,Astrocyte,0.9609313272748248
118C4_S123,Hippocampus,118,2H,AST1,1805,7.498869733976931,1.108691e+06,13.918692,35292.0,10.47144,3.1832132,55475.0,10.923706,5.0036488,3692.0,8.214194,0.33300534,False,False,3,4.321187274703563,-0.023884582759147913,-0.26507327231493866,-0.543841599225998,-0.008690861463546752,-0.05167833241549405,-0.7115108613392815,0.0,Astrocyte,Astrocyte,-0.480597665194478
118C6_S139,Hippocampus,118,2H,AST1,3219,8.077136638538454,1.516691e+06,14.232042,74369.0,11.216808,4.903372,30293.0,10.318705,1.9973086,6470.0,8.775086,0.42658657,False,False,2,3.5389159546523796,-0.12245580179607449,-0.3716828196939796,-0.321071548461914,-0.2631457042694092,-0.10739635217069375,-0.04823160590837938,-0.013677968978881835,Astrocyte,Astrocyte,-0.6727687689119668
118C7_S147,Hippocampus,118,2H,AST1,2958,7.99260665240021,1.407801e+06,14.15754,82548.0,11.321147,5.863613,32114.0,10.377078,2.2811463,8351.0,9.030256,0.59319466,False,False,2,3.815294945500587,-0.04508872876814262,1.0747291105564194,-1.7598732155561447,-0.2723224711418152,-0.420173198285729,-1.0929446588808567,-0.039926767349243164,Astrocyte,Astrocyte,-0.9561658113548075
118C8_S155,Hippocampus,118,2H,AST3,2678,7.893198869544609,1.327779e+06,14.099019,43679.0,10.684646,3.2896287,41719.0,10.638736,3.1420138,4707.0,8.457019,0.35450175,False,False,3,2.869884111842171,-0.05733151531698716,2.9839344078844245,2.1603761553764342,-0.28667487382888795,-0.180142256948683,-1.1678014029210537,0.0,Astrocyte,Astrocyte,-0.5045461632771564
118C9_S163,Hippocampus,118,2H,AST1,2213,7.7025561132685825,918555.0,13.730558,60094.0,11.003682,6.542232,32665.0,10.39409,3.556129,6091.0,8.714732,0.66310674,False,False,2,3.689589798776179,-0.04596441744559973,-0.10649978632878776,-1.5044920694828035,-0.019477728605270386,-0.2839396903009126,-0.8500768356586821,0.0,Astrocyte,Astrocyte,-0.7317288730896773
118D10_S172,Hippocampus,118,2H,AST1,2732,7.913155185928068,1.252303e+06,14.040496,55087.0,10.916687,4.3988557,52650.0,10.871441,4.204254,6097.0,8.715716,0.486863,False,False,2,3.1607870062192287,-0.12502915176314924,1.0552996092974538,0.2224804431200027,1.256765810251236,-0.2649945839486941,0.3291218044170783,-0.10061251640319824,Astrocyte,Astrocyte,-0.49651261084465825
118D2_S108,Hippocampus,118,2H,AST4,2849,7.955074273262696,839026.0,13.639998,51603.0,10.851355,6.150346,30042.0,10.310385,3.5805802,10096.0,9.219994,1.2033,False,False,6,0.8139506128967788,-0.04857663832717205,-0.2987438530632944,-1.6437564182281494,-0.250121773481369,-0.24913327380864306,-1.1463094236862719,0.0,Astrocyte,Astrocyte,-0.6536266866430815
118D3_S116,Hippocampus,118,2H,Mural,2655,7.884576510596324,1.172762e+06,13.974874,31649.0,10.3624935,2.698672,36622.0,10.508431,3.1227138,8056.0,8.994297,0.6869254,False,False,0,-1.3484481182254728,-0.21863563935361316,-0.6141299349491043,-1.4476821357011795,-0.3562111896276474,-0.34741308050926284,0.4303725496608408,-0.5412214934825897,Mural,Mural,4.70148964651638
118D4_S124,Hippocampus,118,2H,AST3,2433,7.797291273547472,1.16852e+06,13.97125,28867.0,10.270489,2.4703898,48748.0,10.79444,4.1717725,3011.0,8.01036,0.25767636,False,False,4,3.2925738890965786,-0.10908550053984675,-0.23492712715659478,2.316495789885521,-0.10413237035274506,-0.19153989746113015,-0.9689159063088835,0.0,Astrocyte,Astrocyte,1.2975318867943324
118D5_S132,Hippocampus,118,2H,AST3,2100,7.650168700845001,1.051785e+06,13.866,32896.0,10.401136,3.1276352,63967.0,11.066138,6.081756,3883.0,8.264621,0.3691819,False,False,3,3.6176149483586917,-0.061847977003260474,-0.1925922529865997,2.1006725460290907,-0.11871203780174255,-0.17255680549024333,-0.756553421367952,0.0,Astrocyte,Astrocyte,-0.2647438971248015
118D6_S140,Hippocampus,118,2H,AST1,2290,7.736743682453495,1.006903e+06,13.822391,67393.0,11.118311,6.693097,68265.0,11.131167,6.7797,7377.0,8.906258,0.73264253,False,False,2,3.930816754617326,-0.11935468355015894,-0.221649169921875,-1.3421503496170044,-0.26078647971153257,-0.2383231875872371,-0.20318316604623843,-0.09426633834838867,Astrocyte,Astrocyte,-0.7792115659267954
118D7_S148,Hippocampus,118,2H,AST1,2010,7.606387389772652,1.088349e+06,13.900173,43777.0,10.686887,4.022331,130903.0,11.78222,12.027667,2924.0,7.9810495,0.26866382,False,False,2,2.560088914600227,-0.08369193783956556,0.0409398280610942,-1.1994164323806762,-0.2565157186985016,-0.06251674709898053,0.679213584966995,0.0,Astrocyte,Astrocyte,-0.0940328626605823
118D8_S156,Hippocampus,118,2H,AST1,2562,7.848933726364071,1.251572e+06,14.039912,46432.0,10.745766,3.7098944,43924.0,10.690239,3.5095067,6763.0,8.819369,0.54036045,False,False,2,2.0518491294214636,-0.2521596586883967,-0.361494068244491,1.5081375735998153,0.6606449598073959,-0.12235814874822443,0.8133131673737386,-0.22439764857292174,Astrocyte,Astrocyte,-0.45030273852841884
118D9_S164,Hippocampus,118,2H,AST3,3138,8.051659556841953,1.476378e+06,14.205103,67550.0,11.120638,4.5753865,39602.0,10.58666,2.6823754,6123.0,8.719971,0.41473117,False,False,2,2.7758562695133238,-0.13072321163350015,-0.30788426989256734,1.1116914069652557,-0.35138490200042727,-0.17218727535671657,0.43924059101085566,0.0,Astrocyte,Astrocyte,-0.11231739759345682
118E12_S189,Hippocampus,118,2H,AST1,2503,7.825644732219989,1.545878e+06,14.251103,43108.0,10.671487,2.788577,110979.0,11.6171055,7.179027,5704.0,8.649098,0.36898124,False,False,3,1.7974821022950893,-0.04836844918715894,-0.33160914917184847,2.575970413684845,-0.07869187355041504,-0.16430974006652832,-0.9964872275165577,-0.12935811042785644,Astrocyte,Astrocyte,-0.20321005612661525
118E1_S101,Hippocampus,118,2H,AST1,1776,7.482681828154651,952339.0,13.766678,35277.0,10.471015,3.704248,36350.0,10.500977,3.8169184,3624.0,8.19561,0.38053676,False,False,2,2.687897684795609,-0.046920273771238086,-0.16547311195219405,-0.5745137298107147,-0.17037033557891845,-0.17211722966396448,-0.7682467411510908,0.0,Astrocyte,Astrocyte,0.2575347780783308
118E2_S109,Hippocampus,118,2H,AST1,2284,7.734121303328305,1.143698e+06,13.949779,69889.0,11.154678,6.1107917,47470.0,10.767875,4.1505713,5353.0,8.585599,0.46804315,False,False,3,3.2822310774704144,-0.0763207404457744,-0.1089365951942675,-1.2691644310951233,-0.06911104679107666,-0.1974871014103745,0.3717008188142249,0.0,Astrocyte,Astrocyte,-0.5175091646649006
118E3_S117,Hippocampus,118,2H,AST1,2391,7.779885115070522,1.306188e+06,14.082624,42246.0,10.651289,3.234297,62343.0,11.040422,4.7728963,8054.0,8.994048,0.61660343,False,False,2,2.1239350234550205,-0.1138380840795124,-0.17947507777599372,2.1450540429353717,-0.20083847284317016,-0.2385080884201358,-1.0411361237267154,0.0,Astrocyte,Astrocyte,-0.2918210045025623
118E4_S125,Hippocampus,118,2H,AST3,2348,7.761744984658913,1.39888e+06,14.151183,34335.0,10.44395,2.4544635,47993.0,10.7788315,3.4308162,4151.0,8.331346,0.2967374,False,False,3,3.6041712780467803,-0.056381968996632635,-0.20677882192110775,2.8069559067487715,-0.21324821949005127,-0.16836384029099435,-1.0713940274775329,0.0,Astrocyte,Astrocyte,-0.12675973758076586
118E5_S133,Hippocampus,118,2H,AST1,2144,7.6708948313621175,1.316104e+06,14.090187,37177.0,10.523473,2.824777,63583.0,11.060117,4.831153,4338.0,8.3754,0.32960922,False,False,3,3.381962955649433,-0.08935751447725536,-0.170013197443702,-0.9542316472530366,-0.2573943769931793,-0.16995982268843987,-0.7873854640141205,0.0,Astrocyte,Astrocyte,-0.6823089030230781
118E6_S141,Hippocampus,118,2H,AST1,2542,7.841099765422119,1.545744e+06,14.251017,68344.0,11.132323,4.4214306,59607.0,10.995545,3.8562014,6496.0,8.779096,0.42025068,False,False,2,3.7248422444843854,-0.06518809160395483,-0.1386195065999272,2.7324740236997602,-0.14048054456710815,-0.3808719961330144,-1.0679305749921943,0.0,Astrocyte,Astrocyte,-0.4719052061015656
118E7_S149,Hippocampus,118,2H,Neuronal,2929,7.982757702011113,1.395071e+06,14.148457,12394.0,9.425049,0.88841355,42777.0,10.663779,3.0662956,26432.0,10.182368,1.8946705,False,False,7,-2.940785572177074,3.2383629673689454,-0.26726437006333864,-1.4023459839820862,-0.518920795917511,-0.2703873298384927,-1.2214494488347116,-0.23776759147644044,Neuron,Neuronal,0.21786668673406462
118F1_S102,Hippocampus,118,2H,AST4,2924,7.981049759665957,1.37592e+06,14.134634,46136.0,10.73937,3.3531017,31869.0,10.36942,2.3161957,11434.0,9.344434,0.8310076,False,False,0,-0.5759560618895647,-0.25277403161753365,-0.5152486415222438,-1.6324011427164078,-0.403256174325943,-0.41877340246932676,0.8996181874418977,-0.43467719078063966,Mural,Astrocyte,0.5002520598334342
118F2_S110,Hippocampus,118,2H,AST1,2644,7.8804263442924,1.206429e+06,14.003176,67107.0,11.1140585,5.5624495,52334.0,10.86542,4.3379264,6665.0,8.804775,0.55245686,False,False,2,2.0205974292233995,-0.07975491806490337,1.203700161943532,0.7088449621200561,-0.14149370670318603,-0.05825583140055338,-0.7373404275232823,0.0,Astrocyte,Astrocyte,-0.7585689635428045
118F3_S118,Hippocampus,118,2H,AST1,1864,7.5310163320779155,1.360278e+06,14.1232,104243.0,11.554489,7.66336,65615.0,11.091575,4.8236465,6235.0,8.738094,0.4583622,False,False,2,4.147615763659034,-0.03527433279171661,-0.003810335590381815,2.4364471411705018,-0.16061403214931488,-0.06624083025286896,-0.757310467149744,0.0,Astrocyte,Astrocyte,-0.26837667066585247
118F6_S142,Hippocampus,118,2H,Mural,1687,7.431299675155903,1.019533e+06,13.834856,20107.0,9.908873,1.9721774,63131.0,11.052983,6.1921487,4226.0,8.349248,0.4145035,False,False,0,-1.4277895044107907,-0.19445749862709238,0.06402644725761031,-1.570258730649948,-0.2824229097366333,-0.08275978372554586,5.67385958487065,0.0,Mural,Mural,2.530378728060173
118F7_S150,Hippocampus,118,2H,AST1,2274,7.729735331385051,1.423299e+06,14.1684885,40312.0,10.604429,2.832293,50843.0,10.836517,3.5721939,5150.0,8.546947,0.36183542,False,False,2,3.6491372038106453,-0.15954851235576611,-0.23420671682165126,-1.116283145546913,-0.14943071484565734,-0.15584597202262493,0.9652348987421199,0.0,Astrocyte,Astrocyte,-0.02903144039176342
118F8_S158,Hippocampus,118,2H,Endothelial,2867,7.961370201719511,1.373163e+06,14.132628,44032.0,10.692695,3.2066114,71544.0,11.1780815,5.2101607,19232.0,9.864383,1.400562,False,False,5,-2.990032253532462,-0.470939745555571,2.1181912982102595,-1.5408567303419114,-0.5603219330310821,5.597698099685438,1.5316473862633633,-0.07396134853363037,Endothelial,Endothelial,5.77272189573971
118F9_S166,Hippocampus,118,2H,AST1,1683,7.428927194802272,1.191531e+06,13.99075,23376.0,10.059508,1.9618458,74654.0,11.220633,6.2653847,3712.0,8.219596,0.31153196,False,False,3,4.771213136084093,-0.15822225839049373,1.3955101063757231,2.396420817375183,0.0,-0.13194236249634714,0.8824554789605452,0.0,Astrocyte,Astrocyte,-0.4736426808002198
118G10_S175,Hippocampus,118,2H,AST3,2401,7.784057002639929,1.49677e+06,14.218821,49185.0,10.803365,3.286076,61372.0,11.024725,4.100296,3872.0,8.261785,0.2586904,False,False,3,3.6678491739627432,-0.10018609636393025,2.836929843883322,2.273926545381546,-0.057625832557678225,-0.09443827108903365,-0.9839643892930381,0.0,Astrocyte,Astrocyte,0.0381264054217999
118G11_S183,Hippocampus,118,2H,AST3,3015,8.011686729127847,1.550504e+06,14.254091,58313.0,10.973598,3.7609062,57858.0,10.965764,3.7315607,6258.0,8.7417755,0.4036107,False,False,3,2.8083353296655122,-0.10473917986280355,-0.2075340850184662,1.5675450432300568,-0.15768168807029725,-0.14221881736408581,-1.351746093088658,-0.013632522821426392,Astrocyte,Astrocyte,1.1449040788939482
118G1_S103,Hippocampus,118,2H,Neuronal,2211,7.701652362642226,879902.0,13.687567,11968.0,9.390076,1.3601514,59889.0,11.000265,6.806326,15605.0,9.655411,1.773493,False,False,7,-1.9852096809715523,3.5162192948499515,-0.36046645376417374,0.7338241624832154,-0.3164480412006378,-0.4540071583757497,-0.6676989080917896,0.0,Neuron,Neuronal,2.999095245374861
118G3_S119,Hippocampus,118,2H,AST1,2720,7.908754738783246,1.28362e+06,14.065196,59072.0,10.986529,4.601985,78181.0,11.266795,6.090666,6410.0,8.765771,0.49936897,False,False,2,3.4290014342532134,-0.1124314102695216,-0.24173405465453562,-1.6426606094837188,1.306701580286026,-0.12568208304318515,-1.161430275020887,-0.015860673189163208,Astrocyte,Astrocyte,-0.8502691645417767
118G7_S151,Hippocampus,118,2H,AST1,3144,8.05356916913454,1.358356e+06,14.121786,35301.0,10.471695,2.5988033,54801.0,10.911482,4.034362,9265.0,9.134107,0.68207455,False,False,2,3.164603462636144,-0.22639405967003137,1.246079622495054,1.4815433204174042,-0.3638754594326019,-0.3316089962468003,-1.2784616354122833,-0.0850867748260498,Astrocyte,Astrocyte,-0.053951802021374506
118G8_S159,Hippocampus,118,2H,AST1,2247,7.717796211013582,982267.0,13.79762,44245.0,10.69752,4.5043764,43327.0,10.676555,4.4109187,2664.0,7.8879595,0.27120936,False,False,2,3.7303642646862505,-0.07333786164096852,-0.4199313262496332,0.6485429191589356,-0.23879396080970763,-0.133287063752762,0.5823476644017589,-0.059553670883178714,Astrocyte,Astrocyte,-0.649527517285739
118G9_S167,Hippocampus,118,2H,AST3,1949,7.575584651557793,1.076794e+06,13.8895,39974.0,10.596009,3.7123163,45570.0,10.727027,4.232007,3071.0,8.030085,0.28519848,False,False,3,3.3639710692108657,-0.07899667330123672,-0.30783940686119926,2.27258713722229,-0.04737435817718506,-0.2256918844550547,-0.8655011522110982,-0.050214924812316895,Astrocyte,Astrocyte,1.836851199948927
118H10_S176,Hippocampus,118,2H,AST1,1461,7.2875606403097235,855591.0,13.659549,26292.0,10.177058,3.0729637,83679.0,11.334755,9.780257,2737.0,7.914983,0.31989583,False,False,2,3.470822719928346,-0.051529308060305805,-0.1201411738540187,-0.8662604141235352,-0.18444923400878907,-0.12379864490393436,-0.7128173394418841,-0.03130507946014404,Astrocyte,Astrocyte,-0.42242115407634856
118H1_S104,Hippocampus,118,2H,AST4,2304,7.742835955430749,834272.0,13.634316,27255.0,10.213029,3.26692,36359.0,10.5012245,4.358171,6608.0,8.796187,0.79206777,False,False,6,1.312048306230639,-0.15643835307365686,-0.25157671685170646,-1.2138945508003234,-0.19413920283317565,-0.16509420703155825,-0.9935532317089675,0.0,Astrocyte,Astrocyte,-0.4867023353982648
118H2_S112,Hippocampus,118,2H,AST1,2081,7.641084249174914,909066.0,13.720174,33575.0,10.421567,3.6933513,36643.0,10.509005,4.0308404,2886.0,7.967973,0.3174687,False,False,3,3.718353431732928,-0.11755459751915093,-0.1464207497510043,-1.0429101824760436,-0.2808453297615051,-0.17715503711893102,-0.588465081087908,0.0,Astrocyte,Astrocyte,-0.7037435513306938
118H3_S120,Hippocampus,118,2H,AST4,2380,7.7752758464868625,935839.0,13.7492,31143.0,10.346377,3.327816,30602.0,10.328854,3.270007,4010.0,8.296796,0.42849252,False,False,2,0.8720124523496366,-0.12849102906845322,-0.17134954953434492,-1.5581373488903045,-0.17268977165222169,-0.19485899896332712,-0.927510777909552,0.0,Astrocyte,Astrocyte,-0.05380152606207855
118H5_S136,Hippocampus,118,2H,AST2,1472,7.29505641646263,730070.0,13.500897,16149.0,9.689675,2.2119796,53377.0,10.885154,7.311217,1856.0,7.5267177,0.25422218,False,False,1,4.12430009229587,-0.07726578436904218,0.5354256605861163,2.8063194251060484,-0.05820173621177673,-0.10733651753627893,-0.45063650727871074,-0.12723578453063966,Astrocyte,Astrocyte,-0.45357835153506476
118H6_S144,Hippocampus,118,2H,Oligodendrocytic,2658,7.88570539124302,1.120207e+06,13.929025,30917.0,10.339094,2.7599363,56793.0,10.9471855,5.069866,7800.0,8.9620075,0.69629985,False,False,8,-1.304147429804984,-0.21583838558676255,8.910381223216202,2.8109167331457137,-0.1561262321472168,-0.4224286735659898,-1.416540083873212,0.7308642601966858,Oligodendrocyte,Oligodendrocytic,-0.29422493063174626
118H7_S152,Hippocampus,118,2H,AST2,1838,7.516977224604321,885930.0,13.694394,31979.0,10.372866,3.6096532,50437.0,10.8285,5.6931133,2731.0,7.9127893,0.30826363,False,False,3,3.8709107135814387,-0.0313584696707414,-0.05150646452951913,3.306213653087616,-0.047257609367370605,-0.21520440024558943,0.6594855461887379,-0.13905043601989747,Astrocyte,Astrocyte,-0.24303093711800483
118H8_S160,Hippocampus,118,2H,AST2,2414,7.789454566086673,981487.0,13.796825,39073.0,10.573213,3.9810002,78196.0,11.266987,7.967095,2525.0,7.8343925,0.2572627,False,False,3,3.751663850304859,-0.16424509149100913,-0.2193023869485566,-1.3745025277137757,-0.17462148904800415,-0.04605287494081439,-0.8567155809258696,0.0,Astrocyte,Astrocyte,-0.6207500752403661
125A1_S193,Cortex,125,2C,AST2,1835,7.515344571180436,1.172733e+06,13.974849,44362.0,10.700161,3.7827876,57994.0,10.968112,4.945201,2705.0,7.903227,0.2306578,False,False,1,2.9000319529100844,-0.13153439131214392,1.5678701804141806,1.8069321429729461,-0.06427377223968506,-0.08040283906339395,1.2897635183142657,0.0,Astrocyte,Astrocyte,-0.5604259350861054
125A2_S201,Cortex,125,2C,AST3,2397,7.7823903355874595,1.587766e+06,14.27784,43312.0,10.6762085,2.7278578,76093.0,11.239725,4.7924566,4834.0,8.483637,0.30445293,False,False,3,2.05330485854644,-0.04126401163225797,-0.20743681926919957,0.16254256010055546,-0.22073673248291015,-0.12896637964730312,0.52455088061903,-0.09060172080993652,Astrocyte,Astrocyte,-0.6811315380472174
125A3_S209,Cortex,125,2C,AST2,2091,7.645875825184813,1.280951e+06,14.063114,47159.0,10.761301,3.6815617,53459.0,10.886689,4.1733837,4473.0,8.406038,0.3491937,False,False,1,2.128369464248907,-0.1564466336264682,-0.2643974218705688,-0.4903116154670715,-0.10194743812084198,-0.1723337992273196,0.6776293372389061,0.0,Astrocyte,Astrocyte,-0.7558087125445447
125A4_S217,Cortex,125,2C,AST2,2818,7.9441374911141125,1.885177e+06,14.4495325,45943.0,10.735179,2.4370656,41368.0,10.630287,2.194383,7303.0,8.896177,0.38739067,False,False,2,1.49628838457045,-0.0953187870619884,-0.21498553439824267,-1.403392380475998,-0.13830575227737427,-0.14542420343919235,-0.8860803998295387,-0.011655018329620362,Astrocyte,Astrocyte,-0.9325351181730802
125A5_S225,Cortex,125,2C,AST2,2161,7.6787889981991535,1.779705e+06,14.391959,80566.0,11.2968445,4.52693,61267.0,11.023013,3.4425366,5560.0,8.623533,0.3124113,False,False,3,3.366047477461602,-0.1342549971000633,-0.2716435759958595,1.5759160888195038,-0.20443321585655214,-0.13895401087674228,-0.702125135378622,0.0,Astrocyte,Astrocyte,0.20157192003149815
125A6_S233,Cortex,125,2C,AST3,2784,7.932003152361385,1.626796e+06,14.302124,71536.0,11.17797,4.3973556,58713.0,10.980433,3.6091187,7863.0,8.970051,0.48334274,False,False,1,2.68427781524554,-0.09619427506049075,-0.26904925132038615,-1.5929368090629579,-0.24776179552078248,-0.1322071793103459,-1.2104493984624969,0.0,Astrocyte,Astrocyte,-0.09410426846529685
125A8_S249,Cortex,125,2C,AST2,2134,7.666221925662725,1.21453e+06,14.009869,54085.0,10.898331,4.4531627,48790.0,10.795301,4.017192,2939.0,7.986165,0.24198662,False,False,3,3.6273604097262115,-0.03963589967794754,-0.26557713747024536,0.6512648832798005,-0.17622090220451356,0.0,0.5063171368747501,0.0,Astrocyte,Astrocyte,-0.6729109088248124
125A9_S257,Cortex,125,2C,AST2,2976,7.998671361015776,2.037528e+06,14.527248,65579.0,11.091026,3.218557,46334.0,10.743653,2.27403,10729.0,9.280799,0.5265695,False,False,1,2.513372091647705,1.3932891329329218,-0.36773876439441333,-1.9540869295597076,-0.23921468496322632,-0.26672455397519196,-0.8936432225620328,-0.010995789766311645,Astrocyte,Astrocyte,-0.4306644716226995
125B10_S266,Cortex,125,2C,AST2,1942,7.57198844937744,1.900292e+06,14.457519,44142.0,10.695189,2.3229063,147671.0,11.902749,7.7709637,8963.0,9.100972,0.47166437,False,False,1,2.5409945347270027,-0.015418201834712196,-0.1677185038123468,-1.264076623916626,-0.08184374451637268,-0.03571698882363059,-0.3048770206058445,0.0,Astrocyte,Astrocyte,0.5137944898143635
125B11_S274,Cortex,125,2C,AST2,2656,7.884952945759814,1.774419e+06,14.388985,50379.0,10.82735,2.8391829,101904.0,11.531796,5.7429504,11711.0,9.368369,0.65999067,False,False,3,3.0781811514838795,-0.15445177519141728,-0.33985702678410695,2.2178327870368957,-0.3762725877761841,-0.07134441655091565,0.6392647153768107,-0.04548939228057861,Astrocyte,Astrocyte,-0.739935470542844
125B3_S210,Cortex,125,2C,AST2,2389,7.779048644925556,1.478121e+06,14.206283,40879.0,10.618396,2.7656057,73136.0,11.200089,4.947903,6944.0,8.8457775,0.46978566,False,False,1,3.356067212552972,-0.1431516654527367,1.4623934759034052,2.233153028488159,0.08452052593231202,-0.20569252004527083,0.9877309038411433,0.0,Astrocyte,Astrocyte,-0.930441128789682
125B4_S218,Cortex,125,2C,AST1,2101,7.650644551436897,1.487191e+06,14.2124,35207.0,10.469028,2.367349,79251.0,11.280388,5.328905,4863.0,8.489616,0.3269923,False,False,1,3.010161080647036,-0.138593863003218,1.708664814029077,-0.8586691153049469,-0.06907312870025635,-0.2051443090342512,-0.7185562052319397,0.0,Astrocyte,Astrocyte,-0.7393643450060352
125B5_S226,Cortex,125,2C,AST1,1855,7.526178913346146,1.241356e+06,14.031715,38711.0,10.563905,3.1184447,48281.0,10.784814,3.889376,3790.0,8.240385,0.3053113,False,False,3,3.9263182429016616,-0.10181307193621918,-0.27997492780589095,-1.0802853906154632,-0.17122454166412354,-0.12160094579060872,-0.7915461518656668,0.0,Astrocyte,Astrocyte,-0.6580884166074317
125B6_S234,Cortex,125,2C,AST3,2211,7.701652362642226,1.487417e+06,14.212552,28117.0,10.244165,1.8903241,58639.0,10.979173,3.9423375,7644.0,8.941807,0.513911,False,False,1,3.0058848294404035,-0.07564709893423109,-0.19269531122361772,-1.160017420053482,-0.06230877101421356,-0.05680171106800889,0.8188128159872851,0.0,Astrocyte,Astrocyte,-0.34188441009274706
125B7_S242,Cortex,125,2C,AST2,2162,7.679251425953058,1.895149e+06,14.454808,73352.0,11.203039,3.8705137,99682.0,11.50975,5.25985,5274.0,8.570734,0.27828947,False,False,1,3.3735398324460926,-0.07455176983646412,-0.309367288844754,2.425004606842995,-0.3074539357423782,-0.10064899981623948,-0.8845466195638455,0.0,Astrocyte,Astrocyte,-0.7159404029233228
125B8_S250,Cortex,125,2C,AST3,2853,7.956476798036782,1.852039e+06,14.431798,36493.0,10.504903,1.9704229,79213.0,11.279908,4.27707,6892.0,8.838262,0.3721304,False,False,4,3.5000982984819045,-0.1747251683144114,-0.2909264251439258,-1.6495757722854614,-0.34507711172103883,-0.20714198158244895,-1.0639624424915217,0.0,Astrocyte,Astrocyte,1.1535474423673595
125B9_S258,Cortex,125,2C,AST1,1999,7.600902459542082,1.739534e+06,14.369128,68108.0,11.128864,3.9153013,100850.0,11.5213995,5.7975297,6837.0,8.830251,0.39303628,False,False,2,3.9552625886729507,-0.08291039035547917,0.8077007333437601,2.749209344983101,-0.015172792673110962,-0.08018403462689332,-0.9578794519505908,-0.012731014490127564,Astrocyte,Astrocyte,0.7581612474233758
125C10_S267,Cortex,125,2C,AST1,1623,7.392647520721623,1.326701e+06,14.0982065,48176.0,10.782637,3.6312628,91885.0,11.428304,6.9258256,5147.0,8.546364,0.38795477,False,False,1,4.833538016334909,-0.08567359100035088,0.9310006005595429,-1.1865657889842987,-0.16910717964172364,0.0,-0.8302448436842492,-0.03489585399627686,Astrocyte,Astrocyte,-0.09112703884782303
125C12_S283,Cortex,125,2C,AST2,2008,7.605392364814935,1.081753e+06,13.894094,77787.0,11.261743,7.190828,62192.0,11.037998,5.749187,4505.0,8.413165,0.41645366,False,False,1,1.5862378800501586,-0.043775115180854224,-0.14601842682771007,-1.3941814601421356,-0.1419141936302185,-0.17538387606842348,-0.5984669720108186,-0.13279818534851073,Astrocyte,Astrocyte,-0.5787462636903052
125C1_S195,Cortex,125,2C,AST1,1942,7.57198844937744,756722.0,13.536753,28381.0,10.25351,3.7505188,34998.0,10.463075,4.6249485,2887.0,7.9683194,0.38151395,False,False,2,3.9333958853789373,-0.07646523588266804,-0.20408419406775272,1.8393089866638184,-0.2821644651889801,-0.12533942617551244,0.5995982597820723,0.0,Astrocyte,Astrocyte,-0.3714135274514929
125C2_S203,Cortex,125,2C,AST2,2019,7.61085279039525,1.189378e+06,13.988942,22930.0,10.040245,1.9278984,55229.0,10.919262,4.6435194,3082.0,8.033658,0.25912705,False,False,3,2.8323560373379237,-0.054442332617601556,-0.1388705824360703,2.4649076187610626,-0.17464064836502075,-0.10518260435624556,-0.7203241478857683,0.0,Astrocyte,Astrocyte,-0.569588526063451
125C3_S211,Cortex,125,2C,Mural,1530,7.333676395657684,1.037584e+06,13.8524065,16429.0,9.706864,1.58339,92367.0,11.433536,8.9021225,6850.0,8.8321495,0.66018754,False,False,0,-1.9686754547833096,-0.1733476693306736,-0.2826971706717905,3.209176475405693,-0.24033069014549255,-0.258703432299874,3.199140823067133,-0.03941969633102417,Mural,Mural,1.4206464684666298
125C4_S219,Cortex,125,2C,AST2,1925,7.563200592358071,842204.0,13.643779,51872.0,10.856554,6.159078,67373.0,11.118014,7.9996057,4168.0,8.335431,0.49489197,False,False,1,3.5768479128352935,-0.035200192101636725,-0.1280296306417446,-0.8263499188423157,-0.010597207546234132,-0.04846660777775928,-0.7956135165152238,0.0,Astrocyte,Astrocyte,-0.054614200765183085
125C5_S227,Cortex,125,2C,AST2,1860,7.528869256642251,1.124727e+06,13.933052,76614.0,11.246549,6.8117867,56108.0,10.935052,4.9885883,3810.0,8.245646,0.33874887,False,False,1,3.8030292023726506,-0.038870065056498926,-0.15595459335982198,0.8565854120254517,-0.1839868640899658,0.0,-0.6765572126187271,-0.09767603874206543,Astrocyte,Astrocyte,0.23461564211097108
125C7_S243,Cortex,125,2C,AST3,3206,8.073091199693154,1.803647e+06,14.405322,52814.0,10.874551,2.9281783,37912.0,10.54305,2.1019633,5841.0,8.672829,0.32384387,False,False,2,2.960358183240631,-0.11542002220249656,-0.37231298137192775,0.9191046863794328,1.2165406131744385,-0.24823015627234873,0.33222036086135165,0.0,Astrocyte,Astrocyte,-0.2999957187881752
125C8_S251,Cortex,125,2C,AST2,2161,7.6787889981991535,1.437508e+06,14.178422,32526.0,10.389826,2.2626657,64651.0,11.076775,4.4974356,7907.0,8.97563,0.5500491,False,False,1,3.66610784348243,-0.0935349838817539,-0.16534045368734032,1.605097957253456,-0.2991496306657791,-0.23037494011599607,-0.8548395247315642,-0.014479209184646607,Astrocyte,Astrocyte,-0.2263193483245194
125D10_S268,Cortex,125,2C,AST2,1457,7.284820912568604,1.544202e+06,14.250018,46934.0,10.756519,3.039369,104737.0,11.559217,6.7825975,5852.0,8.674709,0.37896597,False,False,1,3.307223132073554,-0.04115428786780966,-0.23973266373981128,-0.5161090463399887,-0.08187633454799652,-0.17423442818901755,-0.5871863988176662,0.0,Astrocyte,Astrocyte,-0.36123458819715726
125D12_S284,Cortex,125,2C,AST3,3217,8.076515327552329,2.349089e+06,14.6695385,44110.0,10.694465,1.8777492,74520.0,11.218836,3.1722937,9067.0,9.112507,0.3859794,False,False,1,3.2773725975080925,-0.10967391295049658,-0.3469612782049661,1.851991844177246,-0.17058773279190065,-0.24956700205802917,-1.165160084190081,-0.10260004043579102,Astrocyte,Astrocyte,-0.6969476602909361
125D1_S196,Cortex,125,2C,AST3,2465,7.81035268372429,1.405353e+06,14.1558,40307.0,10.604305,2.8681052,43839.0,10.688302,3.1194298,5456.0,8.604654,0.38822988,False,False,2,3.3482781524866665,-0.09686648306535117,-0.22527756353821418,1.886970100402832,-0.1555199956893921,-0.20431291816210506,-1.1267532661332558,0.0,Astrocyte,Astrocyte,-0.02886541983818569
125D2_S204,Cortex,125,2C,AST2,1766,7.4770384723196965,1.026028e+06,13.841207,21762.0,9.987967,2.1209948,51088.0,10.841325,4.9792013,3999.0,8.294049,0.38975546,False,False,1,4.123007719959718,-0.07974225462381564,1.746706991484671,-1.447935773730278,-0.1567322015762329,-0.025885432657569346,-0.7780692370692689,-0.0388756513595581,Astrocyte,Astrocyte,-0.13882006796851187
125D3_S212,Cortex,125,2C,AST2,1322,7.187657164114956,1.108672e+06,13.918674,64931.0,11.081096,5.8566465,60472.0,11.009953,5.4544535,6337.0,8.754318,0.57158476,False,False,1,3.2427427876191057,-0.03166268458917512,-0.07721742837115972,2.0687025672197343,-0.04933011829853058,-0.07243983914153744,-0.5329150144179263,-0.14721675872802734,Astrocyte,Astrocyte,-0.36684167683622076
125D5_S228,Cortex,125,2C,AST2,1755,7.470793774195062,739788.0,13.51412,27911.0,10.236812,3.7728376,37401.0,10.529479,5.055638,1574.0,7.3620105,0.21276365,False,False,1,4.104389062344701,-0.11712399080171058,-0.2609573115002025,-1.1885893630981446,-0.06380674839019776,-0.17692368439953737,-0.5973550931892203,0.0,Astrocyte,Astrocyte,-0.26590217587744847
125D7_S244,Cortex,125,2C,AST2,2348,7.761744984658913,1.582726e+06,14.27466,54282.0,10.901966,3.4296525,62868.0,11.048808,3.972134,5314.0,8.578288,0.33574983,False,False,2,3.3904666197104536,-0.16157444158391138,-0.3456613596039589,0.6764628946781159,-0.0870074224472046,-0.17790073336976947,-1.005459873520549,0.9366307544708252,Astrocyte,Astrocyte,-0.6715394081376829
125D9_S260,Cortex,125,2C,AST2,2030,7.616283561580385,1.666031e+06,14.325955,63644.0,11.061076,3.820097,46883.0,10.755432,2.8140533,3931.0,8.276903,0.23595,False,False,1,3.5311073292799993,-0.09276766753076908,-0.17191800685844036,-0.9591803741455078,-0.09367626190185546,-0.102290001782504,-0.7210804906921771,0.0,Astrocyte,Astrocyte,-0.2589452693080265
125E11_S277,Cortex,125,2C,AST2,2386,7.77779262633883,1.934634e+06,14.47543,46109.0,10.738785,2.383345,56248.0,10.937544,2.9074233,6703.0,8.81046,0.3464738,False,False,1,1.620984745807335,-0.042873892652329486,-0.20061020146716724,-1.1957196706533433,-0.12310269236564636,-0.08886297724463722,0.9398348900540989,-0.09721954345703125,Astrocyte,Astrocyte,-0.6573268071637925
125E12_S285,Cortex,125,2C,AST1,1780,7.484930283289661,1.972914e+06,14.495023,44053.0,10.6931715,2.2328901,107500.0,11.585256,5.448793,6467.0,8.774622,0.32778925,False,False,1,4.35741428078198,-0.027314156144108606,-0.11034185898424399,-0.9548134922981262,-0.005780025720596314,-0.07026075233112682,-0.7548764033533221,-0.0318351411819458,Astrocyte,Astrocyte,-0.30921321161999327
125E1_S197,Cortex,125,2C,AST3,2625,7.873217054862741,1.2935e+06,14.072863,31211.0,10.348557,2.4129107,40636.0,10.612434,3.141554,5977.0,8.695842,0.4620796,False,False,1,1.920630831536048,-0.05807236630712921,-0.1823261043038031,1.7777915984392165,-0.13642822921276093,-0.12867908586155286,-1.048044650698427,0.0,Astrocyte,Astrocyte,-0.7737208709294887
125E2_S205,Cortex,125,2C,AST3,2603,7.86480400332846,1.449222e+06,14.186538,34597.0,10.451551,2.387281,38817.0,10.566639,2.6784716,4574.0,8.428362,0.31561762,False,False,1,2.8639246407753776,-0.13211597659480032,-0.22948988670050496,-1.3541157996654511,0.08485617876052856,-0.3328340535212045,0.6726887600505771,-0.03639742851257324,Astrocyte,Astrocyte,-0.4083518906432718
125E3_S213,Cortex,125,2C,AST3,1895,7.547501682814967,1.221997e+06,14.015998,26376.0,10.180247,2.1584342,56677.0,10.945142,4.638064,3407.0,8.133881,0.2788059,False,False,1,3.4865142126552398,-0.1108521241039487,-0.33644857490905605,2.3807273864746095,-0.44772053718566895,-0.1824620095166293,-0.7930274680631244,-0.07007826566696167,Astrocyte,Astrocyte,0.4680078041573399
125E5_S229,Cortex,125,2C,AST3,3107,8.041734711487537,1.482454e+06,14.20921,43533.0,10.681297,2.93655,27033.0,10.20485,1.8235306,5639.0,8.637639,0.3803828,False,False,2,1.6812289256215749,-0.16608177836815916,-0.22241254572314445,-1.7512366837263107,-0.43349934339523316,-0.3163895450457178,-1.4262851063330568,-0.05997986316680908,Astrocyte,Astrocyte,-0.42065349089382886
125E6_S237,Cortex,125,2C,AST2,1970,7.58629630715272,999569.0,13.815081,23580.0,10.068196,2.359017,45185.0,10.718543,4.520448,2778.0,7.9298463,0.2779198,False,False,1,2.8283941133426183,-0.1405998576226546,-0.18987853900350707,2.4533652371168135,-0.05741636574268341,-0.03610966663167934,-0.9274529044951626,-0.0902514934539795,Astrocyte,Astrocyte,-0.6019903583598256
125E7_S245,Cortex,125,2C,AST2,2381,7.775695749915245,1.565802e+06,14.263909,93827.0,11.449219,5.9922647,58082.0,10.969628,3.709409,6546.0,8.786762,0.4180605,False,False,1,2.8535948086306053,-0.14473398456621409,-0.2807609893456854,2.8290947222709653,-0.15230076134204865,-0.1681057870990098,-0.7934023165822628,-0.02153259754180908,Astrocyte,Astrocyte,-0.38133965101783385
125E8_S253,Cortex,125,2C,AST3,1664,7.417580402414544,1.287431e+06,14.06816,38187.0,10.550277,2.9661396,72916.0,11.197077,5.663682,5039.0,8.525162,0.39139962,False,False,1,3.642871289956765,-0.05957077915345005,-0.06266794180629229,-0.8051239967346191,-0.2202448558807373,0.0,-0.7587281447559145,0.0,Astrocyte,Astrocyte,-0.08673915023198708
125E9_S261,Cortex,125,2C,AST2,2094,7.647308832356238,1.509415e+06,14.227234,93336.0,11.443972,6.1835876,58729.0,10.980706,3.8908453,7273.0,8.892061,0.4818423,False,False,3,3.106705975662816,-0.04780914076608629,-0.16853136907924304,3.252287813425064,-0.19211118102073668,-0.1233059216027308,4.363153390548936,-0.013919236660003663,Astrocyte,Astrocyte,-0.21611735035660673
125F10_S270,Cortex,125,2C,AST2,1944,7.573017256052546,1.704543e+06,14.348808,76460.0,11.244536,4.4856596,83688.0,11.334863,4.9097033,6892.0,8.838262,0.40433124,False,False,1,2.5684999693286876,-0.09589140199536654,1.7181111941433915,-0.9243062323331833,-0.06833485901355743,-0.02657171030237217,1.059569960862548,-0.09100604057312012,Astrocyte,Astrocyte,0.13276812404344396
125F11_S278,Cortex,125,2C,AST2,2705,7.903226808730733,2.062701e+06,14.539527,55969.0,10.932571,2.7133842,59815.0,10.999028,2.8998387,8850.0,9.088285,0.42904907,False,False,1,2.8454140242331674,-0.16991853055043435,-0.3287707543132281,1.9485006392002107,-0.0781901252269745,-0.12728944330504446,0.3714421035057336,0.0,Astrocyte,Astrocyte,-0.16667363749123576
125F1_S198,Cortex,125,2C,AST1,1627,7.395107546562485,674143.0,13.421199,28458.0,10.25622,4.2213597,40993.0,10.6211815,6.0807576,3080.0,8.03301,0.45687637,False,False,1,3.6492632282236226,-0.1405872106552124,1.664707393959315,-1.1339460480213166,-0.04832066059112549,-0.0444721934771297,-0.6435328170881799,0.0,Astrocyte,Astrocyte,-0.5863925664373153
125F2_S206,Cortex,125,2C,AST3,2694,7.899153483343097,1.460903e+06,14.194566,37386.0,10.5290785,2.559102,57751.0,10.963913,3.953103,7366.0,8.904766,0.5042087,False,False,1,3.317893744817849,-0.2102138528871776,-0.2674449013941216,-1.3091377305984497,-0.12342805027961731,-0.10932543783476859,-1.2307941134850584,-0.028322279453277588,Astrocyte,Astrocyte,-0.8469503292058267
125F4_S222,Cortex,125,2C,AST2,2061,7.631431664576906,1.337137e+06,14.106042,52667.0,10.871763,3.9387887,54226.0,10.900934,4.0553813,4122.0,8.324336,0.3082706,False,False,1,3.226988269657385,-0.07108059720178346,-0.15136529821338077,-0.8112063759565353,-0.19819494247436523,-0.15893835431397563,-0.7132314701176169,0.0,Astrocyte,Astrocyte,-0.18082233820614313
125F5_S230,Cortex,125,2C,AST3,1884,7.541683099882111,1.56216e+06,14.26158,39412.0,10.581851,2.5229168,103465.0,11.546998,6.623201,3096.0,8.038189,0.19818711,False,False,1,2.857778537468832,-0.05293214980082296,-0.3410978281136715,-1.0204025292396546,-0.05062967538833618,-0.016258971859710387,-0.5796653900913258,0.0,Astrocyte,Astrocyte,1.4493189909322832
125F6_S238,Cortex,125,2C,AST1,1748,7.466799475018602,1.397516e+06,14.1502075,22489.0,10.020826,1.6092124,74563.0,11.219413,5.335395,7972.0,8.983816,0.5704407,False,False,3,2.5617606825515873,-0.0689745383646021,-0.1726792256037394,-1.3037495231628418,-0.011647744178771973,-0.1805864692938448,-0.6925110499463488,0.0,Astrocyte,Astrocyte,-0.5495989965477054
125F7_S246,Cortex,125,2C,AST2,2608,7.866722285136729,1.798589e+06,14.4025135,67159.0,11.114833,3.7339826,56762.0,10.94664,3.1559184,6188.0,8.730529,0.34404746,False,False,1,2.721615394933628,-0.1195390757603861,-0.3674325527566852,-1.1657622188329697,-0.3790046989917755,-0.15216815291029034,-0.9211613700617498,-0.012165831327438354,Astrocyte,Astrocyte,-0.8432250005972007
125F8_S254,Cortex,125,2C,AST2,2260,7.72356247227797,1.516871e+06,14.232161,40698.0,10.613958,2.6830232,77743.0,11.261177,5.1252217,6544.0,8.786457,0.43141443,False,False,1,2.5029712097892345,-0.23082745584411238,-0.1410965853267246,-1.2473678839206697,-0.007001308798789978,-0.16747048346683233,-0.6491433411986385,-0.028005235195159912,Astrocyte,Astrocyte,-0.41130604240452506
125F9_S262,Cortex,125,2C,AST2,3136,8.051022208190679,2.125221e+06,14.5693865,38122.0,10.5485735,1.7937899,41009.0,10.621572,1.9296346,12344.0,9.421006,0.58083373,False,False,1,2.4646894319461348,-0.20813547067306748,-0.613584755647062,1.0398224902153015,-0.16745550990104674,-0.20361900329589844,-1.105588091078715,0.0,Astrocyte,Astrocyte,-1.020175719972644
125G10_S271,Cortex,125,2C,Mural,1220,7.107425474110705,1.331816e+06,14.102055,19837.0,9.895354,1.48947,112694.0,11.632441,8.461679,10358.0,9.245611,0.77773505,False,False,0,-3.2158164509007188,-0.24070694338736223,-0.2712979382938809,-0.7424084734916687,-0.19422322869300843,-0.1907978154192067,6.005944451495032,0.0,Mural,Mural,0.01522766440509754
125G11_S279,Cortex,125,2C,(none),1099,7.003065458786462,1.574076e+06,14.269179,50652.0,10.832754,3.2178879,186448.0,12.135913,11.844917,8383.0,9.0340805,0.5325664,False,False,1,1.39322586007457,-0.10318059298261326,-0.011855722677828086,-0.8845884156227112,-0.1304306197166443,-0.1577523814307319,-0.4478352021931404,-0.014366211891174317,Astrocyte,(none),-0.3044642811028508
125G2_S207,Cortex,125,2C,AST3,2033,7.617759576608505,1.343546e+06,14.110824,40819.0,10.616927,3.0381541,51807.0,10.8553,3.85599,10047.0,9.215129,0.74779725,False,False,3,3.8977021636858673,1.4024724391237575,-0.13248340650038284,-0.9766914188861847,-0.11275265097618103,-0.25072726818046187,-0.8014793186331514,0.0,Astrocyte,Astrocyte,-0.30172248659826484
125G4_S223,Cortex,125,2C,AST2,2309,7.745002803515839,1.290559e+06,14.070587,55417.0,10.92266,4.2940307,36592.0,10.507612,2.8353605,3860.0,8.258681,0.2990952,False,False,1,1.5887695518347735,-0.08454783957208221,-0.1305628629645916,-1.3966518354415893,-0.2018851161003113,-0.16675812066203416,-1.0252715966210293,-0.015430169105529785,Astrocyte,Astrocyte,-0.5376439032849167
125G5_S231,Cortex,125,2C,AST1,2189,7.691656822810547,1.585582e+06,14.276463,47774.0,10.774258,3.0130262,54126.0,10.899089,3.4136362,6990.0,8.852379,0.4408476,False,False,2,4.015584496201062,-0.1357850004081151,-0.1837790102669687,0.30184289574623113,-0.18190828919410706,-0.19787009797915064,-0.9572670250082734,0.0,Astrocyte,Astrocyte,-0.6973368407091832
125G7_S247,Cortex,125,2C,AST3,3147,8.054522609537294,2.024037e+06,14.520605,51159.0,10.842713,2.5275724,44363.0,10.700184,2.1918077,11024.0,9.30792,0.5446541,False,False,2,2.5413202216716417,-0.2023569537167573,-0.3200051254696316,-1.6141072088479995,-0.1416267418861389,-0.2536562079131001,-1.3580823633539019,-0.05774643898010254,Astrocyte,Astrocyte,-0.6551703647002951
125G8_S255,Cortex,125,2C,AST1,2166,7.681099001536359,1.542086e+06,14.248648,33494.0,10.419151,2.171993,53865.0,10.894255,3.4929957,5986.0,8.697346,0.38817552,False,False,3,3.651375326302534,-0.20067363048917683,-0.12399594711534905,-1.6707281732559205,-0.27776235580444336,-0.13243438739969274,-0.40032457826125567,0.0,Astrocyte,Astrocyte,-0.27437698298782265
125G9_S263,Cortex,125,2C,AST2,1509,7.31986492980897,1.441858e+06,14.181444,35798.0,10.485675,2.4827688,107442.0,11.584716,7.4516354,5189.0,8.554489,0.3598829,False,False,1,3.201126705753347,-0.05496498508069982,-0.2226156053519008,-0.4851864433288574,-0.15379457890987397,-0.1599493231436219,1.3695466737801105,0.0,Astrocyte,Astrocyte,-0.5571028988230009
125H10_S272,Cortex,125,2C,AST2,3095,8.037866234709618,1.947119e+06,14.481862,47849.0,10.775826,2.4574256,55966.0,10.932518,2.8742979,9153.0,9.121946,0.47007912,False,False,2,2.0408377243521425,-0.09764204252904383,0.6988575630115741,1.4852612382173538,-0.22751220166683198,-0.2027900532038525,-1.0122109103442436,0.0,Astrocyte,Astrocyte,-1.0207812215927645
125H11_S280,Cortex,125,2C,Mural,1873,7.535830462798367,1.643627e+06,14.312417,18102.0,9.803833,1.1013447,109002.0,11.599131,6.631797,8394.0,9.035392,0.5106998,False,False,0,-2.470874119977482,-0.38550821740423613,-0.42273931069807574,2.769078936576843,-0.14891749143600463,-0.12149805372411554,5.922968183929597,-0.19514100551605223,Mural,Mural,3.8157752170686132
125H1_S200,Cortex,125,2C,AST3,2603,7.86480400332846,1.142891e+06,13.949073,26703.0,10.192569,2.3364432,53968.0,10.896165,4.72206,4475.0,8.406486,0.39155093,False,False,4,3.2579541701436687,-0.06448500719501744,-0.33655493367802014,-1.390338032245636,-0.16499379992485047,-0.1685982412762112,-1.0030315479441503,-0.062228612899780274,Astrocyte,Astrocyte,2.076587521174117
125H2_S208,Cortex,125,2C,AST2,1839,7.517520850603031,1.164182e+06,13.96753,50474.0,10.829233,4.335576,56678.0,10.945159,4.8684826,5311.0,8.5777235,0.45620018,False,False,1,3.1437427313601383,-0.0352595870818325,-0.22005302376217312,-0.8426879692077637,-0.04365675449371338,-0.14400354539505159,-0.7133616448646813,0.0,Astrocyte,Astrocyte,0.14426502242112205
125H3_S216,Cortex,125,2C,AST2,2330,7.754052639035757,1.178533e+06,13.979782,32476.0,10.388288,2.7556293,46776.0,10.753147,3.9690022,8114.0,9.00147,0.68848306,False,False,3,2.871529317293011,-0.1520064092760709,-0.2740356500702675,-1.3616766452789306,-0.0803894829750061,-0.281751204018641,-1.1231970619316676,0.0,Astrocyte,Astrocyte,0.15506126675661502
125H4_S224,Cortex,125,2C,AST3,2520,7.83241092718792,1.383799e+06,14.140344,81640.0,11.310087,5.899701,41874.0,10.642445,3.0260177,6423.0,8.7677965,0.46415702,False,False,2,3.6906570459975567,-0.16915928808288958,-0.21791448255982063,-1.3244711315631867,-0.19435402572155,-0.07217432152141225,-0.8363012327021689,0.0,Astrocyte,Astrocyte,-0.2904633167689551
125H5_S232,Cortex,125,2C,AST5,1353,7.21081845347222,1.199492e+06,13.99741,95770.0,11.469715,7.9842134,69673.0,11.151583,5.8085423,7932.0,8.978786,0.66128,False,False,1,2.549166552356032,-0.04507728617394989,-0.14495798674496738,2.164911787509918,-0.04596167087554932,-0.03511572967876087,-0.5422424311613917,0.0,Astrocyte,Astrocyte,-0.3557868151115456
125H6_S240,Cortex,125,2C,AST2,1613,7.3864708488298945,935943.0,13.7493105,30965.0,10.340645,3.308428,62571.0,11.044073,6.6853433,3053.0,8.024207,0.3261951,False,False,1,4.249631325403849,-0.13684847187157254,-0.15631745981447626,0.769264999628067,-0.11375761032104492,-0.22178791508530127,0.7664268100681018,0.0,Astrocyte,Astrocyte,-0.5569141141958348
125H7_S248,Cortex,125,2C,AST3,2751,7.920083199053234,827414.0,13.626061,33690.0,10.424986,4.071722,21315.0,9.967214,2.5760987,3430.0,8.140607,0.41454458,False,False,4,3.1727130009176943,-0.059030138667504395,-0.22207972377237647,-1.812921781539917,-0.22121548175811767,-0.1685282172578754,0.35453523463340253,0.0,Astrocyte,Astrocyte,1.3725913008286281
125H8_S256,Cortex,125,2C,AST2,1678,7.425953657077541,1.061269e+06,13.874977,42924.0,10.66721,4.044592,75786.0,11.2356825,7.1410737,2166.0,7.681099,0.20409529,False,False,3,2.2228943272366557,-0.052891197516091504,0.7603690491782295,-0.6898850727081299,0.0,-0.181211738875418,-0.43202326884820835,-0.14030362248420716,Astrocyte,Astrocyte,-0.6026673107991035
128A11_S177,Hippocampus,128,2H,AST1,1582,7.367077059881012,848310.0,13.651003,50606.0,10.831845,5.965508,64180.0,11.069463,7.5656304,1537.0,7.3382382,0.18118377,False,False,3,2.8158737362408246,-0.060685418958040936,-0.10521147949527009,-0.6650485563278198,0.5699334812164307,-0.13049963748816287,-0.6134295727140341,0.0,Astrocyte,Astrocyte,-0.034549907471779384
128A2_S105,Hippocampus,128,2H,Microglial,1600,7.3783837129967145,1.037696e+06,13.852514,21205.0,9.96204,2.0434694,59080.0,10.986665,5.6933823,5780.0,8.662332,0.5570032,False,False,9,-0.8068277265856174,-0.36176226486512764,-0.5023762126161595,-0.9420023357868195,9.001547480821609,-0.02160383474947226,-0.8560055662040136,0.0,Microglia/macrophage,Microglial,2.551517027161257
128A3_S113,Hippocampus,128,2H,Oligodendrocytic,2924,7.981049759665957,1.584655e+06,14.275878,54741.0,10.910386,3.4544427,32714.0,10.395589,2.0644243,9712.0,9.18122,0.61287785,False,False,8,-1.407848116967196,0.5985963760907926,8.979281540771927,2.635816199183464,-0.3980422115325928,-0.3234640426105923,-1.201905630940768,-0.1474396514892578,Oligodendrocyte,Oligodendrocytic,-0.0772571203630038
128A5_S129,Hippocampus,128,2H,AST1,1939,7.570443252057374,1.137568e+06,13.944405,50721.0,10.834115,4.4587226,75933.0,11.237619,6.6750298,3855.0,8.257385,0.33888084,False,False,3,2.764920207646375,-0.22688044495319,-0.05548442012131816,-0.8310848474502563,-0.15924958467483522,-0.13399228423532814,-0.7722924791987816,-0.04448125839233399,Astrocyte,Astrocyte,-0.3135376126817948
128A6_S137,Hippocampus,128,2H,Neuronal,2842,7.952615111651,1.530538e+06,14.241131,14731.0,9.597777,0.9624721,61327.0,11.023992,4.0068917,22948.0,10.04103,1.4993421,False,False,7,-2.2784799477441715,5.299198030826434,-0.43878223318042175,-0.9474368584156037,-0.5211166334152222,1.1786206912512731,-1.0731461653158294,-0.04392033576965332,Neuron,Neuronal,-0.11526799076337846
128A7_S145,Hippocampus,128,2H,AST1,1572,7.360739903058278,1.036955e+06,13.8518,66607.0,11.10658,6.423326,51917.0,10.857421,5.006678,3657.0,8.204672,0.35266718,False,False,2,2.86906689894004,-0.10266328097587854,-0.14361803820638946,-0.9374886333942414,1.6105676078796387,-0.026308912219423237,-0.547109849488915,0.0,Astrocyte,Astrocyte,-0.21536176976357557
128B10_S170,Hippocampus,128,2H,AST4,2709,7.904703913873747,1.693109e+06,14.342077,52916.0,10.87648,3.1253748,61058.0,11.019596,3.606265,13534.0,9.513034,0.7993579,False,False,6,1.6560853635027106,-0.2138324203203671,-0.3301184285770763,-1.4316291010379791,-0.15762168407440186,-0.29816614136551367,-1.345665977228826,0.0,Astrocyte,Astrocyte,1.3948306134825756
128B12_S186,Hippocampus,128,2H,AST1,2027,7.614805364711073,1.782191e+06,14.393354,47152.0,10.761153,2.6457322,79254.0,11.280426,4.446998,2828.0,7.9476786,0.15868108,False,False,3,3.729554773028431,-0.07444115739371908,-0.19867992100089488,0.522055183649063,-0.27251094579696655,-0.1309111142399335,-0.6787772909480723,-0.012376933097839356,Astrocyte,Astrocyte,-0.23915705711694313
128B1_S98,Hippocampus,128,2H,AST3,1846,7.52131798019924,1.23525e+06,14.026785,36178.0,10.496234,2.9287999,35027.0,10.463903,2.8356204,3095.0,8.037867,0.2505566,False,False,1,4.230733962658325,-0.047656373162964484,-0.18566498973152853,1.6394471800327302,-0.10325723052024842,-0.15862038641264944,-0.7708670410079572,0.0,Astrocyte,Astrocyte,0.2456026448928852
128B2_S106,Hippocampus,128,2H,AST1,2174,7.684783943522785,949160.0,13.763333,48508.0,10.789505,5.110624,49692.0,10.81362,5.2353663,3490.0,8.157944,0.36769354,False,False,2,3.8282112502009493,-0.20308835362669211,-0.3154273397392697,0.8611496585607528,-0.04932653367519379,-0.2189114810240389,-0.9209244679566004,0.0,Astrocyte,Astrocyte,-0.5383971707152205
128B3_S114,Hippocampus,128,2H,AST3,2096,7.64826303090192,1.339343e+06,14.107691,26606.0,10.18893,1.9864963,38229.0,10.551375,2.85431,3197.0,8.070281,0.23869912,False,False,3,4.176964190488305,-0.08825945973995343,-0.1352577269679368,1.8536370611190796,-0.0727346134185791,-0.2945939844304865,-0.8936700832903685,0.0,Astrocyte,Astrocyte,-0.6529967991855984
128B5_S130,Hippocampus,128,2H,AST2,1786,7.488293515159428,1.100479e+06,13.911257,18493.0,9.825202,1.6804502,47136.0,10.760814,4.283226,2786.0,7.932721,0.25316247,False,False,2,2.644271682194674,-0.10733983235143536,-0.28842809555506466,2.7528705662488937,-0.17115202844142913,-0.04654437243336379,-0.42961848291320415,0.0,Astrocyte,Astrocyte,0.201977847514049
128B6_S138,Hippocampus,128,2H,AST1,2865,7.960672608388117,1.820571e+06,14.414661,59519.0,10.994068,3.2692492,45597.0,10.727619,2.504544,9125.0,9.118883,0.5012164,False,False,2,2.5138982983886216,1.5464373012283938,-0.19489340228263777,2.086439981460571,-0.22593954920768738,-0.1865561321528271,-1.3344969360073606,0.0,Astrocyte,Astrocyte,-0.8366440783358974
128B7_S146,Hippocampus,128,2H,Mural,1759,7.473069088032197,945610.0,13.759586,17188.0,9.752025,1.8176626,51263.0,10.844744,5.421157,5865.0,8.6769285,0.62023455,False,False,0,-3.2695593076651215,-0.15369189624211296,-0.2665793618770561,2.9169295686483383,-0.23770729780197145,-0.2372965294905383,6.158110399941104,0.0,Mural,Mural,0.3853313678654785
128B8_S154,Hippocampus,128,2H,Mural,1531,7.3343293503005365,1.111511e+06,13.921232,20329.0,9.919853,1.8289517,121409.0,11.706928,10.922879,4942.0,8.505728,0.44461995,False,False,0,-1.7230971405089226,-0.16155014595194678,-0.16595996630312215,-0.7187973862886429,-0.2733836936950684,-0.03228379801066235,5.690747028918722,0.0,Mural,Mural,4.356289414586328
128B9_S162,Hippocampus,128,2H,AST1,2004,7.60339933974067,1.476239e+06,14.2050085,41263.0,10.627746,2.7951436,56893.0,10.948945,3.8539152,5923.0,8.686768,0.4012223,False,False,2,3.4817655190744032,-0.18475858769824158,-0.07480341677713875,-0.5882012784481049,-0.0882384467124939,-0.021350266957523848,1.2507402148079034,0.0,Astrocyte,Astrocyte,-0.23173803459224795
128C10_S171,Hippocampus,128,2H,Neuronal,2686,7.8961806086154915,1.575709e+06,14.270217,17820.0,9.788133,1.1309195,70647.0,11.165465,4.4835052,26563.0,10.187312,1.6857809,False,False,7,-2.84191764655009,4.700276007304838,-0.4896599096481246,-0.971719154715538,-0.4600872409343719,-0.16453142780246158,-0.9367032365583295,0.0,Neuron,Neuronal,0.6180653507154255
128C11_S179,Hippocampus,128,2H,AST3,2126,7.6624678152002375,1.688052e+06,14.339087,80442.0,11.295304,4.7653747,64654.0,11.07682,3.8300953,5315.0,8.578476,0.31486,False,False,3,3.355462203260328,-0.09354385958245053,-0.14144453556850703,2.1033583176136017,-0.2441657865047455,-0.11678336485467776,-0.0030050463412873984,-0.05579229831695556,Astrocyte,Astrocyte,-0.6321220276550777
128C1_S99,Hippocampus,128,2H,AST3,1840,7.518064181233078,1.09939e+06,13.910267,22686.0,10.029548,2.063508,34325.0,10.443659,3.122186,2522.0,7.833204,0.22939993,False,False,3,4.0119772191907535,-0.08724919156213502,-0.19769648771093348,-0.8805224192142487,-0.05689386129379272,-0.1791160022369539,-0.821488038978385,0.0,Astrocyte,Astrocyte,-0.5368632464257624
128C2_S107,Hippocampus,128,2H,Mural,1529,7.333023014386481,851356.0,13.654587,11089.0,9.313799,1.3025103,69641.0,11.151123,8.18001,4792.0,8.474912,0.5628668,False,False,0,-3.3960359233324646,-0.14374678757921536,-0.25347282127900556,2.4293433201313017,-0.16558147192001343,-0.0709158338681616,6.27034112256975,0.0,Mural,Mural,5.516014206464183
128C3_S115,Hippocampus,128,2H,AST4,3161,8.058960017769417,1.222701e+06,14.016574,30675.0,10.331236,2.50879,26954.0,10.201924,2.2044637,11430.0,9.344084,0.9348156,False,False,6,-0.8281272184001947,-0.41717138362290274,-0.5193356185248403,-1.7519438117742538,-0.4128080767393112,-0.3904314372274611,1.0304674179709736,5.574744868278503,Astrocyte,Astrocyte,0.051791985763333326
128C4_S123,Hippocampus,128,2H,AST4,3031,8.016977746762262,1.296081e+06,14.074857,75079.0,11.22631,5.7927704,33105.0,10.40747,2.5542386,23936.0,10.08318,1.8467982,False,False,6,1.0409221676855136,-0.21109453877012932,-0.5565476254983381,-1.466657886505127,-0.18145320057868958,-0.32249016713614415,-1.499571818802225,0.0,Astrocyte,Astrocyte,-0.531344618592318
128C5_S131,Hippocampus,128,2H,AST1,1683,7.428927194802272,849593.0,13.6525135,49803.0,10.81585,5.8619833,52308.0,10.8649235,6.1568303,2789.0,7.933797,0.32827485,False,False,2,2.8625206393622316,-0.09434321417880417,-0.14054471675795738,-1.0595620679855347,-0.16429185152053832,-0.1758161373812743,1.130420239127461,0.0,Astrocyte,Astrocyte,-0.4540153871195543
128C7_S147,Hippocampus,128,2H,AST1,2346,7.760893195851024,1.354205e+06,14.118726,49443.0,10.808596,3.651072,51896.0,10.857017,3.8322113,8087.0,8.9981365,0.5971769,False,False,2,3.7420373392886805,-0.0844289378904218,2.9152911311448224,-1.3610266691446304,-0.06626501619815826,-0.15264359327277752,-0.8208115648234908,-0.05758639812469482,Astrocyte,Astrocyte,-0.3578361037975559
128C8_S155,Hippocampus,128,2H,AST4,2309,7.745002803515839,1.181706e+06,13.9824705,47488.0,10.768253,4.018597,44246.0,10.697543,3.7442474,10556.0,9.2645445,0.89328474,False,False,6,1.7666520447027487,-0.08766324855574412,-0.29834548873130723,-1.2498162317276,-0.32908658146858216,-0.22763204333758114,-0.9297919572897293,0.0,Astrocyte,Astrocyte,-0.34170258378544716
128C9_S163,Hippocampus,128,2H,AST1,1608,7.3833681469923835,1.132003e+06,13.9395,39363.0,10.580607,3.4772878,67711.0,11.123018,5.981521,5413.0,8.596744,0.47817895,False,False,2,3.6483536404990113,-0.10052445575819542,-0.09771580045873468,-0.8028330594301224,-0.15937002182006835,-0.017444722580187248,-0.4132446739541825,0.0,Astrocyte,Astrocyte,-0.19117956448078954
128D10_S172,Hippocampus,128,2H,AST1,1878,7.538494999413465,1.424042e+06,14.16901,70017.0,11.1565075,4.9167795,57257.0,10.955322,4.020738,3149.0,8.055158,0.22113112,False,False,2,4.293610743486164,-0.0941826961747366,-0.10200969980220602,-0.7093978959321976,-0.032713662981986996,-0.0586799919003188,0.04005323912031089,0.0,Astrocyte,Astrocyte,-0.5654743683644149
128D11_S180,Hippocampus,128,2H,AST3,2280,7.732369222284388,1.397967e+06,14.150531,49798.0,10.81575,3.562173,61030.0,11.019137,4.3656254,4246.0,8.353969,0.30372676,False,False,3,2.4806185006443915,-0.12436371352804367,-0.3638002938694424,2.55897873878479,-0.32638970017433167,-0.10409086701845882,-0.9018066118110963,0.0,Astrocyte,Astrocyte,-0.2879240005362611
128D12_S188,Hippocampus,128,2H,AST1,2414,7.789454566086673,1.375837e+06,14.134574,59465.0,10.99316,4.3220963,33167.0,10.409341,2.410678,4433.0,8.397058,0.32220387,False,False,2,3.8201351882330066,-0.08149803343729757,-0.2874741361598776,-1.568350887298584,1.3673709154129028,-0.08383612680916834,-1.1043563524083277,0.0,Astrocyte,Astrocyte,-0.8580164877520579
128D1_S100,Hippocampus,128,2H,AST1,2609,7.867105500316739,1.27468e+06,14.058207,33180.0,10.409733,2.6030061,19187.0,9.8620405,1.5052406,3751.0,8.230044,0.29426992,False,False,2,3.7199221373907214,-0.10449650898650663,-0.1709730697400642,1.867892198562622,-0.07150666236877441,-0.3239603307512071,-0.8833665344583329,-0.1233134651184082,Astrocyte,Astrocyte,-0.3634590375204516
128D3_S116,Hippocampus,128,2H,AST1,2075,7.638198244285779,1.039928e+06,13.854663,33735.0,10.426321,3.2439747,28981.0,10.27443,2.7868276,3698.0,8.215817,0.35560155,False,False,2,2.416156259390826,-0.04582647402681897,-0.15692512254522303,1.8174377357959748,-0.13585228681564332,-0.2186230312694203,-0.5628720761543542,0.0,Astrocyte,Astrocyte,-0.3901778711301457
128D4_S124,Hippocampus,128,2H,Endothelial,2720,7.908754738783246,1.280766e+06,14.06297,30287.0,10.318507,2.3647568,47289.0,10.764054,3.6922436,15853.0,9.671177,1.237775,False,False,5,-3.2706029229476803,-0.40354188782485884,-0.4828576379352146,-1.4037307822704315,-0.4566366124153137,7.460511675988785,5.723086349329158,-0.13126188278198242,Endothelial,Endothelial,3.684215971593666
128D6_S140,Hippocampus,128,2H,AST1,2376,7.773594467360194,1.374766e+06,14.133795,47121.0,10.760495,3.427565,51281.0,10.845095,3.7301621,7483.0,8.920523,0.5443108,False,False,2,3.6900438428576523,-0.18575755076192732,0.4865507892888002,-1.278517873287201,-0.1833145475387573,-0.08454230096605089,-0.7265230399280337,0.0,Astrocyte,Astrocyte,-0.6732989235194975
128D7_S148,Hippocampus,128,2H,AST1,2309,7.745002803515839,1.145199e+06,13.95109,59498.0,10.993715,5.195429,79253.0,11.280414,6.920457,5217.0,8.55987,0.455554,False,False,3,2.8431423283665556,-0.07294549534668275,-0.2721452038697522,-1.2978092741966247,-0.16611410140991212,-0.26041899546228275,0.8388674205272042,0.0,Astrocyte,Astrocyte,-0.299424504994948
128D8_S156,Hippocampus,128,2H,AST1,2115,7.65728279297819,1.130346e+06,13.938035,38360.0,10.554796,3.3936512,37570.0,10.533988,3.323761,3102.0,8.040125,0.27442923,False,False,3,2.1027395542853515,-0.0785028059877942,-0.10667953467128252,2.6375744521617888,-0.059406909942626956,-0.1971104783241195,-1.1487269443483208,-0.03694013118743897,Astrocyte,Astrocyte,-0.6171260238290828
128D9_S164,Hippocampus,128,2H,AST1,2701,7.9017475185201445,1.510359e+06,14.227859,36433.0,10.503258,2.412208,33781.0,10.427684,2.2366204,6199.0,8.732305,0.41043222,False,False,2,3.6362802441654303,-0.13458507743912126,-0.15890178897164084,2.3998856890201568,1.6597422790527343,-0.15109838740994233,-0.9877951342855865,-0.013742196559906005,Astrocyte,Astrocyte,-0.8713509885217988
128E10_S173,Hippocampus,128,2H,AST3,2120,7.659642954564682,1.49329e+06,14.216493,37136.0,10.522369,2.486858,77492.0,11.257943,5.189347,2889.0,7.969012,0.19346543,False,False,3,2.38619518964017,-0.054823772392081256,0.8136556955298992,-1.3488790184259414,-0.14088068008422852,-0.1319203424935389,-0.9117680958767033,0.0,Astrocyte,Astrocyte,0.4869777191063398
128E12_S189,Hippocampus,128,2H,AST1,1975,7.588829878307813,1.454706e+06,14.190315,56326.0,10.93893,3.8719852,49444.0,10.808617,3.3988998,5489.0,8.610683,0.3773271,False,False,2,3.7898792308536375,-0.06680573800101353,-0.18060832282509467,1.6309340262413023,-0.1989958554506302,-0.11613663579478409,-0.7111060218745141,-0.1155368709564209,Astrocyte,Astrocyte,-0.6149732779978909
128E1_S101,Hippocampus,128,2H,AST1,1232,7.117205503164344,796451.0,13.587922,19602.0,9.883438,2.4611683,46020.0,10.736853,5.778133,768.0,6.645091,0.096427776,False,False,1,3.1168607310519185,-0.03479008758487414,0.1700701487786842,3.069419527053833,-0.05101337909698486,-0.11925998721459899,-0.5752067595870052,0.0,Astrocyte,Astrocyte,-0.011378860334323115
128E2_S109,Hippocampus,128,2H,AST4,2707,7.903965634032166,1.314621e+06,14.08906,39640.0,10.587619,3.0153177,36394.0,10.502187,2.7684023,8953.0,9.099855,0.6810328,False,False,6,2.837539052051272,-0.16371935486194478,-0.24409515357980824,-1.7901398706436158,-0.12988563656806945,-0.14242782014789004,-1.1515572304701684,-0.015261102914810181,Astrocyte,Astrocyte,-0.17477238161461384
128E4_S125,Hippocampus,128,2H,AST1,2058,7.629975707027789,1.298232e+06,14.076514,61644.0,11.029147,4.748304,63574.0,11.059976,4.8969674,5880.0,8.679482,0.4529237,False,False,3,3.5947849574636237,1.5321369578490904,1.0786020659437083,3.011018959283829,-0.015610926151275635,-0.18625306842303035,0.3954712338183992,0.0,Astrocyte,Astrocyte,-0.23249978618152156
128E5_S133,Hippocampus,128,2H,AST1,2036,7.619233416226805,1.131717e+06,13.939247,58443.0,10.975824,5.1641,55793.0,10.929421,4.9299426,4929.0,8.503095,0.4355329,False,False,3,3.8926882607037907,-0.04529051565045687,-0.12263926953980417,-0.9338569283485413,-0.10866135120391845,-0.1285431348916256,-0.7036911315055349,0.0,Astrocyte,Astrocyte,-0.6244300747156541
128E6_S141,Hippocampus,128,2H,AST4,2650,7.8826922062890254,839467.0,13.640524,44036.0,10.692785,5.2457094,23672.0,10.07209,2.8198845,4366.0,8.381831,0.52009195,False,False,6,1.4439767423223273,-0.26422265366693237,-0.41090913613637287,-1.5740996062755586,-0.30279361724853515,-0.35484793451097274,-1.0856932126097942,0.0,Astrocyte,Astrocyte,2.4544704563181865
128E8_S157,Hippocampus,128,2H,AST1,2061,7.631431664576906,1.257142e+06,14.044353,36064.0,10.493078,2.8687294,48134.0,10.781765,3.8288436,3659.0,8.205218,0.29105702,False,False,3,3.665753425796175,-0.12332613593968914,-0.21558215070252468,-0.8335063791275025,-0.13461655914783477,-0.23612421209161932,-1.0108061894100515,-0.11275794982910156,Astrocyte,Astrocyte,-0.21170282667387708
128E9_S165,Hippocampus,128,2H,AST1,1699,7.438383530044307,1.309101e+06,14.084852,48928.0,10.798125,3.7375267,48934.0,10.798248,3.737985,5650.0,8.639587,0.4315939,False,False,2,3.441210675434988,-0.030455275097085004,1.242778611905647,-1.111499148607254,-0.06200209140777588,-0.09354575956710662,0.7113131452445409,0.0,Astrocyte,Astrocyte,-0.058949281606132886
128F10_S174,Hippocampus,128,2H,AST4,2617,7.870165946469845,1.66092e+06,14.322883,48561.0,10.790597,2.923741,50885.0,10.837343,3.0636635,13519.0,9.511926,0.8139465,False,False,6,0.6751149153448841,1.136853488545921,0.3607535714452917,-1.4597011059522629,-0.2520016938447952,-0.5190276244674066,-0.10021865188176904,-0.012905279397964478,Astrocyte,Astrocyte,-0.9969580958602027
128F1_S102,Hippocampus,128,2H,AST1,3218,8.076826031298808,1.45699e+06,14.191884,47290.0,10.764075,3.2457325,48932.0,10.798207,3.3584309,7215.0,8.884056,0.49519902,False,False,2,2.992250782218787,-0.20033035086626982,-0.28400479151745034,-1.4903928941488267,-0.19942367911338807,-0.18544954603368585,-1.2361898691809956,0.0,Astrocyte,Astrocyte,-0.559202661019484
128F2_S110,Hippocampus,128,2H,AST1,1228,7.113956109566034,791172.0,13.581272,23054.0,10.045638,2.913905,55066.0,10.916306,6.9600544,1189.0,7.0817084,0.15028338,False,False,2,4.764537528564369,-0.12392900097909285,-0.19777249808263297,-0.6740650391578674,-0.0109250807762146,-0.20988658943561592,1.2762836074110253,0.0,Astrocyte,Astrocyte,-0.29569417683528937
128F4_S126,Hippocampus,128,2H,AST3,2140,7.669028288589683,1.140034e+06,13.946569,42983.0,10.668583,3.7703261,39998.0,10.59661,3.5084918,3595.0,8.187577,0.31534147,False,False,3,3.2932119665901514,-0.08499861422495626,-0.09091598819000553,1.65801795899868,-0.08069847941398621,-0.07142574919594659,-0.6742322108703642,0.0,Astrocyte,Astrocyte,-0.5642028035026958
128F6_S142,Hippocampus,128,2H,AST3,2179,7.687080155783135,1.379228e+06,14.137035,25389.0,10.142111,1.8408123,49249.0,10.804665,3.5707657,2292.0,7.7376165,0.16617993,False,False,3,3.9977177433628857,1.453809822923574,0.08022820919451085,0.48412563025951383,-0.10878590822219848,-0.09450575137379194,-0.9775516986846924,0.0,Astrocyte,Astrocyte,-0.6643531613039453
128F7_S150,Hippocampus,128,2H,AST1,1689,7.432483807917119,1.345734e+06,14.112451,50703.0,10.83376,3.7676837,66141.0,11.099559,4.914864,2751.0,7.920083,0.20442377,False,False,3,3.465695502979507,-0.07931935637440514,-0.08775039814939403,0.3619292730093002,-0.060461384057998654,-0.17135254903273148,-0.9973586749790901,0.0,Astrocyte,Astrocyte,-0.4530684629545387
128F8_S158,Hippocampus,128,2H,AST1,2932,7.983781068977451,1.4844e+06,14.210522,63958.0,11.065997,4.308677,31299.0,10.351374,2.1085286,9600.0,9.169622,0.64672595,False,False,2,2.4857552520564345,-0.14101262577814072,-0.17373076186637687,-1.6772327882051468,-0.2464860874414444,-0.0935025094735502,-1.0145032262832077,4.177937030792236,Astrocyte,Astrocyte,-0.7042653549195133
128F9_S166,Hippocampus,128,2H,AST1,1665,7.418180822726788,950732.0,13.764989,56166.0,10.936085,5.9076586,75515.0,11.2321,7.942827,5474.0,8.607947,0.5757669,False,False,2,2.6269318145480964,-0.06495907318651975,-0.15207760141353416,-0.8176784586906433,-0.08253399610519409,-0.19865056962677927,0.8647710743860982,-0.11876594543457031,Astrocyte,Astrocyte,-0.44823472786427343
128G11_S183,Hippocampus,128,2H,Mural,1906,7.553286605600419,1.40209e+06,14.153476,41950.0,10.644258,2.991962,85964.0,11.361695,6.1311326,10019.0,9.212338,0.7145761,False,False,0,-2.6667537210417573,-0.1064915710957206,-0.1819344259271718,1.7286027139425277,-0.22365057170391084,4.988666212317919,5.951262362039269,0.0,Mural,Mural,5.697157389930572
128G1_S103,Hippocampus,128,2H,AST1,1406,7.249215057114389,842986.0,13.644707,37005.0,10.518835,4.3897524,38501.0,10.558466,4.567217,1848.0,7.5224004,0.21922071,False,False,3,4.758999226523227,-0.050155718721936096,-0.03879315684540103,-0.9928778409957886,-0.04273054599761963,-0.08460149379691692,-0.2247335802969621,0.0,Astrocyte,Astrocyte,-0.3156095717307522
128G2_S111,Hippocampus,128,2H,Mural,1590,7.372118028337787,839109.0,13.640097,27318.0,10.215338,3.255596,38402.0,10.555891,4.576521,4981.0,8.513587,0.5936058,False,False,0,-2.486655370133822,-0.27546240217122603,-0.33731337749596796,-0.9998563647270202,-0.41323970317840575,3.551153138430432,6.109873796228189,-0.12316265106201171,Mural,Mural,3.5842112877930146
128G3_S119,Hippocampus,128,2H,AST1,2475,7.814399633804487,1.482934e+06,14.209534,51116.0,10.841872,3.4469504,56139.0,10.935604,3.785671,4750.0,8.46611,0.32031095,False,False,2,3.6852182355083407,-0.177173236806189,1.3527583479881287,0.37552359104156485,-0.3200365000963211,-0.07079475696640786,-0.5727937461143762,0.0,Astrocyte,Astrocyte,1.3956603132225636
128G5_S135,Hippocampus,128,2H,Mural,1424,7.261927092702751,936631.0,13.750046,17568.0,9.773891,1.8756585,75116.0,11.226802,8.019807,5476.0,8.608313,0.5846486,False,False,0,-2.804736362128961,-0.16213919709076235,-0.16849524354693865,1.374740563631058,-0.07549135684967041,1.03039540124662,6.048932817114059,0.0,Mural,Mural,1.5285054340286923
128G6_S143,Hippocampus,128,2H,AST1,2178,7.68662133494462,1.248296e+06,14.037291,77173.0,11.253818,6.1822677,42756.0,10.663288,3.4251492,4644.0,8.443546,0.37202713,False,False,1,2.2329253665085043,-0.17559150265688872,-0.15552237178340103,2.016999261379242,-0.07646260023117066,-0.030442016293304137,0.7951719416445824,0.0,Astrocyte,Astrocyte,-0.6788590495693863
128G7_S151,Hippocampus,128,2H,Endothelial,2284,7.734121303328305,1.419772e+06,14.166008,45916.0,10.734591,3.2340403,52880.0,10.875799,3.7245414,13787.0,9.531554,0.9710714,False,False,5,-2.6923319655037967,-0.3508271392266355,-0.3598438224407158,-1.3495483446121215,-0.21790438175201415,7.623051879381892,3.524649746603702,0.0,Endothelial,Endothelial,1.743476609654339
128G8_S159,Hippocampus,128,2H,Mural,1465,7.290292882446597,939087.0,13.752665,10052.0,9.215627,1.0704013,78971.0,11.276849,8.409338,6466.0,8.774467,0.6885411,False,False,0,-2.5614753942020605,-0.19480421674910503,-0.12350058073949333,1.4690525531768799,-0.4233562469482422,2.0939319230089284,6.337379943186314,0.0,Mural,Mural,3.4249515202835523
128G9_S167,Hippocampus,128,2H,AST1,1230,7.115582126184454,938104.0,13.751617,29167.0,10.2808275,3.1091435,72086.0,11.185629,7.6842227,3715.0,8.220403,0.39601153,False,False,3,2.68056692484298,-0.035155993610171216,-0.1130566636119226,-1.056298828125,-0.05593867778778076,-0.04061250614397453,-0.3467204343883237,0.0,Astrocyte,Astrocyte,-0.4560101685022472
128H11_S184,Hippocampus,128,2H,Mural,1556,7.350516171833998,1.022321e+06,13.837587,20877.0,9.946451,2.0421178,59678.0,10.996736,5.837501,6358.0,8.757627,0.62191814,False,False,0,-2.8359893547381207,-0.2614634084941155,-0.33790549967024064,2.663216996192932,-0.2871777248382568,-0.09284221042286266,6.257703637357932,0.0,Mural,Mural,5.069046829822465
128H4_S128,Hippocampus,128,2H,AST4,2581,7.856319571406588,1.158296e+06,13.962461,43117.0,10.671696,3.722451,34177.0,10.439338,2.9506276,11928.0,9.386727,1.0297886,False,False,6,0.3068555951769891,-0.12671129607675063,-0.30045214566317474,-1.8195357835292816,-0.053556275367736814,-0.3927727010515001,-1.1487394978652647,0.0,Astrocyte,Astrocyte,-0.08049269187231489
128H5_S136,Hippocampus,128,2H,AST3,1639,7.402451520818244,1.103196e+06,13.913723,51231.0,10.84412,4.6438713,56054.0,10.934089,5.081055,3209.0,8.074026,0.2908821,False,False,3,3.5050135101776965,-0.15161605815791604,-0.19629184164182104,3.1673293620347978,-0.12759604990482332,-0.05791855701292404,-0.8194304093643648,0.0,Astrocyte,Astrocyte,-0.42979247492422445
128H6_S144,Hippocampus,128,2H,Mural,1496,7.311218384419629,1.179511e+06,13.980612,15724.0,9.663007,1.3330948,57377.0,10.957417,4.864474,7434.0,8.913954,0.6302612,False,False,0,-2.1195554827731815,-0.08437836260052782,-0.325436357596908,2.4960737097263337,-0.2796680319309235,-0.34913022951646283,4.128557789565331,0.0,Mural,Mural,4.9227613057375255
135A1_S193,Cortex,135,2C,AST3,2747,7.91862865334224,1.272988e+06,14.056878,45965.0,10.735658,3.6107962,38287.0,10.552892,3.0076482,4227.0,8.349484,0.3320534,False,False,4,1.8735919422139231,-0.3008841863229646,-0.28878610483323686,1.4326070940494537,-0.053268290162086486,-0.053432190057003136,-0.9892461630117952,0.0,Astrocyte,Astrocyte,1.2433011805971397
135B1_S194,Cortex,135,2C,AST2,2416,7.790282380703483,1.173077e+06,13.975142,56811.0,10.947503,4.8429046,52629.0,10.871041,4.4864063,3267.0,8.091933,0.27849835,False,False,3,3.827308767480278,-0.14321461874036934,-0.1610862739158399,-1.350179049372673,-0.057401608824729916,-0.031147219917990944,-0.9694657334730253,-0.13103072166442872,Astrocyte,Astrocyte,-0.853320999018139
135B2_S202,Cortex,135,2C,AST2,2424,7.793586803371584,1.382671e+06,14.139528,96236.0,11.474569,6.960152,41380.0,10.630577,2.9927583,3457.0,8.148446,0.25002334,False,False,2,1.5612588671387222,-0.17396954196182327,1.5485056548407583,1.8218820357322694,-0.16312155723571778,-0.250717236538126,-0.8190435428715231,0.0,Astrocyte,Astrocyte,-0.5573516792068895
135B3_S210,Cortex,135,2C,AST2,1847,7.521859252201629,895793.0,13.705465,36969.0,10.517862,4.126958,43605.0,10.68295,4.867754,4666.0,8.448272,0.52087927,False,False,2,3.924539503178309,0.0,0.053190245321302704,-0.9452950996160507,-0.16689594626426696,-0.1139266262150774,-0.7900496760205408,0.0,Astrocyte,Astrocyte,-0.510630644024513
135B6_S234,Cortex,135,2C,AST2,1811,7.502186486602924,1.060425e+06,13.874182,81796.0,11.3119955,7.713511,48662.0,10.792674,4.588915,2970.0,7.996654,0.28007638,False,False,1,3.869080560454906,-0.18060242710401064,-0.265896575619476,-1.0282807230949402,-0.08523635387420654,-0.12470621773690889,-0.4607232886942188,0.0,Astrocyte,Astrocyte,-0.5301958814089207
135B7_S242,Cortex,135,2C,AST3,2664,7.887959336599945,1.416026e+06,14.163365,46402.0,10.745119,3.2769175,40063.0,10.598233,2.8292558,3721.0,8.222016,0.26277766,False,False,2,3.489054173068271,-0.08685027953967377,-0.33568252367202683,-1.0240872949361801,-0.2284485161304474,-0.15343831283877593,-0.9013997693756717,-0.07335362911224365,Astrocyte,Astrocyte,0.4952459783854588
135B8_S250,Cortex,135,2C,AST2,2304,7.742835955430749,1.236626e+06,14.027898,53234.0,10.882471,4.3047776,104726.0,11.559113,8.468688,4177.0,8.337588,0.33777392,False,False,1,3.5498368668425924,-0.044599408480390235,-0.21716965840320396,1.8879887586832047,-0.07053066909313202,-0.12702219835435502,-0.8183430735789352,-0.07717909336090088,Astrocyte,Astrocyte,-0.3225672274380176
135B9_S258,Cortex,135,2C,AST2,2898,7.972121128921655,1.381674e+06,14.138807,79828.0,11.2876425,5.777629,51494.0,10.84924,3.7269282,3569.0,8.180321,0.25830984,False,False,1,0.5865385845059254,-0.08006769718237258,-0.1866371679787684,-1.4925475251674651,-0.259754478931427,-0.2487447972249503,-1.1764376124544957,-0.01480789303779602,Astrocyte,Astrocyte,-0.42007733714799456
135C10_S267,Cortex,135,2C,AST2,1708,7.443663683115591,1.066974e+06,13.880338,42823.0,10.664854,4.0135,45957.0,10.735483,4.3072276,2144.0,7.6708946,0.20094211,False,False,1,2.6690895778885304,0.0918278107092009,-0.1404976314968533,-0.9923658537864685,-0.10655862331390381,-0.04052258019495492,1.2389279927440624,0.0,Astrocyte,Astrocyte,-0.26831268495530236
135C11_S275,Cortex,135,2C,AST2,2073,7.637234388789473,1.258588e+06,14.045502,46536.0,10.748003,3.6974769,45227.0,10.719472,3.5934713,4611.0,8.436417,0.36636293,False,False,1,2.847552820633018,-0.12392893867876062,1.4611350406299937,2.0557260441780087,-0.31696415901184083,-0.22060239917100077,-0.9054926070735683,0.0,Astrocyte,Astrocyte,-0.6886991857487291
135C2_S203,Cortex,135,2C,AST3,2538,7.839525581704678,1.445233e+06,14.183782,69154.0,11.144106,4.784972,38398.0,10.555787,2.6568725,4948.0,8.506941,0.34236693,False,False,1,2.5464816295384063,-0.08021220789482846,-0.3019167455759915,-1.1110817408561706,-0.14750357627868652,-0.12084902175749192,-0.9664074511983287,0.0,Astrocyte,Astrocyte,-0.34617511413133206
135C5_S227,Cortex,135,2C,AST2,1744,7.4645098346365275,759970.0,13.541036,31673.0,10.363252,4.1676645,68014.0,11.127483,8.949564,1976.0,7.589336,0.26001027,False,False,1,2.865975820953077,-0.037888163298218695,-0.15390628094624992,-0.8121493625640869,-0.19534574151039125,-0.07332225038547709,-0.7683470608601018,-0.13652376174926759,Astrocyte,Astrocyte,-0.47763548888427787
135C6_S235,Cortex,135,2C,AST2,2097,7.6487397889562425,1.072898e+06,13.885875,29042.0,10.276533,2.7068744,47986.0,10.778686,4.4725595,3419.0,8.137396,0.31866962,False,False,1,3.2091212103275657,-0.16707131611042886,-0.05359024050259831,1.9910453355312348,-0.2933025789260864,-0.06720247653999714,-0.8233411467854103,0.0,Astrocyte,Astrocyte,-0.3895452330028871
135C7_S243,Cortex,135,2C,AST3,3011,8.010359588919783,1.569401e+06,14.266205,52980.0,10.877688,3.3758104,83663.0,11.334564,5.3308873,3380.0,8.125927,0.21536879,False,False,1,2.6607294056584934,-0.05035712191806966,-0.5177700396138009,1.1925597810745239,-0.15244376063346865,-0.05383664249169706,0.6478369194059517,0.0,Astrocyte,Astrocyte,-0.6641566832992987
135C9_S259,Cortex,135,2C,AST3,2625,7.873217054862741,1.405673e+06,14.156028,44949.0,10.713306,3.1976852,59084.0,10.9867325,4.2032537,3829.0,8.25062,0.2723962,False,False,2,3.446585766930398,-0.142219369734951,-0.33910661996012986,-1.3287662982940673,-0.23459062695503236,-0.12642009932585438,-0.9696588456331185,0.0,Astrocyte,Astrocyte,0.3965611107062815
135D11_S276,Cortex,135,2C,AST2,2399,7.783224016336037,1.330812e+06,14.1013,73575.0,11.206074,5.5285797,51188.0,10.84328,3.8463733,5182.0,8.55314,0.38938636,False,False,1,2.5344258905108514,-0.13031053722803318,-0.17180780389092185,-1.370771187543869,-0.2693433368206024,-0.1322569160750418,-0.8927019684758019,0.0,Astrocyte,Astrocyte,0.029483457389777423
135D1_S196,Cortex,135,2C,Mural,1871,7.534762657037537,954125.0,13.768551,16001.0,9.680469,1.6770339,65134.0,11.084217,6.826569,4567.0,8.42683,0.47865844,False,False,0,-2.766131752338566,-0.31060141924038603,-0.2597026490803921,3.3294052124023437,-0.3693824392557144,-0.39517031895993937,6.416804369969584,0.0,Mural,Mural,4.381889516994581
135D2_S204,Cortex,135,2C,AST2,1893,7.546446273746024,935463.0,13.748798,51010.0,10.839797,5.4529147,42170.0,10.649488,4.5079284,3826.0,8.249837,0.40899533,False,False,1,2.729754529364122,-0.12316821747688791,-0.0905876864086498,-0.9317392110824585,-0.04690824508666992,-0.23041105752039437,-0.8658052083834931,0.0,Astrocyte,Astrocyte,-0.13552986346620555
135D3_S212,Cortex,135,2C,AST3,2580,7.855932199718614,1.529976e+06,14.240764,37595.0,10.534653,2.4572282,71558.0,11.178278,4.677067,4172.0,8.3363905,0.272684,False,False,4,3.0249532812931497,-0.04840106700532999,-0.21626168188422618,-1.3598018717765807,-0.20446611166000367,-0.03500824986082135,0.6489624479907241,0.0,Astrocyte,Astrocyte,2.531205886045163
135D4_S220,Cortex,135,2C,AST2,2493,7.821643126239982,1.242436e+06,14.032585,92695.0,11.43708,7.4607463,39313.0,10.579336,3.164187,4036.0,8.303257,0.3248457,False,False,2,1.7684141586387092,-0.19080272900998294,0.9620525343249542,-1.2075760674476623,-0.24380625247955323,-0.10204530966402305,-0.8099046331554202,-0.015888792276382447,Astrocyte,Astrocyte,-0.6372159574187061
135D5_S228,Cortex,135,2C,AST3,2929,7.982757702011113,1.413948e+06,14.161897,43879.0,10.689214,3.1032968,37846.0,10.541307,2.676619,6251.0,8.740657,0.44209546,False,False,2,1.316762984124689,-0.10776289893155122,-0.4123679179735858,-1.551256617307663,-0.07814217686653137,-0.21142554042315242,0.2898034621123693,0.0,Astrocyte,Astrocyte,-0.6612277710577084
135D6_S236,Cortex,135,2C,AST2,2625,7.873217054862741,1.460029e+06,14.193968,98058.0,11.493324,6.716168,41679.0,10.637776,2.8546693,6088.0,8.714239,0.41697803,False,False,1,4.067864260061191,-0.14523884998494058,-0.22123911615574,1.4662239509820938,-0.1432211858034134,-0.3945897366061355,-0.7638450729188009,0.0,Astrocyte,Astrocyte,-0.9089411783385057
135D8_S252,Cortex,135,2C,AST2,1895,7.547501682814967,792460.0,13.582899,50008.0,10.819959,6.3104763,35387.0,10.474128,4.4654617,2764.0,7.924796,0.3487873,False,False,1,3.305959278117112,-0.05490684089948185,1.2372102340062459,1.9363281428813934,-0.13340454459190368,-0.053539270102375684,-0.6442728264247952,-0.021482598781585694,Astrocyte,Astrocyte,0.19306191692567232
135E11_S277,Cortex,135,2C,AST3,2608,7.866722285136729,1.681734e+06,14.335337,78555.0,11.271567,4.6710715,58818.0,10.982221,3.4974616,5174.0,8.551595,0.30765864,False,False,2,3.472252638287882,-0.14239351623621418,-0.38816186424457666,-0.04840261101722709,-0.2998689669370651,-0.32872525248864687,-1.2050718389563824,-0.16660333156585694,Astrocyte,Astrocyte,-0.255503758962246
135E1_S197,Cortex,135,2C,AST3,2609,7.867105500316739,1.197115e+06,13.995426,55366.0,10.921739,4.6249523,45236.0,10.71967,3.7787516,3804.0,8.244071,0.31776395,False,False,3,2.122347109956168,0.5241064279522728,-0.2732334660761284,-1.2484473532438278,-0.05076117217540741,0.09021429401455502,-0.9390439269081432,0.0,Astrocyte,Astrocyte,-0.09186260945137237
135E2_S205,Cortex,135,2C,AST1,1825,7.509883061154913,958550.0,13.773178,43444.0,10.679251,4.5322623,47958.0,10.778102,5.003182,3461.0,8.149602,0.3610662,False,False,1,3.5228888949409862,0.0,-0.1370659873943136,0.7720968270301818,0.22961042404174806,0.181977067330871,-0.36304534814465583,0.0,Astrocyte,Astrocyte,-0.4423895525016848
135E3_S213,Cortex,135,2C,AST2,2080,7.640603826393634,811125.0,13.606178,21989.0,9.998343,2.710926,38250.0,10.551925,4.7156725,2450.0,7.804251,0.30204964,False,False,2,1.983981014600868,-0.15105444642167595,-0.16654214293065697,-1.1499726855754853,-0.20420921564102174,-0.12317568966836641,-0.7202985484396393,0.0,Astrocyte,Astrocyte,-0.8187458714181075
135E4_S221,Cortex,135,2C,AST2,2184,7.68937110752969,1.359654e+06,14.122742,74443.0,11.217802,5.475143,33809.0,10.428512,2.4865885,3161.0,8.05896,0.2324856,False,False,1,3.2872557171055528,1.436967143461333,-0.17317431141631773,1.9704657649993895,-0.18202929973602294,-0.19136438466081715,0.4117621249289969,-0.061731271743774414,Astrocyte,Astrocyte,-0.2890795054340203
135E6_S237,Cortex,135,2C,AST2,2211,7.701652362642226,1.073734e+06,13.886654,67469.0,11.119438,6.2835855,56989.0,10.950631,5.307553,3404.0,8.133,0.3170245,False,False,1,3.4803745704270446,-0.024925540739567435,-0.2525433024974785,1.8529853183031082,-0.0273095703125,-0.24612865965775768,-0.8163810312448434,-0.051167181730270385,Astrocyte,Astrocyte,-0.6788692541034871
135E7_S245,Cortex,135,2C,AST2,2587,7.858640655620791,1.453896e+06,14.189758,68579.0,11.1357565,4.7169123,45357.0,10.722342,3.1196866,6536.0,8.7852335,0.44955072,False,False,1,2.2767640195909093,-0.13103736734869492,-0.3031166879215626,2.104074786901474,0.5711197626590729,-0.10521156077433114,-0.951826903089207,0.0,Astrocyte,Astrocyte,-0.5246244776428044
135E9_S261,Cortex,135,2C,AST3,3104,8.040768994367578,1.377865e+06,14.136046,47266.0,10.763568,3.4303796,49435.0,10.8084345,3.587797,6831.0,8.829372,0.495767,False,False,4,2.814583437038901,-0.041331618275474664,-0.2698881012020689,1.1862539899349214,-0.19227524280548094,-0.15594905313819346,0.11680249353150018,0.0,Astrocyte,Astrocyte,0.5716850175980932
135F11_S278,Cortex,135,2C,AST2,2047,7.6246189861593985,1.345016e+06,14.1119175,86552.0,11.368512,6.4350166,60246.0,11.006208,4.479203,6297.0,8.747988,0.46817288,False,False,1,3.0720574054561673,-0.11769546396169231,-0.1211869078453141,2.4008236289024354,-0.009982491731643672,-0.1370443780012805,0.2517498156533169,0.0,Astrocyte,Astrocyte,0.08949911828232127
135F2_S206,Cortex,135,2C,AST2,2177,7.686162303492906,1.161359e+06,13.965102,83766.0,11.335794,7.2127566,64239.0,11.070381,5.5313644,3660.0,8.205492,0.31514803,False,False,1,3.085057373255329,-0.1422609264527134,-0.2626209283115888,-0.328163629770279,0.025603452324867243,-0.1581947153264826,-0.8442627092701706,0.0,Astrocyte,Astrocyte,-0.6992819551036433
135F3_S214,Cortex,135,2C,AST2,2305,7.743269700829004,1.337901e+06,14.106613,79718.0,11.286263,5.958438,46556.0,10.748433,3.4797792,2975.0,7.9983354,0.22236323,False,False,1,3.1101636691171617,-0.17985204625968357,1.0626009835137262,-0.9914836937189102,-0.22756246507167815,-0.12637178343955915,0.37786480949152645,0.0,Astrocyte,Astrocyte,-0.8430437878495664
135F4_S222,Cortex,135,2C,AST2,1767,7.477604243197589,956912.0,13.771468,37899.0,10.5427065,3.9605525,49857.0,10.816935,5.210197,2087.0,7.643962,0.21809737,False,False,1,2.397959088367191,-0.018033568284020352,-0.12119644850191444,-1.1131058657169342,-0.09606529712677002,-0.2732844864479219,-0.5108693793940184,0.0,Astrocyte,Astrocyte,-0.5971754386349393
135F5_S230,Cortex,135,2C,AST3,2994,8.00469951054955,1.403308e+06,14.154344,67920.0,11.126101,4.8399925,37257.0,10.525622,2.654941,6350.0,8.756368,0.45250222,False,False,1,2.9453146952748943,-0.02971213966158766,-0.33841722119938245,-1.599468954205513,-0.4499650400876999,-0.11964496097179374,-1.1875243151008184,-0.054574140310287476,Astrocyte,Astrocyte,-0.6025497615523947
135F9_S262,Cortex,135,2C,AST2,1949,7.575584651557793,1.338455e+06,14.107027,41702.0,10.638329,3.115682,73000.0,11.198229,5.4540496,4757.0,8.467583,0.35540977,False,False,1,2.826484462928251,-0.11967060434159323,-0.2312480208247599,-1.1536287879943847,-0.274553302526474,-0.09687092990586252,0.9069085462608529,0.0,Astrocyte,Astrocyte,-0.6182042261793936
135G10_S271,Cortex,135,2C,AST2,2757,7.922261058353247,1.813502e+06,14.410771,108806.0,11.597331,5.999773,66376.0,11.103106,3.6601007,6413.0,8.766238,0.3536252,False,False,1,2.3433535815588113,-0.10050182516251377,-0.2213551624856814,2.2675974345207215,-0.055905860662460324,-0.21991767425729772,-1.0206708994942095,4.990238379240036,Astrocyte,Astrocyte,-0.5175670672438181
135G11_S279,Cortex,135,2C,AST2,1798,7.4949862339505335,1.216603e+06,14.011574,86889.0,11.372398,7.141935,67024.0,11.112821,5.50911,4418.0,8.393669,0.3631423,False,False,1,1.4944740279776152,-0.05652569526403993,0.5208363340358542,-0.8920702457427978,-0.03524300098419189,-0.14857388987685693,-0.5487185411117784,0.0,Astrocyte,Astrocyte,-0.45949473295466525
135G2_S207,Cortex,135,2C,AST2,2066,7.633853559681768,1.196572e+06,13.994972,50313.0,10.826038,4.2047615,47152.0,10.761153,3.9405904,6739.0,8.815815,0.5631922,False,False,1,3.7545911914012473,-0.14956071987823027,-0.16363414730688539,-1.0178493213653566,-0.1691970157623291,-0.14413902012988775,-0.779383617429877,0.0,Astrocyte,Astrocyte,-0.6135798625038542
135G3_S215,Cortex,135,2C,AST2,2761,7.923710333969238,1.460037e+06,14.193973,47602.0,10.770651,3.2603283,35475.0,10.476612,2.4297328,6738.0,8.815667,0.46149516,False,False,1,3.3465605615918106,-0.19708197560142632,-0.2326955735081374,1.587991371154785,-0.24550684809684753,-0.12632257528979368,-0.9303285578387467,-0.057106518745422365,Astrocyte,Astrocyte,-0.5141500844083764
135G4_S223,Cortex,135,2C,AST3,3008,8.009363076630045,1.520472e+06,14.234532,48076.0,10.78056,3.1619127,42551.0,10.658483,2.798539,6371.0,8.759668,0.4190146,False,False,1,2.7865281684802534,1.4517978879075553,-0.3346547315819095,2.293910100460052,-0.028719402551651,-0.16031750645300355,0.18617335276388047,-0.03869054317474365,Astrocyte,Astrocyte,-0.5637724782668291
135G8_S255,Cortex,135,2C,AST3,2448,7.803435056952168,1.064959e+06,13.878448,45928.0,10.734852,4.312654,82458.0,11.320057,7.742833,3077.0,8.032036,0.2889313,False,False,3,2.107500218954242,-0.02998822568049982,-0.20887824862894386,1.7177408814430237,-0.348709802031517,-0.009193467973458647,-0.811015879913191,0.0,Astrocyte,Astrocyte,0.21269779980108017
135H10_S272,Cortex,135,2C,AST1,2286,7.734996194022781,1.703037e+06,14.347924,61181.0,11.021608,3.5924647,60337.0,11.007717,3.542906,6636.0,8.800415,0.3896568,False,False,2,2.790009124194338,-0.034904402704095124,-0.36863701271288324,-1.2120315772294998,-0.1367311841249466,-0.12741836213102245,0.8929763945502851,-0.07228005051612854,Astrocyte,Astrocyte,-0.6434077898130592
135H1_S200,Cortex,135,2C,AST3,2936,7.98514393119862,1.232871e+06,14.024857,24502.0,10.106551,1.9873936,43912.0,10.689966,3.5617676,7593.0,8.935114,0.61587954,False,False,3,3.80865180101551,-0.12815493195500205,1.2672992107844112,-1.3408945512771606,-0.1772604513168335,-0.3228096811458318,-1.243520649234254,0.0,Astrocyte,Astrocyte,-0.7817809674733369
135H2_S208,Cortex,135,2C,AST2,2773,7.928045600874777,1.131864e+06,13.939377,40920.0,10.619399,3.6152754,31734.0,10.365175,2.8036938,4423.0,8.394799,0.3907713,False,False,1,2.4985887926132957,-0.08208158866843986,-0.4444633120238179,1.9761098694801331,-0.09569804310798645,-0.45922435052467114,-1.2863485399802126,0.0,Astrocyte,Astrocyte,-0.08063967968764807
135H3_S216,Cortex,135,2C,Mural,1605,7.381501894506707,821328.0,13.618679,24910.0,10.123065,3.0328932,71250.0,11.1739645,8.674975,6294.0,8.747511,0.76631993,False,False,0,-2.7336918773546897,-0.20425516636527363,-0.5510405603081289,1.805141394138336,-0.3367798900604248,-0.5715184332144381,5.721138409633732,-0.04344668865203857,Mural,Mural,2.9052286097571525
135H4_S224,Cortex,135,2C,AST1,1813,7.503289630675082,825686.0,13.623971,30275.0,10.31811,3.6666484,48843.0,10.796387,5.915445,3156.0,8.057378,0.38222763,False,False,1,3.2020026243449555,-0.02676781937105572,-0.1453825981930049,0.9442229652404786,-0.24582890510559083,-0.036006766136246496,-0.7035253239636445,-0.13091033935546875,Astrocyte,Astrocyte,-0.36376096151507953
135H5_S232,Cortex,135,2C,AST3,2320,7.749753406274437,1.133586e+06,13.940898,22614.0,10.026369,1.9949082,58740.0,10.980893,5.181786,4952.0,8.507749,0.43684378,False,False,4,2.986904144938526,-0.08612029127140142,-0.211465789814188,-1.2590875923633575,-0.008551745414733886,-0.036114543375342784,-0.8691482597859062,0.0,Astrocyte,Astrocyte,-0.2906306842730718
135H6_S240,Cortex,135,2C,AST5,1394,7.240649694255466,781102.0,13.568462,34415.0,10.446277,4.4059544,56205.0,10.936779,7.195603,3956.0,8.283241,0.50646394,False,False,1,2.759356475592962,-0.02534844527891533,-0.15635019360166608,-0.03652626752853394,0.10854816794395447,-0.04198510598654699,-0.1741766610636783,-0.022053773403167724,Astrocyte,Astrocyte,-0.3834520096770909
135H7_S248,Cortex,135,2C,AST1,1516,7.324489979348532,723970.0,13.492507,50977.0,10.839149,7.0413136,54222.0,10.900861,7.489537,1960.0,7.5812097,0.27072945,False,False,1,3.8341761977294757,-0.0616655421616444,-0.07598621255219584,1.2036511290073395,-0.09007901906967163,-0.23969691811185895,-0.3256217314669835,-0.09623607635498047,Astrocyte,Astrocyte,-0.42675889375462556
135H8_S256,Cortex,135,2C,AST3,2444,7.801800401908973,941513.0,13.755244,25896.0,10.161882,2.7504666,32199.0,10.379722,3.419921,3170.0,8.061802,0.3366921,False,False,1,3.0128417536209193,-0.14514033339131419,-0.16729165869529802,0.7637509882450104,-0.13001354813575744,-0.17503232546526976,-0.7974567628985074,-0.019139373302459718,Astrocyte,Astrocyte,-0.32893870584355767
135H9_S264,Cortex,135,2C,AST2,2262,7.724446645633537,1.222917e+06,14.01675,89752.0,11.404817,7.3391733,42589.0,10.659375,3.482575,5054.0,8.528133,0.41327417,False,False,1,3.260614206230705,-0.044921450878507525,1.5583200358381175,-0.9659760093688965,-0.030339164733886717,-0.08555131608789618,-0.20463389517673902,0.0,Astrocyte,Astrocyte,-0.3797761213799351
138A11_S177,Hippocampus,138,2H,AST1,2479,7.8160138391590275,2.705343e+06,14.8107395,145171.0,11.885674,5.3660846,289221.0,12.57495,10.690733,12422.0,9.427305,0.45916545,False,False,1,3.8171059538106453,-0.12355560393788707,-0.20468356934460727,0.38446061849594115,-0.2597276759147644,-0.3341265952948368,0.5102405563071745,0.0,Astrocyte,Astrocyte,-0.775273879675913
138A12_S185,Hippocampus,138,2H,AST2,2766,7.925518979786926,2.014748e+06,14.5160055,115975.0,11.661139,5.756303,76330.0,11.242834,3.7885633,7641.0,8.941415,0.3792534,False,False,1,3.4704003483871295,-0.21098126897859812,-0.2555850894764216,0.7540224289894104,-0.4007657027244568,-0.1187168082805595,-0.9061857923191396,-0.023629746437072753,Astrocyte,Astrocyte,-0.3556684804878171
138A3_S113,Hippocampus,138,2H,AST1,1382,7.232010331664759,2.349817e+06,14.669848,118109.0,11.679372,5.026306,147606.0,11.902308,6.2815957,4538.0,8.420462,0.19312142,False,False,1,3.1610065978732917,-0.03600470145144055,-0.140325093510175,-1.0478326964378357,-0.06875289916992187,0.0,-0.7390992785218972,-0.010164852142333985,Astrocyte,Astrocyte,-0.39896876087570826
138A4_S121,Hippocampus,138,2H,AST3,1946,7.5740450053721995,2.256994e+06,14.629545,52406.0,10.866796,2.3219378,130589.0,11.779818,5.78597,11391.0,9.340667,0.50469786,False,False,3,4.094995946180625,-0.09037228924545211,-0.05638418173549151,3.088347406387329,-0.07793300151824951,-0.1625131501091851,-0.8168083429336548,0.0,Astrocyte,Astrocyte,-0.17653407805750088
138A5_S129,Hippocampus,138,2H,AST1,2169,7.682482446534506,2.364821e+06,14.676213,80706.0,11.29858,3.412774,108196.0,11.591709,4.57523,9824.0,9.192685,0.4154226,False,False,3,2.9287229118451386,-0.028264141561996997,0.36082078290708136,-0.9201110851764679,-0.12373097896575928,-0.1782204406430023,0.840102089709373,0.0,Astrocyte,Astrocyte,-0.6462188835235589
138A7_S145,Hippocampus,138,2H,AST1,2177,7.686162303492906,2.465269e+06,14.717812,80079.0,11.290781,3.2482867,89775.0,11.405073,3.6415906,7835.0,8.966484,0.3178152,False,False,1,3.2879734365015088,-0.04907589282222729,-0.19069906557449187,2.337969491481781,-0.30430724620819094,-0.025072103798991503,-1.1641833443737508,0.0,Astrocyte,Astrocyte,-0.6541490546849017
138A8_S153,Hippocampus,138,2H,Mural,1639,7.402451520818244,1.246908e+06,14.036179,23848.0,10.079497,1.912571,50558.0,10.830896,4.05467,9467.0,9.155673,0.75923806,False,False,0,-1.9779167803910258,-0.2832918757170289,-0.20944653978251448,-0.804926872253418,0.12541665017604828,2.2985870344470247,6.399993156368409,0.0,Mural,Mural,2.55766179324291
138A9_S161,Hippocampus,138,2H,AST3,2468,7.81156848934518,3.025551e+06,14.922605,73278.0,11.202029,2.4219723,77831.0,11.262308,2.572457,7318.0,8.898229,0.2418733,False,False,2,3.420831753256542,-0.04665781624952153,-0.3327665819664194,-1.398125320672989,-0.09659510493278503,-0.1490335079154583,-1.2256255952557127,0.0,Astrocyte,Astrocyte,0.7685922444961306
138B10_S170,Hippocampus,138,2H,AST1,1536,7.337587743538596,1.965012e+06,14.49101,34408.0,10.446074,1.7510325,90680.0,11.415103,4.6147304,7556.0,8.930229,0.3845269,False,False,3,3.522290005221393,-0.03191290908123381,-0.02641025381256837,-0.8723039627075195,-0.02618198871612549,-0.028303227641365745,-0.631188152423456,-0.011510483026504516,Astrocyte,Astrocyte,-0.2081274444203146
138B11_S178,Hippocampus,138,2H,AST1,1668,7.419979923661835,2.722799e+06,14.817171,92406.0,11.433958,3.3937871,132725.0,11.796042,4.8745794,8036.0,8.991811,0.29513747,False,False,3,4.036343254678235,0.0,-0.167708852074363,1.863894065618515,-0.11383427739143372,-0.07569712581056537,-0.6466299954371236,0.0,Astrocyte,Astrocyte,0.0033079102660260595
138B2_S106,Hippocampus,138,2H,AST4,2924,7.981049759665957,2.731861e+06,14.820494,99260.0,11.505508,3.6334205,71558.0,11.178278,2.6193867,32804.0,10.398336,1.2007931,False,False,6,1.8012800257388362,-0.1509221284533266,-0.23607541620731354,-1.369988594353199,-0.1378251940011978,-0.28097485352044155,0.30852308854385835,-0.019467802047729493,Astrocyte,Astrocyte,4.062583514926131
138B4_S122,Hippocampus,138,2H,AST1,1955,7.578656850594762,2.178585e+06,14.594187,40430.0,10.607352,1.8557917,109710.0,11.605605,5.035837,9480.0,9.157045,0.43514484,False,False,2,2.705505479880369,-0.0901059343587214,-0.26324106828130855,-1.2126439583301545,-0.26380593359470367,-0.15531422453697283,-0.689704871057865,-0.010672599077224731,Astrocyte,Astrocyte,-0.6016382156110964
138B6_S138,Hippocampus,138,2H,AST1,2235,7.71244383427499,2.452472e+06,14.712607,58442.0,10.975807,2.3829834,96716.0,11.479545,3.9436128,10520.0,9.261128,0.42895493,False,False,3,2.636660253415342,-0.10057858066942224,-0.20958471448734553,-1.030197765827179,-0.02265899121761322,-0.16392586207149004,-0.9029167965428913,-0.13950292587280275,Astrocyte,Astrocyte,-0.6942935379996323
138B7_S146,Hippocampus,138,2H,AST1,1858,7.527793987721444,2.259387e+06,14.630605,106488.0,11.575797,4.7131367,104699.0,11.558854,4.633956,6276.0,8.744647,0.27777445,False,False,2,2.822791021378314,-0.0822685807194542,-0.19808940453962845,-1.1556443059444428,1.7290559881925582,-0.22298978073428374,-0.9282463315743298,-0.0752127742767334,Astrocyte,Astrocyte,-0.4871717117142199
138B8_S154,Hippocampus,138,2H,AST1,2145,7.671360923190644,2.460131e+06,14.715726,80521.0,11.296286,3.273037,139420.0,11.845253,5.667178,12031.0,9.395325,0.48903903,False,False,2,2.3820581978461783,-0.14408591719128977,-0.14825494617524773,-1.0769261288642884,-0.11524773120880127,-0.07555299696296153,-1.0197904015605772,0.0,Astrocyte,Astrocyte,-0.681062280882977
138B9_S162,Hippocampus,138,2H,AST2,1880,7.53955882930103,1.931977e+06,14.474055,52893.0,10.876045,2.7377656,123143.0,11.721109,6.3739376,6848.0,8.831858,0.35445556,False,False,3,4.072288478658498,-0.13914444728113298,-0.10953189718602883,2.994014846086502,-0.2006576317548752,-0.1396752270785245,-0.7867522694956717,0.0,Astrocyte,Astrocyte,-0.15664911518908897
138C10_S171,Hippocampus,138,2H,AST3,1569,7.358830898342354,2.007892e+06,14.512596,61024.0,11.019039,3.0392072,107815.0,11.5881815,5.3695617,4174.0,8.336869,0.20787969,False,False,3,2.8198298267979434,-0.07590226731707703,-0.0876445821439377,3.0834927332401274,-0.07137375831604004,-0.18925889333089194,-0.5522840382465765,0.0,Astrocyte,Astrocyte,-0.3727722974223565
138C11_S179,Hippocampus,138,2H,AST1,2127,7.662937850461535,2.853462e+06,14.864044,100424.0,11.517166,3.5193741,67793.0,11.124229,2.3758159,11979.0,9.390994,0.41980585,False,False,3,2.7401102260162276,-0.10803953127645367,-0.13483375009864268,-1.1233289754390716,-0.12472545146942139,-0.00953703938108502,-1.3007578673075193,0.0,Astrocyte,Astrocyte,-0.6403380947837447
138C12_S187,Hippocampus,138,2H,AST1,2741,7.91644286012226,2.980148e+06,14.907484,146123.0,11.892211,4.903213,60374.0,11.00833,2.0258725,12397.0,9.42529,0.41598603,False,False,2,3.6201832066468196,-0.112371074494405,2.692869351066724,-1.349782386124134,-0.20128866732120515,-0.19064700422864972,-0.7436488453467287,0.0,Astrocyte,Astrocyte,-0.21642375141630987
138C1_S99,Hippocampus,138,2H,AST1,2731,7.912789220690681,2.540945e+06,14.748047,82106.0,11.315779,3.2313175,77640.0,11.2598505,3.055556,5601.0,8.630879,0.22042981,False,False,4,3.0804377422958122,-0.10916438474127994,-0.24742060689011006,1.6883469313383102,-0.19402049124240875,-0.12981985915790906,-0.8703142353637734,0.0,Astrocyte,Astrocyte,0.9294877223956565
138C3_S115,Hippocampus,138,2H,AST1,1198,7.089243155027514,1.745035e+06,14.372286,53718.0,10.891522,3.0783336,125722.0,11.741837,7.204555,2997.0,8.005701,0.1717444,False,False,3,4.062467464332372,-0.02989955074224041,-0.02778529067232151,-1.0420594120025635,-0.10625833988189698,-0.03411657220185405,-0.3655081781460412,0.0,Astrocyte,Astrocyte,-0.1449872027952006
138C5_S131,Hippocampus,138,2H,AST1,1356,7.213031659834869,1.416558e+06,14.163741,51691.0,10.853058,3.6490564,92403.0,11.433926,6.523065,6968.0,8.849227,0.49189654,False,False,2,3.4482555917051974,-0.0864129845221438,-0.09939269646249636,1.3815833258628847,-0.09435637593269348,-0.07724828671927404,-0.49354896653237657,0.0,Astrocyte,Astrocyte,-0.3783176506501008
138C6_S139,Hippocampus,138,2H,AST1,2148,7.67275789664251,1.488546e+06,14.213311,86864.0,11.37211,5.835493,78904.0,11.276,5.300743,9434.0,9.152182,0.63377285,False,False,2,3.9303791392696352,-0.08556758698506571,-0.21529001418990318,-0.15889639139175404,-0.09182390928268433,-0.06647398014261265,-0.8937754559157481,-0.014207735061645507,Astrocyte,Astrocyte,-0.31437840366204317
138C7_S147,Hippocampus,138,2H,AST3,1592,7.373374309910049,1.990306e+06,14.503799,53118.0,10.88029,2.6688359,90068.0,11.408331,4.5253344,6278.0,8.7449665,0.31542888,False,False,3,4.679918162809694,-0.06404033288284762,-0.1253217076412355,-1.1081086277961731,-0.17946213245391845,-0.05876153767710984,1.2289646315814262,0.0,Astrocyte,Astrocyte,0.26618980689717453
138C8_S155,Hippocampus,138,2H,AST1,1599,7.3777589082278725,1.922681e+06,14.469232,56041.0,10.933857,2.9147322,126103.0,11.744863,6.5587068,5815.0,8.668368,0.30244225,False,False,1,3.5481949393215073,-0.11245109447881804,-0.15016759405232438,-0.9191542625427246,-0.014462137222290039,-0.2492244713234179,-0.6400715581436253,0.0,Astrocyte,Astrocyte,-0.19259355208511542
138C9_S163,Hippocampus,138,2H,Mural,1714,7.44716835960004,1.932455e+06,14.474302,32605.0,10.392252,1.687232,91034.0,11.419,4.7107954,15824.0,9.669346,0.81885475,False,False,0,-2.416373776607826,-0.17429825528782217,-0.23301177494453662,2.542085268497467,-0.3014007043838501,4.604781900993501,5.850876787200046,0.0,Mural,Mural,0.6984885000127783
138D10_S172,Hippocampus,138,2H,Mural,1366,7.220373836723949,1.164041e+06,13.967409,25753.0,10.156345,2.2123792,62805.0,11.047806,5.3954287,6957.0,8.847648,0.59765935,False,False,0,-1.709723332540585,-0.18875284650217947,-0.4077977423716073,3.5176257491111755,-0.2071082854270935,-0.1449723821697813,6.493744343369451,0.0,Mural,Mural,2.7543130363018964
138D2_S108,Hippocampus,138,2H,AST1,1640,7.403061091090091,1.783233e+06,14.393939,42571.0,10.658952,2.3872933,79000.0,11.277216,4.4301558,6938.0,8.844913,0.38906863,False,False,3,3.3098151677293197,-0.02361322527554766,-0.08604688716657234,-0.719605740904808,-0.08962235569953919,-0.12941088760742034,-0.3666016395068049,-0.11685132026672364,Astrocyte,Astrocyte,-0.522590903189027
138D3_S116,Hippocampus,138,2H,AST1,1814,7.503840746698951,2.347605e+06,14.668906,53906.0,10.895016,2.2962124,115453.0,11.656628,4.917906,6683.0,8.807472,0.28467312,False,False,3,3.3012702074207247,-0.12340631077637025,-0.13109871233352507,2.5510377752780915,-0.0575274932384491,-0.047048153299273865,-0.46995224305732763,-0.09563183784484863,Astrocyte,Astrocyte,-0.08813006944568808
138D4_S124,Hippocampus,138,2H,AST1,1653,7.4109518755836366,1.867809e+06,14.440277,52674.0,10.871897,2.8200955,98942.0,11.502299,5.2972226,5014.0,8.520188,0.26844287,False,False,3,2.6763281092617675,-0.03688070342768377,-0.09744505629394994,-0.7812905013561249,-0.07774880409240723,-0.10614080260498356,-0.5480965663440264,0.0,Astrocyte,Astrocyte,-0.515188303535092
138D5_S132,Hippocampus,138,2H,AST1,2022,7.612336837167746,2.033488e+06,14.525264,106006.0,11.57126,5.213013,85245.0,11.353296,4.192058,9843.0,9.194617,0.48404512,False,False,2,3.2151666912224783,-0.11773377327463734,-0.35690879821777344,-1.2810096859931945,-0.1408824157714844,0.04210606729141392,-0.8592511301663652,-0.05345571517944336,Astrocyte,Astrocyte,-0.20266615155344214
138D9_S164,Hippocampus,138,2H,AST3,2181,7.687997166393016,2.206683e+06,14.607001,72317.0,11.188828,3.2771811,50252.0,10.824825,2.277264,3893.0,8.267192,0.17641863,False,False,3,2.86716927107566,-0.027457236644610687,-0.29723671470025576,-0.680049010515213,-0.02727243483066559,-0.04931128386295203,-0.8842808867818747,0.0,Astrocyte,Astrocyte,0.2961726425734904
138E10_S173,Hippocampus,138,2H,Mural,1409,7.251344983372214,1.952024e+06,14.484378,30048.0,10.310585,1.5393254,161714.0,11.993591,8.284427,7936.0,8.979291,0.40655237,False,False,0,-2.825469310166406,-0.20551640034920007,-0.14626618437092714,3.4097951942682267,-0.1397048079967499,-0.12267907942184295,3.972667557510299,0.0,Mural,Mural,0.7215679170492296
138E11_S181,Hippocampus,138,2H,AST3,2129,7.6638772587034705,2.705601e+06,14.810835,55661.0,10.927053,2.0572507,109807.0,11.606488,4.0585065,4750.0,8.46611,0.17556173,False,False,3,2.7045426759563505,-0.08589935482446871,-0.04779362738734544,2.6900847715139387,-0.18344541549682616,-0.019979313166454585,-0.8567857616510822,0.0,Astrocyte,Astrocyte,0.15729757591161586
138E2_S109,Hippocampus,138,2H,AST1,1771,7.4798641311650265,1.604729e+06,14.288466,55218.0,10.919063,3.440955,165257.0,12.015264,10.298125,6545.0,8.78661,0.40785703,False,False,1,2.6069434715099025,-0.18371934746977073,-0.15007427876645868,2.764798794388771,-0.09125882625579834,-0.1800173804013416,-0.07263497940858998,0.0,Astrocyte,Astrocyte,-0.523506119076119
138E4_S125,Hippocampus,138,2H,AST1,1372,7.224753405767971,1.584817e+06,14.27598,83320.0,11.330456,5.2573895,175592.0,12.075924,11.079639,8225.0,9.015055,0.51898736,False,False,3,3.0562703609466553,-0.014770228060046632,0.9282752799265312,-0.8002881574630737,-0.14404905319213868,-0.2255132860607571,-0.35119841506133725,0.0,Astrocyte,Astrocyte,-0.41871685715071943
138E5_S133,Hippocampus,138,2H,AST1,1660,7.415175109613295,2.14784e+06,14.579974,162539.0,11.998679,7.5675564,84489.0,11.344389,3.933673,6071.0,8.711443,0.28265604,False,False,3,3.6303954104908174,-0.01728980325574252,-0.22071177369416362,-0.7261300230026245,-0.1282267129421234,-0.1327095778301509,-0.7631600148713769,-0.12954931259155272,Astrocyte,Astrocyte,-0.0290335252607406
138E7_S149,Hippocampus,138,2H,AST4,2820,7.944846711001996,2.758592e+06,14.830232,102639.0,11.538983,3.7207026,92832.0,11.438558,3.3651953,27021.0,10.204407,0.9795214,False,False,6,1.3625657805979579,-0.22021557113633083,-0.38293367865109684,-1.386000200510025,-0.14717308580875396,-0.3847771982351939,-1.234357323628574,-0.2784338903427124,Astrocyte,Astrocyte,-0.357288454629742
138E8_S157,Hippocampus,138,2H,AST1,1409,7.251344983372214,1.931787e+06,14.473957,65642.0,11.091987,3.3979938,122358.0,11.714715,6.3339276,9965.0,9.206935,0.51584363,False,False,1,4.3044332278882225,-0.07399947259893369,-0.11691438670110221,-0.9261274701356887,-0.083458571434021,-0.15215174959163474,-0.5335246522222931,0.0,Astrocyte,Astrocyte,-0.5015942329954425
138E9_S165,Hippocampus,138,2H,AST1,1966,7.584264818389059,2.082727e+06,14.54919,78916.0,11.276152,3.7890706,88791.0,11.394052,4.263209,8014.0,8.98907,0.38478398,False,False,3,3.5773971992763673,-0.07015087376886876,-0.12797968074528857,-1.4214937829971312,-0.23662474632263183,-0.07289739088578658,-0.5737806456771928,0.0,Astrocyte,Astrocyte,-0.18648201510782836
138F11_S182,Hippocampus,138,2H,AST1,2307,7.744136627627991,2.748895e+06,14.82671,84710.0,11.347001,3.0816019,106397.0,11.574942,3.870537,13106.0,9.480902,0.4767734,False,False,3,3.2693759118272965,-0.10919704748757521,-0.2063928327777169,2.168848027586937,-0.008791505098342896,-0.3093227406944891,-0.9677118491287806,-0.16865896701812744,Astrocyte,Astrocyte,-0.8436519050836961
138F1_S102,Hippocampus,138,2H,AST1,1724,7.45298232946546,2.098277e+06,14.556627,113484.0,11.639426,5.4084377,94462.0,11.455963,4.501884,7067.0,8.863333,0.33680016,False,False,2,2.840910419088895,-0.038980856612699115,0.7164970004197323,-1.0973557472229003,-0.06766782283782959,-0.19067642423841688,-0.6806861228080251,0.0,Astrocyte,Astrocyte,-0.5900789282357752
138F2_S110,Hippocampus,138,2H,AST1,2031,7.616775808698373,2.159656e+06,14.58546,46802.0,10.753702,2.1671045,113683.0,11.641178,5.2639403,5863.0,8.676587,0.2714784,False,False,2,1.5627067372447154,-0.038129575887517114,-0.12069231753397469,-0.3902364301681519,-0.12994541883468627,-0.15099151026118884,-0.6667806616979628,-0.03326618671417236,Astrocyte,Astrocyte,-0.2645371096560075
138F4_S126,Hippocampus,138,2H,Neuronal,2950,7.989899374942939,2.620561e+06,14.778899,33835.0,10.42928,1.2911358,91271.0,11.421599,3.48288,43711.0,10.685378,1.6680017,False,False,7,-2.224665209895275,2.741448756737925,0.6266286315942051,0.07616875171661386,-0.518603127002716,-0.33689646287397906,-1.2663433282219585,-0.02998070478439331,Neuron,Neuronal,0.0032624385392725497
138F5_S134,Hippocampus,138,2H,Mural,1846,7.52131798019924,2.292115e+06,14.644986,31313.0,10.351821,1.3661182,94032.0,11.451401,4.1024117,13356.0,9.499796,0.5826933,False,False,0,-2.3713711047433113,-0.0654752233519626,-0.19013617044747477,2.7545539385080335,-0.2755698823928833,-0.1535412675202495,5.933484770544809,-0.0751555633544922,Mural,Mural,5.044957319066202
138F6_S142,Hippocampus,138,2H,AST3,2288,7.735870319952567,2.379136e+06,14.682248,64577.0,11.075629,2.7143047,87744.0,11.38219,3.6880617,9765.0,9.186663,0.41044313,False,False,3,2.471618890762329,-0.020505676017933756,0.2944663410837,1.9140314012765884,0.1586381995677948,-0.02322848577692051,-0.8387734677324343,-0.00985498070716858,Astrocyte,Astrocyte,-0.22475942174510688
138F8_S158,Hippocampus,138,2H,AST1,1569,7.358830898342354,1.919711e+06,14.467686,113124.0,11.636249,5.892762,141718.0,11.861602,7.3822575,7299.0,8.89563,0.3802135,False,False,3,4.652442711949999,-0.03909505671592214,-0.2360584916490497,2.4604768598079683,-0.18793777823448182,-0.05092315481166647,-0.6247587317797407,0.0,Astrocyte,Astrocyte,-0.10198690467366395
138F9_S166,Hippocampus,138,2H,AST1,1592,7.373374309910049,1.823738e+06,14.416399,79622.0,11.285058,4.3658686,99546.0,11.508386,5.4583497,5802.0,8.66613,0.31813782,False,False,3,3.3759914981862886,-0.1021630236850911,-0.19174956552910083,-0.8797326123714447,-0.14157382488250733,-0.08899425858198995,-0.668558759904986,0.0,Astrocyte,Astrocyte,-0.4971918202003772
138G11_S183,Hippocampus,138,2H,AST3,1990,7.596392304064196,2.529921e+06,14.743699,51434.0,10.848074,2.033028,107856.0,11.588562,4.263216,6194.0,8.731498,0.24482977,False,False,4,3.9216825558188173,-0.06278030686642057,-0.2399032438042188,0.5528975135087968,-0.16633772253990173,0.04878259668446551,-0.7953742314223669,0.0,Astrocyte,Astrocyte,0.7549037842798313
138G3_S119,Hippocampus,138,2H,AST3,2014,7.608374474380783,2.418465e+06,14.698644,109240.0,11.601312,4.5169144,85090.0,11.351477,3.5183475,8052.0,8.9938,0.33293846,False,False,3,4.005496600937974,-0.06025427549927678,3.033712341929927,2.151676022410393,0.0,-0.17224892823383062,-0.8009843964073526,0.0,Astrocyte,Astrocyte,-0.3127362873896533
138G5_S135,Hippocampus,138,2H,AST1,2177,7.686162303492906,2.488014e+06,14.726995,93580.0,11.446583,3.761233,70772.0,11.1672325,2.8445177,6752.0,8.817742,0.2713811,False,False,2,3.213535005277624,-0.06071754915630398,-0.05433759996385285,-0.969109565615654,-0.27971657156944274,-0.019974940955036817,-0.6879510876521393,-0.01888517141342163,Astrocyte,Astrocyte,0.6203336707240154
138G6_S143,Hippocampus,138,2H,AST1,1635,7.400009517162692,2.13599e+06,14.574441,69980.0,11.155979,3.2762327,191163.0,12.160887,8.94962,7620.0,8.938663,0.35674325,False,False,3,2.3945326909341453,-0.07307374776907302,1.7637723323070642,-0.7113337135314941,-0.04567242383956909,-0.15868012110392252,-0.7307727324902712,0.0,Astrocyte,Astrocyte,-0.41577904232356305
138G7_S151,Hippocampus,138,2H,Mural,1521,7.3277805384216315,1.662286e+06,14.323705,43322.0,10.676439,2.6061702,141647.0,11.8611,8.521217,10397.0,9.249369,0.62546396,False,False,0,-2.5345731783108634,-0.18656957688643105,-0.4147407581107785,1.2494085681438447,-0.2818640303611755,2.5501361549502675,5.910860972488345,0.0,Mural,Mural,-0.54917945855846
138G8_S159,Hippocampus,138,2H,AST1,2252,7.720017940432244,2.322224e+06,14.658036,81196.0,11.304634,3.496476,86364.0,11.366338,3.719021,9646.0,9.174402,0.41537768,False,False,3,3.7755698467212957,1.2993765650083073,-0.23457524451342496,-1.128639086484909,-0.005023151636123657,-0.26877311745075266,-0.8685375308271629,-0.025675103664398194,Astrocyte,Astrocyte,-0.6335689388650885
138H10_S176,Hippocampus,138,2H,AST1,1632,7.398174092970465,2.224562e+06,14.615071,92317.0,11.432995,4.1498957,127465.0,11.755605,5.7298923,5040.0,8.52536,0.22656144,False,False,3,1.503501731189873,-0.09318568179355793,-0.14670484114174892,-0.6470095574855804,-0.06043130874633789,-0.126879739038872,-0.5150244763149089,0.0,Astrocyte,Astrocyte,-0.014107645602775554
138H5_S136,Hippocampus,138,2H,AST1,2441,7.80057265467065,2.355747e+06,14.672369,121135.0,11.704669,5.1421056,76119.0,11.240067,3.2312043,7819.0,8.964439,0.3319117,False,False,2,3.960528863909466,-0.2606062478755587,-0.42053232801080953,0.8039770823717117,-0.07636860668659211,-0.1792638548696884,-0.7403742907634333,-0.22372817993164062,Astrocyte,Astrocyte,-0.3726147795857889
138H7_S152,Hippocampus,138,2H,AST1,2257,7.722234744709607,2.544409e+06,14.74941,73941.0,11.211037,2.9060187,69664.0,11.151453,2.7379246,8072.0,8.996281,0.3172446,False,False,2,4.003548698998539,-0.11302636885762814,3.1445564609585386,-1.2213101947307587,-0.24040529251098633,-0.1831320295430193,-1.0918849832448527,0.0,Astrocyte,Astrocyte,-0.6133088418570206
138H8_S160,Hippocampus,138,2H,Mural,1592,7.373374309910049,1.596002e+06,14.283013,36425.0,10.503038,2.2822654,111979.0,11.626076,7.016219,4571.0,8.427706,0.28640315,False,False,0,-1.67754891856772,-0.18882258693177498,-0.2416321418502114,2.2044056701660155,-0.1990886902809143,-0.051816588700419726,5.6762524028519294,0.0,Mural,Mural,0.5787180646482811
145A11_S177,Cortex,145,2C,AST2,2410,7.787796878181171,840831.0,13.642147,27152.0,10.209243,3.2291863,35813.0,10.486094,4.2592387,2339.0,7.7579064,0.27817717,False,False,1,3.2776198009324213,-0.14470979137037268,-0.19552561249395814,-1.8956825423240662,-0.071853289604187,-0.15910248563747215,0.4266688637997038,0.0,Astrocyte,Astrocyte,-0.5861508896036419
145A6_S137,Cortex,145,2C,AST2,2391,7.779885115070522,1.12371e+06,13.932147,53196.0,10.881758,4.7339616,47708.0,10.772876,4.2455792,3874.0,8.2623005,0.34475088,False,False,1,1.424796791024547,-0.07330956950259568,-0.3828256939998781,1.96178955078125,-0.05802689969539642,-0.23966472317474058,0.06261981312354004,0.0,Astrocyte,Astrocyte,-0.6345477158853625
145A7_S145,Cortex,145,2C,AST2,1938,7.569927655242652,1.16742e+06,13.970307,46285.0,10.742595,3.9647255,61119.0,11.020595,5.2353907,3263.0,8.090709,0.27950522,False,False,3,2.645667188154544,-0.05721557080446176,-0.24325665560635654,2.461841628551483,-0.20332325696945192,-0.2527232916668208,-0.6152241230010986,-0.016836590766906738,Astrocyte,Astrocyte,0.07049352900810746
145A8_S153,Cortex,145,2C,AST5,2104,7.652070746116482,1.178481e+06,13.979738,51886.0,10.856824,4.4027863,64652.0,11.07679,5.486045,9111.0,9.117348,0.77311385,False,False,1,1.1036926110585528,-0.07040523763877063,-0.13775397189939864,-1.0493425905704499,-0.0660284173488617,-0.1458839912607212,-0.831319983730364,0.0,Astrocyte,Astrocyte,-0.6983171567843235
145B11_S178,Cortex,145,2C,AST2,2626,7.87359778968554,1.680845e+06,14.334807,65842.0,11.095029,3.9171963,45211.0,10.719118,2.689778,6353.0,8.75684,0.37796465,False,False,1,1.9907669929858764,0.5816060821315152,-0.20510872325511895,2.09785289645195,-0.06484002709388732,-0.168734422837845,-1.0299197758861522,0.0,Astrocyte,Astrocyte,-0.6457739521147612
145B12_S186,Cortex,145,2C,AST2,2680,7.893945138235959,650746.0,13.385877,37176.0,10.523445,5.712828,24657.0,10.112857,3.789036,2178.0,7.686621,0.3346928,False,False,1,2.7230487345346335,1.4984231079044055,1.514370818330784,1.193660044670105,-0.02334542751312256,-0.2868836383626919,0.7703791605168251,0.0,Astrocyte,Astrocyte,-0.5007522824610613
145B5_S130,Cortex,145,2C,AST3,1999,7.600902459542082,1.348453e+06,14.11447,49618.0,10.812129,3.6796238,113426.0,11.638915,8.411565,6948.0,8.846354,0.5152571,False,False,1,2.864338513606233,-0.05683244263107453,-0.17836386447000985,-1.220969593524933,-0.05410064160823822,-0.18894466246017302,-1.0793831123778568,-0.01559407114982605,Astrocyte,Astrocyte,-0.5660130386559513
145B6_S138,Cortex,145,2C,AST2,2343,7.759614150696903,1.443694e+06,14.182716,65024.0,11.082527,4.5040016,63397.0,11.057188,4.3913045,5834.0,8.67163,0.40410227,False,False,1,1.7722143449418537,-0.03402389323891108,1.4964569873279996,-1.3708734899759292,-0.10579908311367035,-0.18036388748823995,-1.090995502531828,0.0,Astrocyte,Astrocyte,-0.663245533364444
145B7_S146,Cortex,145,2C,AST2,1993,7.597897950521784,1.322771e+06,14.095241,93011.0,11.440484,7.031527,71031.0,11.170886,5.3698635,5488.0,8.610501,0.4148866,False,False,1,3.5786870991597413,-0.09412463885455874,-0.11028468488442777,2.921370004415512,-0.07552130937576294,-0.18378131016336305,-0.6075756687614786,-0.12404572486877441,Astrocyte,Astrocyte,-0.0421393282325917
145C10_S171,Cortex,145,2C,AST3,2263,7.724888439323074,1.803911e+06,14.405468,51006.0,10.839718,2.827523,68227.0,11.13061,3.782171,5100.0,8.537192,0.28271905,False,False,2,1.7938072678169918,-0.047126212012228656,-0.12389895590868863,-1.3717911076545715,-0.1260752534866333,-0.20848703023159143,-0.9944986623136243,0.0,Astrocyte,Astrocyte,-0.700369637577681
145C11_S179,Cortex,145,2C,AST3,2116,7.6577552711348655,1.228936e+06,14.02166,26476.0,10.1840315,2.154384,51754.0,10.854277,4.211285,3728.0,8.223895,0.30335182,False,False,3,2.465087816363475,-0.07613023441640576,-0.1486980403312529,0.7266066336631775,-0.16001104831695556,-0.06826913958848124,-1.0090263818376628,0.0,Astrocyte,Astrocyte,-0.7748814741637751
145C1_S99,Cortex,145,2C,AST3,2526,7.834788107388194,1.179038e+06,13.98021,46465.0,10.746476,3.9409246,28782.0,10.26754,2.4411428,4477.0,8.406932,0.37971634,False,False,3,1.9991764033752712,-0.026568891714565716,-0.378132255390437,1.970093143582344,-0.17855509757995605,-0.17619722178488068,0.4389635189693777,0.0,Astrocyte,Astrocyte,-0.37790027773240975
145C3_S115,Cortex,145,2C,AST2,1504,7.316548177182976,781558.0,13.569046,17015.0,9.741909,2.1770618,43792.0,10.687229,5.603167,2555.0,7.846199,0.32691112,False,False,1,4.172595030623055,-0.03453995714235546,-0.3491718654680734,-0.49582480430603026,-0.06833353996276856,-0.1973683809993243,-0.6421730668101479,-0.021819555759429933,Astrocyte,Astrocyte,-0.5389986193438803
145C6_S139,Cortex,145,2C,AST3,2716,7.907283609426348,1.328252e+06,14.099375,52887.0,10.875932,3.9816995,34888.0,10.459927,2.62661,5150.0,8.546947,0.38772762,False,False,2,3.900417942166979,-0.06989227377589624,-0.18753974034328652,-1.4168454730510711,-0.249810546040535,-0.3715940442952243,-1.2226838739074055,0.0,Astrocyte,Astrocyte,0.8560242724164897
145C9_S163,Cortex,145,2C,AST3,2668,7.889459149404524,1.545358e+06,14.250767,49595.0,10.811666,3.2092888,40863.0,10.618005,2.6442416,6614.0,8.797095,0.42799142,False,False,4,3.255125559092871,-0.14524988433224473,-0.23671307708277847,-1.3996910905838014,-0.2435426425933838,-0.12765883917760368,0.08602512601631973,-0.06123425483703613,Astrocyte,Astrocyte,3.031604936007466
145D10_S172,Cortex,145,2C,AST2,1858,7.527793987721444,1.374497e+06,14.133599,37975.0,10.54471,2.762829,69418.0,11.147916,5.0504293,2744.0,7.9175363,0.19963668,False,False,1,3.562889479548554,-0.10787865953828821,0.3878563597346797,2.17449371278286,0.0,-0.23676554121152318,-0.13636359946811616,0.0,Astrocyte,Astrocyte,-0.6110061443906794
145D1_S100,Cortex,145,2C,AST3,3118,8.045267716607803,1.39911e+06,14.151348,47660.0,10.771869,3.4064512,26779.0,10.195411,1.9140025,5249.0,8.565984,0.37516707,False,False,4,1.5670121797447,0.321314799426189,-0.35542759148761477,1.1426971352100372,-0.24515034914016723,-0.18546248686434041,-1.1746711898688695,-0.07112081050872802,Astrocyte,Astrocyte,1.1745874006581027
145D4_S124,Cortex,145,2C,AST2,3024,8.014666370464942,1.597751e+06,14.284108,74429.0,11.217614,4.6583605,54362.0,10.9034395,3.4024074,6867.0,8.834628,0.42979163,False,False,1,2.7800623119854535,-0.09254881664736186,-0.22959213274897952,-1.5433484691381454,-0.07211526036262512,-0.10889501162249633,0.23701550463336196,0.0,Astrocyte,Astrocyte,-0.7485491637893034
145D5_S132,Cortex,145,2C,AST2,1683,7.428927194802272,859316.0,13.663893,9241.0,9.131514,1.0753902,45818.0,10.732454,5.3319154,3878.0,8.263332,0.45128918,False,False,1,3.1642181182819646,-0.13913165983842246,-0.059364116553104286,-1.4056867909431459,-0.07748982191085815,-0.05607528156704373,0.6317713380458966,-0.02055175304412842,Astrocyte,Astrocyte,-0.48100646270535424
145D6_S140,Cortex,145,2C,AST1,2186,7.690286020676768,1.205034e+06,14.002019,39794.0,10.591496,3.3023133,57413.0,10.958043,4.76443,3579.0,8.183118,0.29700407,False,False,2,3.21501202661483,-0.1825366643205959,-0.2750409588669286,2.106581676006317,0.0,0.26510851310961175,0.7067078543667817,0.0,Astrocyte,Astrocyte,-0.7098340438880985
145E1_S101,Cortex,145,2C,AST2,1838,7.516977224604321,804922.0,13.598502,38638.0,10.562017,4.8002167,37110.0,10.521668,4.6103845,2122.0,7.6605854,0.26362804,False,False,1,2.2015869278725377,-0.17109908350748032,-0.18906545940071645,-1.23112637758255,-0.06772050857543946,-0.08711627517083678,-0.7905674388061217,0.0,Astrocyte,Astrocyte,-0.5638871754151155
145E2_S109,Cortex,145,2C,AST2,2176,7.685703061234547,893777.0,13.703213,23600.0,10.069044,2.6404796,62088.0,11.0363245,6.946699,3753.0,8.230577,0.4199034,False,False,4,3.5568254423923182,-0.07620510144449359,-0.17420856398765486,-1.1324457430839538,-0.13198755741119383,-0.06470833643518313,-0.8872252588895098,0.0,Astrocyte,Astrocyte,0.36933778920436344
145E3_S117,Cortex,145,2C,AST2,2276,7.7306140660637395,1.32244e+06,14.09499,68978.0,11.141558,5.2159643,41032.0,10.622132,3.1027493,3575.0,8.182,0.27033362,False,False,1,2.5905274875828477,-0.12590284083955852,-0.17851640720560094,1.7811124634742737,-0.20413659811019896,-0.052024429494684395,-0.8116036965020338,0.0,Astrocyte,Astrocyte,-0.3267350731190537
145E4_S125,Cortex,145,2C,AST2,1622,7.392031567514591,974033.0,13.789202,29974.0,10.308119,3.0773084,45112.0,10.716926,4.6314654,2016.0,7.6093664,0.20697449,False,False,3,4.223466797604586,-0.14054431627743208,-0.11982680691613092,1.4863019180297852,-0.15883740186691284,-0.19700140302831476,1.215648137145306,-0.018897347450256348,Astrocyte,Astrocyte,-0.6342693133425832
145E5_S133,Cortex,145,2C,AST3,2449,7.803843303538772,1.266519e+06,14.051784,53510.0,10.887643,4.224966,60058.0,11.003082,4.741974,2661.0,7.886833,0.21010344,False,False,2,3.6303330575182144,-0.03551293437804409,-0.1993988893850885,-0.9138708156347275,-0.19567161560058594,-0.12669594841774065,-0.9795594098579944,-0.039044432640075684,Astrocyte,Astrocyte,-0.6285064826425607
145E6_S141,Cortex,145,2C,AST2,2067,7.63433723562832,1.1233e+06,13.931783,61549.0,11.027605,5.479302,41633.0,10.636672,3.7063117,2270.0,7.7279754,0.20208314,False,False,1,3.423831664147924,-0.12763461036298743,-0.10273200273513794,-1.053072988986969,-0.17531072497367858,-0.02183984566216517,1.038949373978466,-0.21711332321166993,Astrocyte,Astrocyte,-0.2706530421026959
145F10_S174,Cortex,145,2C,AST2,2558,7.847371836159788,1.684251e+06,14.336832,92722.0,11.437372,5.5052366,43309.0,10.676139,2.5714102,8308.0,9.025095,0.49327564,False,False,1,2.0549998286643314,0.5998939739998861,-0.1408378201903719,1.6292189067602159,-0.13420429110527038,-0.26646532615025836,-0.8033656139469626,-0.11712944984436036,Astrocyte,Astrocyte,-0.6546914710823404
145F1_S102,Cortex,145,2C,AST2,2463,7.80954132465341,1.443053e+06,14.182272,87636.0,11.380959,6.072958,45523.0,10.725995,3.1546314,5715.0,8.651025,0.39603534,False,False,1,3.2110130213648898,-0.035010358197006146,-0.15277696017063025,1.725743750333786,-0.2685737252235413,-0.13944207177017676,-0.9264935147223161,-0.1165428638458252,Astrocyte,Astrocyte,-0.6998803767566888
145F2_S110,Cortex,145,2C,AST3,2054,7.628031126930335,751566.0,13.529916,37434.0,10.530361,4.9808,45353.0,10.722254,6.0344667,2686.0,7.8961806,0.3573871,False,False,3,4.02033765524463,-0.1341502468789642,-0.21831506671327533,-0.6092468428611756,-0.13425956249237062,-0.18352117923775105,-0.7028967693223426,0.0,Astrocyte,Astrocyte,-0.045404536248447536
145F3_S118,Cortex,145,2C,AST2,1561,7.3537223303996315,809017.0,13.603577,41570.0,10.635159,5.1383348,49988.0,10.819558,6.178857,4595.0,8.432941,0.5679732,False,False,1,2.4248349699166303,-0.053685435697660974,-0.2735363335320444,-0.7521670353412628,0.0,-0.08594166750859733,-0.45884236199172895,0.0,Astrocyte,Astrocyte,-0.508768501982267
145F5_S134,Cortex,145,2C,AST3,2899,7.9724660159745655,1.209635e+06,14.00583,37566.0,10.533881,3.105565,32870.0,10.400346,2.7173486,5732.0,8.653995,0.47386196,False,False,3,1.894088792019203,-0.14507111113275115,-0.2831998822664974,-1.7472014713287354,-0.07396726369857788,-0.124652477225872,-0.9595377726770525,-0.06501298904418945,Astrocyte,Astrocyte,-0.5454095510489156
145F6_S142,Cortex,145,2C,AST2,1841,7.518607216815252,714507.0,13.479349,25171.0,10.133488,3.5228486,30643.0,10.330193,4.2886915,1289.0,7.1623974,0.18040411,False,False,1,2.768189968307162,-0.1419888662932506,0.546059536512452,-0.8832944846153259,-0.1301325559616089,-0.03460427847775546,-0.8034130029342882,0.0,Astrocyte,Astrocyte,-0.29654452005690446
145F7_S150,Cortex,145,2C,AST1,2506,7.826842098158293,1.553924e+06,14.256294,46794.0,10.753531,3.0113442,48572.0,10.790823,3.1257641,8534.0,9.05193,0.5491903,False,False,2,3.20171026844796,-0.1578379638830022,-0.2737494439187676,-1.5154050070047378,-0.13355725944042207,-0.1508961482481523,-1.2258237234911127,0.0,Astrocyte,Astrocyte,1.1005482545281093
145F8_S158,Cortex,145,2C,AST1,2622,7.872073979866873,1.297784e+06,14.07617,38763.0,10.565248,2.9868608,24977.0,10.125751,1.9245883,5087.0,8.53464,0.39197588,False,False,2,3.8579325503338886,1.047776298906336,-0.32334405575135744,-1.1944250947237014,-0.1245955604314804,-0.22370024943592573,-1.0636610885960374,-0.11738061904907227,Astrocyte,Astrocyte,0.11829507241464021
145F9_S166,Cortex,145,2C,AST3,2652,7.88344635413774,1.790914e+06,14.398237,65400.0,11.088293,3.6517665,45083.0,10.716283,2.517318,9631.0,9.172846,0.5377701,False,False,4,3.3305206357455646,-0.09220597492390542,-0.10580011931332672,0.2798276352882385,-0.1652912712097168,-0.24836360565339677,-0.9939297359792432,-0.01214627742767334,Astrocyte,Astrocyte,1.1103158127734178
145G10_S175,Cortex,145,2C,AST2,1969,7.585788821732034,1.327247e+06,14.0986185,92278.0,11.432571,6.9525867,51745.0,10.854102,3.8986716,3512.0,8.164226,0.26460785,False,False,1,2.771917155531586,-0.10032250144373832,-0.20347088485053091,-1.125477858185768,-0.09095497131347656,-0.1667931970923838,-0.780657762558616,0.0,Astrocyte,Astrocyte,-0.34037520486444783
145G11_S183,Cortex,145,2C,Mural,1885,7.542213463193403,1.125533e+06,13.933768,18988.0,9.851615,1.6870228,72371.0,11.189575,6.4299316,5798.0,8.665441,0.5151337,False,False,0,-3.0800871204157345,-0.2544754731595217,-0.29691286761351304,2.2100588274002075,-0.5189482009410858,-0.34091843378664266,6.448373861049288,0.0,Mural,Mural,-0.114919470962081
145G2_S111,Cortex,145,2C,AST2,2881,7.966239776559467,970871.0,13.78595,43102.0,10.671348,4.4395185,24987.0,10.126151,2.5736685,2356.0,7.765145,0.24266869,False,False,1,3.023563314005326,1.0626431853327918,-0.1446117457717356,0.645957361459732,-0.15170765280723572,-0.5360932843853728,0.08293629366548827,0.0,Astrocyte,Astrocyte,-0.33503672277837837
145G3_S119,Cortex,145,2C,AST2,1986,7.594381242551817,964855.0,13.779735,40313.0,10.604454,4.1781406,55425.0,10.922804,5.7443867,2241.0,7.7151237,0.23226288,False,False,2,3.6508572987519976,-0.060501160933144726,-0.10306647871479843,-1.1052533090114594,-0.009568887948989867,-0.046380476518110794,-0.6455182046746489,0.0,Astrocyte,Astrocyte,-0.6489511009846785
145G5_S135,Cortex,145,2C,AST3,2325,7.75190533307861,1.101175e+06,13.911889,33921.0,10.431819,3.0804367,35644.0,10.481364,3.2369058,3425.0,8.139149,0.3110314,False,False,2,3.127640563933576,-0.1096961048979256,-0.24279521571265328,-1.4294751286506653,-0.1357114017009735,-0.23812264986712522,-0.5949280691805796,0.0,Astrocyte,Astrocyte,-0.8127611811849629
145G6_S143,Cortex,145,2C,AST3,2549,7.843848638152472,1.568694e+06,14.265755,60521.0,11.010762,3.8580499,70642.0,11.165395,4.5032363,6837.0,8.830251,0.43584025,False,False,3,1.2706279474529412,-0.08584368768049844,-0.1848947002430155,-1.4108052992820739,-0.07162653923034668,-0.12601705512615166,-0.8252348157029655,-0.013604793548583984,Astrocyte,Astrocyte,-0.8324747736346543
145G7_S151,Cortex,145,2C,AST3,2332,7.75491027202143,1.333893e+06,14.103613,59511.0,10.993934,4.4614525,64829.0,11.079524,4.8601346,5970.0,8.69467,0.44756216,False,False,2,3.4795068222316896,1.2169671915284352,-0.2179364748675414,-1.4023287653923036,1.5333648025989532,-0.19844707575711337,-1.2468894612250017,0.0,Astrocyte,Astrocyte,-0.6251836501696273
145G8_S159,Cortex,145,2C,AST2,1804,7.498315870766981,650028.0,13.384772,16055.0,9.683838,2.4698935,34460.0,10.447583,5.30131,2784.0,7.932003,0.42828923,False,False,1,3.505434219954444,-0.051959083307927575,-0.2569062625518953,-0.964987895488739,-0.05890092372894287,-0.1457634646483142,-0.7455219791163152,-0.024306011199951173,Astrocyte,Astrocyte,-0.5908831117149187
145H1_S104,Cortex,145,2C,AST3,2892,7.970049304976135,1.439426e+06,14.179756,49258.0,10.804848,3.4220583,34473.0,10.447961,2.394913,9522.0,9.161466,0.6615137,False,False,1,3.037657368378561,0.043869675553623755,0.6832049597393383,1.0656424355506897,-0.29265169858932494,-0.19938276030800559,-1.2573196288928314,0.0,Astrocyte,Astrocyte,-0.8604856762966648
145H4_S128,Cortex,145,2C,AST1,1722,7.45182223652793,1.185543e+06,13.985712,83261.0,11.329747,7.023027,40973.0,10.620693,3.4560535,2337.0,7.757051,0.19712485,False,False,2,4.090046870252475,-0.09034369339295967,-0.09326512163335626,-0.7544411540031433,-0.06764923810958862,-0.10772047380004267,0.42347845959303965,0.0,Astrocyte,Astrocyte,-0.35627225683209096
145H6_S144,Cortex,145,2C,AST1,2233,7.711548979629146,1.111152e+06,13.920909,50419.0,10.828143,4.537543,36794.0,10.513117,3.3113382,4505.0,8.413165,0.4054351,False,False,3,2.6315886531371238,0.3728680937134441,-0.25995663259968615,-1.0874043250083922,0.0821664035320282,-0.10331711263367624,-0.7113600376263336,0.0,Astrocyte,Astrocyte,-0.585245661387758
145H8_S160,Cortex,145,2C,AST3,2152,7.674617497364363,985632.0,13.80104,27719.0,10.22991,2.8123071,33347.0,10.414753,3.3833113,3062.0,8.02715,0.3106636,False,False,2,4.112669017145542,-0.12678876174754233,-0.2170198011879969,2.271928277015686,-0.2740070509910584,-0.11991589960425791,-0.9124214259823363,0.0,Astrocyte,Astrocyte,-0.7293782781479952
145H9_S168,Cortex,145,2C,AST2,2003,7.602900462204755,1.276632e+06,14.059737,51394.0,10.847296,4.025749,53179.0,10.881437,4.1655703,3820.0,8.248267,0.29922485,False,False,3,2.108077186052917,-0.027869852343995367,-0.05800596632138649,-0.7868587422370911,-0.23919893741607667,-0.007930613527394305,-0.8467009792375804,0.0,Astrocyte,Astrocyte,-0.13036507815868903
148A10_S361,Hippocampus,148,2H,AST3,2249,7.718685495198466,2.106402e+06,14.5604925,65585.0,11.091118,3.113603,65124.0,11.084064,3.0917175,7517.0,8.9250555,0.35686445,False,False,2,3.932153520688333,-0.13803439343993987,-0.16898548121404167,-1.313026248216629,-0.005390803813934326,-0.13314222326182357,-1.016962660017924,0.0,Astrocyte,Astrocyte,-0.6256876318950287
148A11_S369,Hippocampus,148,2H,AST1,2023,7.6128310304073565,1.939384e+06,14.477881,98066.0,11.493406,5.056554,91251.0,11.42138,4.705154,14850.0,9.605823,0.7657071,False,False,3,3.709970295754939,-0.06817997430437174,-0.10454160547015642,-0.9480637121200561,-0.18997978746891023,-0.18135008667454575,-0.5798125899017755,0.0,Astrocyte,Astrocyte,-0.5726838925968426
148A12_S377,Hippocampus,148,2H,AST1,2761,7.923710333969238,2.453813e+06,14.713154,56033.0,10.933714,2.2835073,77488.0,11.257892,3.1578608,8985.0,9.103423,0.3661648,False,False,2,1.9454848017197488,-0.08785644757687747,-0.19635301587557552,-1.5761582288146019,-0.13229675889015197,-0.21501461393905408,-1.1361689531623418,-0.04889632880687714,Astrocyte,Astrocyte,-0.7676830166369328
148A1_S289,Hippocampus,148,2H,AST3,2068,7.634820677745543,1.201409e+06,13.999006,41893.0,10.642898,3.486989,53448.0,10.886483,4.4487762,3107.0,8.041735,0.258613,False,False,3,3.257199790308384,1.6644865735691396,-0.21663333550848143,1.9383426892757416,-0.05658988952636719,-0.30818577968713007,-0.8833263142025052,0.0,Astrocyte,Astrocyte,0.3639650979454012
148A2_S297,Hippocampus,148,2H,AST3,2812,7.9420068084898565,1.831187e+06,14.420476,46320.0,10.743351,2.5295067,39082.0,10.573442,2.1342442,9192.0,9.126198,0.5019695,False,False,1,2.2026100803594124,-0.17683447365784766,-0.271206375926432,1.5022571384906769,-0.3731607782840729,-0.07572031261945011,-1.082806939455732,0.0,Astrocyte,Astrocyte,-0.5123776470579966
148A3_S305,Hippocampus,148,2H,Neuronal,3083,8.03398273468322,1.648273e+06,14.315239,32673.0,10.394335,1.9822565,56580.0,10.943429,3.4326837,21839.0,9.991499,1.3249625,False,False,7,-2.5163092280997605,3.015951427982081,-0.5782551819627936,-1.4306528687477111,-0.6315318858623504,-0.5220630000336002,0.4823115261355837,-0.11318913221359253,Neuron,Neuronal,0.597506556218375
148A7_S337,Hippocampus,148,2H,AST1,1641,7.403670290012373,1.594356e+06,14.281981,28682.0,10.26406,1.7989708,88595.0,11.391842,5.556789,4478.0,8.407155,0.28086576,False,False,3,4.770727600556254,-0.030896277882944998,-0.3208483174593762,-0.6475918817520142,-0.0598772394657135,-0.16571225301183837,-0.7195089935657367,-0.013548221588134766,Astrocyte,Astrocyte,-0.029878285472500488
148A9_S353,Hippocampus,148,2H,AST1,2835,7.950149887652018,1.883138e+06,14.448451,53436.0,10.886259,2.837604,45940.0,10.735113,2.4395452,8394.0,9.035392,0.44574532,False,False,2,3.0770539520868176,-0.11742582423004073,-0.38072376991763257,1.3398840880393983,0.3310912162065506,-0.24476741239278002,-0.8843023528405769,-0.011688796281814575,Astrocyte,Astrocyte,-0.043786832207630355
148B10_S362,Hippocampus,148,2H,AST1,1665,7.418180822726788,1.327665e+06,14.098933,82000.0,11.3144865,6.1762567,108657.0,11.595961,8.184067,5942.0,8.689969,0.44755265,False,False,1,3.6410570196766665,-0.13229701686744114,-0.22716001428738988,2.6008105731010436,-0.007868719100952149,-0.10884850193755795,-0.3824913621547833,0.0,Astrocyte,Astrocyte,-0.5383675452663823
148B11_S370,Hippocampus,148,2H,AST3,2020,7.611347717403621,1.936812e+06,14.476555,78259.0,11.267792,4.040609,79040.0,11.277722,4.080933,3900.0,8.268989,0.20136184,False,False,3,2.2649864277553045,-0.038396089520286676,-0.23054910368389553,2.353126738071442,-0.13838399410247804,-0.0058529593727805395,-0.621219071910609,0.0,Astrocyte,Astrocyte,-0.3870314824237847
148B12_S378,Hippocampus,148,2H,AST1,2014,7.608374474380783,1.53259e+06,14.242471,51666.0,10.852574,3.371156,84732.0,11.34726,5.5286803,7814.0,8.9638,0.50985587,False,False,6,4.175745392106269,-0.10058757408180428,-0.4310794508818424,-1.1785251480340957,-0.17750388264656067,-0.20256230144789725,0.44264962685168086,-0.10014401435852051,Astrocyte,Astrocyte,-0.09936754930397507
148B1_S290,Hippocampus,148,2H,Mural,1433,7.2682230211595655,1.383443e+06,14.140086,16161.0,9.690418,1.1681725,124098.0,11.728835,8.970228,5484.0,8.609773,0.39640233,False,False,0,-1.2695054047094667,-0.09778492414771613,-0.30426660511228776,2.842289447784424,-0.10988186120986938,-0.07840722979921283,6.394659443117266,0.0,Mural,Mural,0.3911362531686665
148B3_S306,Hippocampus,148,2H,AST1,2559,7.847762537473608,1.923985e+06,14.46991,69104.0,11.143382,3.5917118,54168.0,10.899864,2.8154066,7073.0,8.8641815,0.3676224,False,False,2,2.138676974291359,-0.12343193717937373,0.6821754911933282,-1.2758293616771699,1.3360663318634034,-0.018010051563532664,0.6617976858388239,0.0,Astrocyte,Astrocyte,0.029506054963412742
148B4_S314,Hippocampus,148,2H,AST1,2065,7.633369649679584,1.450073e+06,14.187125,58895.0,10.983528,4.0615196,95590.0,11.467834,6.592082,3871.0,8.261526,0.26695207,False,False,2,3.132591650134227,-0.08319216697060283,-0.22961248773517032,-0.8853678035736084,0.4983431673049927,-0.2730553752244121,-0.8220135057391833,0.0,Astrocyte,Astrocyte,-0.17769664555837794
148B7_S338,Hippocampus,148,2H,AST1,1194,7.085901464365611,1.139643e+06,13.946226,30926.0,10.339385,2.713657,69774.0,11.153031,6.1224437,2296.0,7.7393594,0.2014666,False,False,2,3.2174429411445162,-0.02788646077390891,-0.10322428983871383,2.6147025460004807,-0.08405329763889313,-0.08332360212248985,1.1367350487253773,0.0,Astrocyte,Astrocyte,0.022294535412016203
148B8_S346,Hippocampus,148,2H,AST1,1927,7.564238475170491,1.185078e+06,13.98532,80815.0,11.299931,6.819382,100730.0,11.520209,8.499863,7131.0,8.872347,0.60173255,False,False,2,3.2046802591104973,-0.07814932109123499,-0.19027426989391596,-1.013704204559326,-0.11845292568206787,-0.06660602550313931,-0.8135487026904695,-0.03709554672241211,Astrocyte,Astrocyte,-0.5171962094824382
148C10_S363,Hippocampus,148,2H,AST4,2658,7.88570539124302,1.998578e+06,14.507947,133267.0,11.8001175,6.668091,82559.0,11.3212805,4.130887,32028.0,10.374397,1.6025394,False,False,6,-0.5781287651895828,-0.2865052166296609,-0.4638701556908964,-1.8611803525686264,-0.13191030621528627,-0.2776138662087797,-1.2019167449606123,-0.3416619324684143,Astrocyte,Astrocyte,0.7578690543596653
148C11_S371,Hippocampus,148,2H,AST2,1739,7.461640392208575,1.72859e+06,14.362817,62690.0,11.045973,3.6266553,81911.0,11.313401,4.738602,5854.0,8.675052,0.33865753,False,False,3,4.10027817038239,-0.0076062547501607155,-0.11490495788930642,2.9713246750831606,-0.14957671523094176,0.10229582076120859,-0.7937500545726949,0.0,Astrocyte,Astrocyte,-0.10768756812721342
148C12_S379,Hippocampus,148,2H,AST1,2033,7.617759576608505,1.986563e+06,14.501917,49619.0,10.812149,2.497731,96615.0,11.478499,4.863425,10385.0,9.248214,0.5227622,False,False,3,2.1235445806237516,-0.1827939245569047,-0.24766001526755516,1.8671197193861007,-0.08079340696334839,-0.09615240193376637,-0.7347553099819164,0.0,Astrocyte,Astrocyte,-0.6141170587682963
148C2_S299,Hippocampus,148,2H,Endothelial,2478,7.8156105320351905,1.687113e+06,14.33853,68587.0,11.135873,4.065347,86331.0,11.365955,5.1170845,32641.0,10.393355,1.9347253,False,False,5,-1.6397645870844524,-0.27177624546702783,1.2063461506005488,-1.58004261136055,-0.5422422122955323,8.184700956248273,1.3351956947365,-0.13929779052734376,Endothelial,Endothelial,3.065548375348416
148C3_S307,Hippocampus,148,2H,AST1,2404,7.785305182539862,1.753422e+06,14.377081,53071.0,10.879405,3.02671,57731.0,10.963567,3.292476,8362.0,9.031572,0.47689602,False,False,3,3.7631957013098916,-0.07025153792683203,-0.2571891076637037,-1.370666292309761,-0.061102603673934934,-0.1406756868266096,-1.0440870529443176,-0.13863210678100585,Astrocyte,Astrocyte,-0.12079741660262988
148C4_S315,Hippocampus,148,2H,AST4,2538,7.839525581704678,1.504616e+06,14.224049,58711.0,10.980399,3.9020586,59776.0,10.998376,3.972841,8187.0,9.010425,0.54412556,False,False,3,0.8284312343336842,-0.1704862321441497,-0.21446461870212746,1.9177024626731873,-0.18670756340026856,-0.3231559738968358,-0.7816137590600019,-0.10157161712646484,Astrocyte,Astrocyte,-0.4507981044720728
148C5_S323,Hippocampus,148,2H,AST1,2106,7.653020413804189,1.578229e+06,14.271814,37209.0,10.524333,2.3576427,79328.0,11.281359,5.0263934,7537.0,8.927712,0.4775606,False,False,3,2.5963239137266507,-0.10888666154152185,-0.3529547958663016,-1.1671798431873321,-0.017599396109580993,0.1234653971411965,-0.7958859495781175,0.0,Astrocyte,Astrocyte,-0.4756715535520512
148C7_S339,Hippocampus,148,2H,AST1,1723,7.452402451223638,1.532453e+06,14.242381,55328.0,10.921053,3.6104207,74049.0,11.212496,4.832057,4875.0,8.492081,0.3181174,False,False,3,2.2864969649601496,-0.08610189140741549,-0.17182098976289384,2.1261767637729645,-0.13859829425811768,-0.06743296709927646,-0.7610959239940548,-0.013863348960876464,Astrocyte,Astrocyte,-0.4441623393203659
148D10_S364,Hippocampus,148,2H,AST1,1821,7.507690077819904,1.440202e+06,14.180295,68901.0,11.140441,4.7841206,87594.0,11.380479,6.0820637,6459.0,8.773385,0.44847876,False,False,2,3.1766086927528594,-0.060424287115509186,-0.2733103867733117,-0.6282356762886048,-0.15518990993499757,-0.3028673692183061,-0.5566002256307171,-0.12507348537445068,Astrocyte,Astrocyte,-0.4207113868555362
148D11_S372,Hippocampus,148,2H,AST3,2369,7.7706452341291765,1.881162e+06,14.447401,41553.0,10.634749,2.2089007,108700.0,11.596356,5.778343,8576.0,9.05684,0.45588845,False,False,2,3.35435949518381,-0.14555287001720027,-0.15496735259740038,-1.1907701361179353,-0.11675184726715088,-0.17650666863027245,-0.8237916884110801,0.0,Astrocyte,Astrocyte,-0.6634006937328284
148D12_S380,Hippocampus,148,2H,AST1,2080,7.640603826393634,1.393039e+06,14.146999,33408.0,10.41658,2.39821,86626.0,11.369367,6.2184906,6978.0,8.850661,0.5009192,False,False,2,3.9126515857508926,-0.02599056941180972,-0.17861992120742798,-1.2248476243019104,1.6544547307491302,-0.12189229931494203,-0.987647441164333,-0.014993422031402588,Astrocyte,Astrocyte,-0.3042839542653206
148D1_S292,Hippocampus,148,2H,AST1,1666,7.418780882750794,1.11564e+06,13.92494,72936.0,11.197351,6.5375924,60599.0,11.012051,5.4317703,5017.0,8.520786,0.44969702,False,False,2,3.465470105572477,-0.04371317307553699,-0.28270390057804606,-1.040351598262787,0.0,-0.07338829955669364,-0.45726989741301416,0.0,Astrocyte,Astrocyte,-0.5021842135013841
148D3_S308,Hippocampus,148,2H,AST1,1504,7.316548177182976,1.149138e+06,13.954523,54541.0,10.906726,4.7462535,90940.0,11.417966,7.913758,4706.0,8.456806,0.40952438,False,False,1,3.08006368699621,-0.030377023783161414,-0.24375947376694343,-0.7947000777721405,-0.07421956181526185,-0.07322885050918117,-0.7268609024172452,-0.026478161811828615,Astrocyte,Astrocyte,-0.4673899987305146
148D6_S332,Hippocampus,148,2H,AST1,1791,7.491087593534876,1.33399e+06,14.103685,65312.0,11.0869465,4.895989,57989.0,10.968026,4.347034,4235.0,8.351375,0.31746864,False,False,3,4.138423952899996,-0.03295989252215055,-0.08012714349862302,2.3643075013160706,-0.01190156102180481,-0.08263616971295289,-0.6438841202750278,0.0,Astrocyte,Astrocyte,-0.4170865266520113
148D7_S340,Hippocampus,148,2H,AST3,1764,7.475905969367397,1.557867e+06,14.258829,65036.0,11.082711,4.1746826,60395.0,11.008678,3.876775,2139.0,7.668561,0.13730311,False,False,3,3.230612259744947,-0.036987163912710834,-0.2121395685456016,-0.7823456823825836,-0.13301549911499022,-0.10197175151169902,-0.59476430931283,0.0,Astrocyte,Astrocyte,-0.4363279000347564
148D8_S348,Hippocampus,148,2H,AST1,2161,7.6787889981991535,1.559e+06,14.259556,46871.0,10.755176,3.0064785,60831.0,11.015871,3.9019241,7004.0,8.85438,0.44926232,False,False,2,2.9311192120359246,-0.08253020826895632,-0.014256593404394197,2.1820181226730346,-0.21114652633666992,-0.18138739556977243,-0.8578280821517484,0.0,Astrocyte,Astrocyte,-0.6442272265088778
148D9_S356,Hippocampus,148,2H,Neuronal,2975,7.998335395952982,1.58302e+06,14.274846,21973.0,9.997615,1.388043,54959.0,10.914361,3.4717817,27923.0,10.237242,1.7639068,False,False,7,-3.2726913143376835,4.292912448171395,-0.578222867515352,-1.8994663059711456,-0.5551341110467911,-0.6014911225347808,-1.3589195495274797,-0.013446136713027954,Neuron,Neuronal,-0.23931759342128323
148E10_S365,Hippocampus,148,2H,AST2,2050,7.62608275807238,2.112016e+06,14.563154,49807.0,10.815931,2.3582683,138337.0,11.837456,6.549998,8608.0,9.060563,0.40757266,False,False,1,3.2570074099660573,-0.036190066505317114,-0.09753808228656499,2.126577355861664,-0.0055393648147583005,-0.1254969799157345,-0.8967088418989325,0.0,Astrocyte,Astrocyte,0.005521644584722651
148E11_S373,Hippocampus,148,2H,AST4,1828,7.511524648390866,1.953571e+06,14.48517,37633.0,10.535664,1.9263698,142454.0,11.866781,7.2919793,11950.0,9.38857,0.6117003,False,False,6,1.8398251025403134,-0.05673061483469441,-0.16361609131398827,-0.8281212592124939,0.061720579862594604,-0.2996102583528769,0.6528338421529262,0.0,Astrocyte,Astrocyte,-0.4325606648332886
148E1_S293,Hippocampus,148,2H,AST1,1779,7.484368643286131,1.582381e+06,14.274442,63644.0,11.061076,4.0220404,79881.0,11.288306,5.048152,8323.0,9.026898,0.5259795,False,False,3,2.471515588747348,-0.017084067490831693,-0.14454285845612036,2.178133242726326,-0.07563904404640198,-0.1021958715987928,-0.6854693089897309,0.0,Astrocyte,Astrocyte,-0.509541565368888
148E2_S301,Hippocampus,148,2H,AST4,2967,7.995643604287271,2.035317e+06,14.526163,60260.0,11.00644,2.9607182,59345.0,10.99114,2.915762,17164.0,9.7506275,0.8433084,False,False,6,1.9708924345631411,-0.1797588099187343,-0.3009981765891566,-1.740570594072342,-0.3639332449436188,-0.3733171405214252,-1.1150120269114048,-0.20109617233276367,Astrocyte,Astrocyte,-0.048310680908830506
148E5_S325,Hippocampus,148,2H,AST1,1855,7.526178913346146,1.442409e+06,14.181826,61655.0,11.0293255,4.2744465,67857.0,11.125173,4.7044215,6005.0,8.700514,0.41631743,False,False,2,3.173476483652501,-0.058137169435395666,1.0656457708941565,2.3513903319835663,0.0,-0.14653451153726288,-0.6076762888898801,0.0,Astrocyte,Astrocyte,-0.1276511747470881
148E6_S333,Hippocampus,148,2H,AST3,2981,8.000349495324684,1.858848e+06,14.435468,56397.0,10.940189,3.0339758,34494.0,10.448569,1.8556654,7487.0,8.921057,0.40277633,False,False,3,1.7085186458024824,-0.19657423088898013,-0.3329270530228663,1.6611913388967514,-0.21024071991443635,-0.06130116154449155,-1.2645239874945213,-0.03623258948326111,Astrocyte,Astrocyte,-0.504494188972228
148E7_S341,Hippocampus,148,2H,AST1,2040,7.621195162809845,2.056352e+06,14.536445,51668.0,10.852613,2.512605,66257.0,11.101312,3.222065,8450.0,9.04204,0.41092187,False,False,2,3.5733835410550636,-0.04937604084685819,-0.16595018752897628,1.7143395090103148,-0.05853650569915771,-0.11798740456802677,-0.8617158397358267,-0.01099649429321289,Astrocyte,Astrocyte,-0.6049194318150638
148E8_S349,Hippocampus,148,2H,Endothelial,1805,7.498869733976931,1.655606e+06,14.319678,31401.0,10.354627,1.896647,152543.0,11.935208,9.213726,16841.0,9.731631,1.0172106,False,False,5,-2.5495302598984515,-0.23113227010372295,-0.45777429956378357,-1.4409494817256927,-0.3199280619621277,8.674370650089148,1.694660939163898,-0.13420682907104492,Endothelial,Endothelial,5.604928192192804
148E9_S357,Hippocampus,148,2H,AST1,2173,7.684324067681155,1.764702e+06,14.383493,40378.0,10.606065,2.2880917,75849.0,11.236513,4.2981195,6730.0,8.814479,0.3813675,False,False,3,2.8753099135362383,-0.04479082625115936,-0.25680338132261027,-0.9587238508462906,-0.3680761003494263,-0.09568903542528248,-0.8784729140487748,-0.012455447912216186,Astrocyte,Astrocyte,-0.22177858459133537
148F1_S294,Hippocampus,148,2H,Mural,1900,7.550135342488429,1.542867e+06,14.249154,22338.0,10.01409,1.4478241,82412.0,11.319498,5.3414845,11897.0,9.384126,0.7710969,False,False,0,-2.8143245665753476,-0.1247337008241433,-0.2898181387872407,2.6295461654663086,-0.21602424144744872,2.2379819937426633,5.994962084832503,0.0,Mural,Mural,3.5859801978469887
148F2_S302,Hippocampus,148,2H,Endothelial,2478,7.8156105320351905,1.596236e+06,14.283159,37159.0,10.522988,2.327914,57611.0,10.961486,3.6091783,16463.0,9.708932,1.0313637,False,False,5,-3.585115303758715,-0.31782378802946465,-0.5712628328438961,-1.2566646814346314,-0.7107623958587647,7.712320756430577,5.83940063109949,-0.040324130058288575,Endothelial,Endothelial,3.6364342359474584
148F3_S310,Hippocampus,148,2H,AST3,2337,7.757051142032013,1.731407e+06,14.364446,90292.0,11.410815,5.214949,60096.0,11.0037155,3.4709342,8355.0,9.030735,0.48255554,False,False,2,3.2385303804783216,-0.11286932679276969,-0.18063002102302783,-1.1881193971633912,-0.29857407689094545,-0.15734975988214667,-0.988293120609456,0.0,Astrocyte,Astrocyte,0.03245080786077725
148F5_S326,Hippocampus,148,2H,AST1,2425,7.793999089503996,1.999699e+06,14.508508,74003.0,11.211874,3.7007072,54363.0,10.903458,2.718559,11935.0,9.387315,0.59683985,False,False,2,2.4843437476236314,-0.12406240575876668,-0.1549783589864018,-0.8224000895023346,-0.0705281686782837,-0.08643444981237855,0.6517277656488083,0.0,Astrocyte,Astrocyte,-0.606684602610456
148F6_S334,Hippocampus,148,2H,AST1,1842,7.519149957669823,1.231146e+06,14.023457,74026.0,11.212185,6.012772,71414.0,11.176263,5.800612,7631.0,8.940105,0.619829,False,False,2,4.115517246267184,-0.14729611568115464,-0.3305472159626508,-1.2728566533327104,-0.19024724125862122,-0.17717914027397078,-0.6313369187278364,-0.37258358955383303,Astrocyte,Astrocyte,-0.5325619727621891
148F7_S342,Hippocampus,148,2H,AST1,1310,7.1785454837637,1.182379e+06,13.98304,73489.0,11.204905,6.2153506,101052.0,11.5234,8.546498,3050.0,8.023225,0.2579545,False,False,1,3.0535591857029445,0.6260961324126277,-0.09275682074855073,-0.6555564546585083,-0.18245265662670135,-0.04021823526632906,-0.45925596311463784,0.0,Astrocyte,Astrocyte,0.2650696642025186
148F8_S350,Hippocampus,148,2H,Mural,1453,7.282073658093465,1.216573e+06,14.011549,16702.0,9.723344,1.3728728,87557.0,11.380056,7.1970196,11946.0,9.388235,0.98193866,False,False,0,-2.9708456667394585,1.6791283371460497,-0.159899930761318,2.9705074143409727,-0.14344618320465086,-0.13746010655104512,6.5059911449949945,0.0,Mural,Mural,0.0562655779475561
148G10_S367,Hippocampus,148,2H,AST2,1902,7.551186867296149,1.855855e+06,14.433857,53250.0,10.8827715,2.8692973,78572.0,11.271784,4.233736,10091.0,9.219499,0.5437386,False,False,3,3.2481549150956788,-0.07899947501906199,-0.12226295561501474,2.1566841542720794,0.01576005935668945,-0.09076973163720334,-0.7824661309395603,-0.10415275573730469,Astrocyte,Astrocyte,-0.2747145797155536
148G1_S295,Hippocampus,148,2H,Mural,1505,7.317212408359839,1.036034e+06,13.850911,26542.0,10.186522,2.561885,81550.0,11.308984,7.871363,5869.0,8.67761,0.5664872,False,False,0,-2.367623317437094,-0.2015140691594263,-0.22518631274049933,0.4010277730226517,-0.2715815305709839,-0.2734534355125042,6.24195507213698,0.0,Mural,Mural,-0.14226883415984792
148G2_S303,Hippocampus,148,2H,AST1,1995,7.59890045687141,1.63846e+06,14.309268,127288.0,11.754215,7.7687583,50583.0,10.83139,3.087228,7144.0,8.874168,0.4360192,False,False,2,3.2967322172362943,-0.009824550631058276,-0.2629677788777785,-1.1185248893499375,1.4510247325897216,-0.006582779715759586,-0.9547609048872138,0.0,Astrocyte,Astrocyte,-0.642579826966351
148G3_S311,Hippocampus,148,2H,AST1,2125,7.661997558901893,847197.0,13.64969,36375.0,10.501664,4.2935705,31775.0,10.3664665,3.7506037,1420.0,7.259116,0.16761154,False,False,2,3.7161183585234685,-0.05563573681529443,-0.17851808817699702,-1.2934812331199645,-0.10736239433288575,-0.025729760979161118,-0.8485466295750297,0.0,Astrocyte,Astrocyte,-0.7292684016124235
148G4_S319,Hippocampus,148,2H,AST1,1848,7.522400231387125,1.392848e+06,14.146862,77411.0,11.256897,5.5577493,93803.0,11.448963,6.7346187,4977.0,8.512783,0.35732543,False,False,3,2.4668486808818546,-0.08351796296373684,-0.3424969803203236,-1.1444010829925537,7.002197673916816,-0.22399216589301524,-0.645205209003621,0.0,Astrocyte,Astrocyte,0.07799461740185704
148G6_S335,Hippocampus,148,2H,AST3,2319,7.749322464660356,1.606613e+06,14.289639,70819.0,11.167897,4.4079685,54352.0,10.903255,3.3830178,6068.0,8.710949,0.37768894,False,False,3,2.0427177890402373,-0.17363026543478272,-0.21563104577738829,-1.5509923279285431,-0.059969482421875,-0.1504402859042389,-0.8340880128007438,0.0,Astrocyte,Astrocyte,-0.37273434242342474
148G8_S351,Hippocampus,148,2H,AST3,2213,7.7025561132685825,1.553944e+06,14.256308,71244.0,11.17388,4.584721,49352.0,10.806754,3.1759188,6986.0,8.851807,0.44956574,False,False,3,3.609137127959664,-0.15350734408776365,-0.23806120711143572,2.020553789138794,-0.18903847813606262,-0.00684802821188262,-0.8450636204762675,-0.0999431562423706,Astrocyte,Astrocyte,-0.6979901040336723
148G9_S359,Hippocampus,148,2H,AST1,1814,7.503840746698951,1.674865e+06,14.3312435,41718.0,10.638712,2.4908276,84436.0,11.343761,5.041362,8396.0,9.03563,0.50129414,False,False,3,3.05195951461792,-0.15181374370153225,-0.22358811864949235,-0.9270791864395141,-0.07296387672424316,-0.22068773134790284,-0.7396582041553517,0.0,Astrocyte,Astrocyte,-0.5265977951839491
148H10_S368,Hippocampus,148,2H,AST3,1806,7.499423290592229,1.942808e+06,14.479646,81816.0,11.312241,4.211224,89793.0,11.405273,4.621815,7626.0,8.93945,0.39252463,False,False,3,4.256595975062886,-0.1753826836245743,-0.09498852069931801,2.793109800815582,-0.009454735517501832,-0.15095674630367395,-0.6382838637385536,-0.023221888542175294,Astrocyte,Astrocyte,-0.15711008054585207
148H11_S376,Hippocampus,148,2H,AST1,1389,7.237059026124737,1.530319e+06,14.240988,22968.0,10.041901,1.5008636,102716.0,11.539733,6.7120647,4413.0,8.392536,0.28837126,False,False,1,3.4533284433552476,-0.10590819557707513,-0.09125322765774196,3.503542561531067,-0.09377678751945495,-0.00711072093308574,-0.5127201877047668,-0.014079227447509765,Astrocyte,Astrocyte,-0.4488905883193613
148H2_S304,Hippocampus,148,2H,AST4,2289,7.736307096548285,1.47457e+06,14.203877,86684.0,11.370036,5.8785954,67714.0,11.123063,4.5921183,22098.0,10.003287,1.4986063,False,False,6,0.37175849747788003,-0.11359257464432836,-0.24316314675591208,-1.571627893447876,-0.3612810307741165,-0.2527057191338202,-0.7404344213667826,-0.057353973388671875,Astrocyte,Astrocyte,-0.7800385864429761
148H4_S320,Hippocampus,148,2H,AST1,2916,7.978310969867722,1.802394e+06,14.404627,66811.0,11.109638,3.7067924,50387.0,10.827508,2.7955596,9326.0,9.140669,0.5174229,False,False,1,2.7112147860188305,1.146674291572379,-0.12071112851903897,-1.69821861743927,-0.11474060773849487,-0.12063139737254441,-1.2212254863288534,0.0,Astrocyte,Astrocyte,-0.8760520066562201
148H9_S360,Hippocampus,148,2H,AST1,2002,7.602401335665818,1.77052e+06,14.386785,49341.0,10.806531,2.7868085,83542.0,11.333117,4.7185006,7837.0,8.966739,0.44263834,False,False,3,4.446012172542635,-0.05454652872516881,-0.11491832829485035,-1.2435168993473054,-0.061488276720046996,-0.1285637075250799,-0.7281580911808877,0.0,Astrocyte,Astrocyte,0.10867528007902172
155A11_S81,Cortex,155,2C,AST2,1933,7.56734567601324,2.595724e+06,14.769377,112272.0,11.628689,4.3252673,104705.0,11.558911,4.033749,7873.0,8.971321,0.30330652,False,False,1,3.3491399157894106,-0.10136926773205475,-0.17497647561208166,-1.0945969420671462,-0.0046087104082107545,-0.12736496058377353,-0.5792366811378518,0.0,Astrocyte,Astrocyte,-0.0911600715939409
155A12_S89,Cortex,155,2C,AST3,2835,7.950149887652018,2.889293e+06,14.876523,68655.0,11.136864,2.3761868,62002.0,11.034938,2.145923,8501.0,9.048057,0.29422423,False,False,1,2.7540565071210175,-0.08712651052666669,-0.18189092055715697,-1.225078819990158,-0.19952833026647568,-0.103044665221012,-1.1475704457592126,0.0,Astrocyte,Astrocyte,-0.8683536159176262
155A3_S17,Cortex,155,2C,AST1,1481,7.301147805856032,1.853463e+06,14.432567,63493.0,11.058701,3.4256418,109196.0,11.600909,5.8914585,3461.0,8.149602,0.18673153,False,False,3,3.2074057011982138,-0.031375868236599255,-0.14165594120218297,-0.9021991139650345,-0.07164719521999359,-0.09341613210812964,-0.44422781766958575,0.0,Astrocyte,Astrocyte,-0.32819022021827
155A4_S25,Cortex,155,2C,AST3,2574,7.853604813097837,2.607282e+06,14.773819,61057.0,11.01958,2.3417873,69341.0,11.146806,2.6595128,8638.0,9.064042,0.33130288,False,False,4,3.785562801882218,-0.06271914651046447,-0.26381796116780754,-1.3454856342077255,-0.19377524316310882,-0.22007682407745208,-0.7580526054055248,0.0,Astrocyte,Astrocyte,2.313677365224628
155A5_S33,Cortex,155,2C,AST3,2373,7.772331575169614,2.676834e+06,14.800146,102241.0,11.535098,3.819475,57657.0,10.962284,2.153925,7987.0,8.985696,0.29837486,False,False,2,3.8770680750002624,-0.17417239468900403,-0.22696819690742878,-0.9102434858679771,-0.12187207460403443,-0.14976994316987316,-0.9413462007165554,0.0,Astrocyte,Astrocyte,-0.7215620750477397
155A6_S41,Cortex,155,2C,AST2,1933,7.56734567601324,2.186343e+06,14.597741,124152.0,11.72927,5.6785235,84795.0,11.348003,3.8783941,6095.0,8.715388,0.27877602,False,False,1,3.9477578551391437,0.11605762446945037,-0.18238923676086194,-0.8785083889961243,-0.11056740283966064,-0.014117600339831728,-0.7120071385973062,0.0,Astrocyte,Astrocyte,-0.5896197678847782
155A7_S49,Cortex,155,2C,AST2,2148,7.67275789664251,2.349363e+06,14.669655,106990.0,11.5805,4.5540004,78362.0,11.269107,3.3354573,8642.0,9.064505,0.36784437,False,False,1,1.7037195351605856,-0.09150480145785078,-0.08572694448509602,-1.163735682964325,0.42716228127479555,-0.17687913986167522,-0.6570591087916389,0.0,Astrocyte,Astrocyte,-0.7442282478080966
155A8_S57,Cortex,155,2C,AST2,2516,7.830822995135316,2.245698e+06,14.624527,64851.0,11.079863,2.887788,150696.0,11.923026,6.71043,11224.0,9.325899,0.4998001,False,False,1,3.189441910206945,-0.02550868353052954,-0.3697119593018233,1.4854519134759903,-0.1990385240316391,-0.13490883268491186,-0.8883261446976781,0.0,Astrocyte,Astrocyte,-0.7636610793947974
155A9_S65,Cortex,155,2C,AST2,1968,7.585281078639126,2.333492e+06,14.662877,112220.0,11.628225,4.8091016,105591.0,11.567338,4.5250206,9384.0,9.146868,0.40214407,False,False,1,3.0486853829498495,-0.053314068209585834,-0.08587368208952624,2.71218912422657,1.5220720100402831,-0.11184154797081995,-0.6838586009926533,0.0,Astrocyte,Astrocyte,-0.24623215397530684
155B10_S74,Cortex,155,2C,AST1,1804,7.498315870766981,1.738781e+06,14.368695,69568.0,11.150074,4.000964,88080.0,11.386012,5.0656176,9400.0,9.148571,0.54060864,False,False,3,3.851620856530027,-0.02599537282732863,-0.11068377350315903,-1.006998410820961,-0.06748783111572265,-0.06104786648894801,-0.7208667130925548,0.0,Astrocyte,Astrocyte,0.17244951265284136
155B11_S82,Cortex,155,2C,AST2,1893,7.546446273746024,2.071925e+06,14.543989,55656.0,10.926963,2.6861978,99726.0,11.510192,4.8132052,7225.0,8.885441,0.34870952,False,False,1,3.2839627624209466,0.9730599750226466,-0.2780815296702915,2.9101756316423417,-0.20058657050132753,-0.08759775005205712,-0.9993388290381312,0.0,Astrocyte,Astrocyte,-0.18360474899734602
155B12_S90,Cortex,155,2C,AST2,2290,7.736743682453495,2.568578e+06,14.758863,88144.0,11.386739,3.4316263,131764.0,11.788775,5.1298423,13536.0,9.513182,0.52698416,False,False,1,3.1154002140128556,-0.07497207423550399,-0.2206686343809571,-1.0246096205711366,-0.11344285964965821,-0.18872931870547208,-0.26650485291552894,-0.009383296966552735,Astrocyte,Astrocyte,-0.4035780215900211
155B1_S2,Cortex,155,2C,AST3,2807,7.940227765145702,2.436124e+06,14.705919,69166.0,11.1442795,2.8391824,68646.0,11.136733,2.8178368,7911.0,8.976136,0.32473716,False,False,1,3.6336231329401985,-0.03718228166426846,-0.3747795203117409,-1.4022514674067497,0.09605083346366883,0.6162605201355135,0.31971067819164034,0.0,Astrocyte,Astrocyte,-0.8487611929847173
155B2_S10,Cortex,155,2C,AST2,2119,7.659171367666058,1.800904e+06,14.4038,51444.0,10.8482685,2.8565655,100780.0,11.520705,5.5960784,4856.0,8.488176,0.26964235,False,False,1,3.0598081464324496,-0.032312583384202356,-0.3659280975057621,-0.013056093454360873,-0.2270677888393402,-0.2218110127882524,-0.8074877109359856,-0.01998190402984619,Astrocyte,Astrocyte,-0.6657840497107657
155B3_S18,Cortex,155,2C,AST2,1806,7.499423290592229,2.168434e+06,14.589517,66385.0,11.103242,3.061426,81445.0,11.307695,3.7559364,4406.0,8.390949,0.2031881,False,False,1,1.7880286336596551,-0.16814460676519116,-0.10237069713948953,-0.8993825733661651,-0.149446085691452,-0.08054071725016893,-0.6088958783964415,0.0,Astrocyte,Astrocyte,-0.44654983849278673
155B4_S26,Cortex,155,2C,AST1,2017,7.609862200913554,2.23121e+06,14.618055,56486.0,10.941766,2.5316308,134927.0,11.812496,6.047257,5722.0,8.652248,0.25645277,False,False,2,4.084929850257811,-0.04312928477723395,-0.18635707100232443,-0.9586613720655441,-0.011808684468269354,-0.03897553561913847,-0.5448915931447667,-0.01056500792503357,Astrocyte,Astrocyte,-0.5936835013168285
155B5_S34,Cortex,155,2C,AST3,3053,8.024207485778577,2.475056e+06,14.721774,74033.0,11.212279,2.9911647,49022.0,10.800045,1.9806421,10611.0,9.269741,0.42871758,False,False,1,3.092377653538854,-0.06856319547897607,-0.32264050811228123,-1.9727010023593903,-0.17781881719827652,-0.14544107606916717,0.35332844050685375,0.0,Astrocyte,Astrocyte,-0.02593292850683837
155B6_S42,Cortex,155,2C,AST2,1659,7.414572881350589,1.885988e+06,14.449963,57734.0,10.963619,3.0612073,136346.0,11.822958,7.2294207,5937.0,8.689128,0.31479523,False,False,1,2.787135950691713,-0.03430500911108812,-0.20241200803506254,-0.5877032041549682,-0.15984843730926512,-0.0225674407650726,-0.9117624717741156,0.0,Astrocyte,Astrocyte,6.72551845270486e-05
155B7_S50,Cortex,155,2C,AST2,1989,7.595889917718538,2.496974e+06,14.730591,66336.0,11.102503,2.6566556,70347.0,11.16121,2.81729,8357.0,9.030974,0.33468512,False,False,1,2.930222408367637,-0.1304835317721918,-0.08927634599232914,1.9874889534711837,-0.009415041208267211,-0.08352136130284782,-0.6960357065176844,0.0,Astrocyte,Astrocyte,-0.6149782242691875
155B9_S66,Cortex,155,2C,AST2,2519,7.832014180505469,2.492338e+06,14.728732,87254.0,11.37659,3.5008895,79213.0,11.279908,3.1782608,9394.0,9.147933,0.37691516,False,False,1,3.798929751896467,-0.12782137867194324,-0.1380449915775145,-1.5674316489696503,-0.1016041511297226,-0.32264503866735134,0.9023045849560494,0.0,Astrocyte,Astrocyte,0.0031580880707213765
155C12_S91,Cortex,155,2C,AST2,2124,7.661527081358517,2.240842e+06,14.622363,55184.0,10.918447,2.4626458,100942.0,11.522311,4.504646,6675.0,8.806274,0.2978791,False,False,1,4.534747626612095,-0.08788631190007655,-0.18594667465999873,-0.27808283090591424,-0.4586216866970062,-0.10939002518702035,-0.9641237294853632,0.0,Astrocyte,Astrocyte,-0.7135895890664179
155C1_S3,Cortex,155,2C,AST2,2143,7.670428522190693,2.152711e+06,14.582239,81273.0,11.305581,3.7753792,94525.0,11.456631,4.390975,6582.0,8.792246,0.305754,False,False,3,3.6222159419554822,-0.10117419640622546,-0.24848445256551108,-0.9485626864433289,-0.12854102849960328,-0.09773174440017854,-0.27417511047430376,0.0,Astrocyte,Astrocyte,-0.6148856384726319
155C2_S11,Cortex,155,2C,AST2,1771,7.4798641311650265,1.647463e+06,14.314748,81751.0,11.311445,4.9622355,169389.0,12.039959,10.28181,6915.0,8.841593,0.41973627,False,False,1,3.2417581605780974,-0.10430169464954779,-0.2144313258956177,-0.8842128652334214,-0.08972654342651368,-0.07796943609160606,-0.7010085909210857,0.0,Astrocyte,Astrocyte,-0.21181350349384875
155C3_S19,Cortex,155,2C,AST3,2480,7.816416983691801,2.711106e+06,14.812868,46579.0,10.748926,1.7180811,53945.0,10.895739,1.9897783,9989.0,9.20934,0.36844742,False,False,2,3.5305128266902575,-0.08545296350915228,-0.14882446358902285,2.221908657550812,-0.060856465995311734,-0.12681324764935656,-1.1083940418820883,-0.04193675041198731,Astrocyte,Astrocyte,0.25162758458038803
155C4_S27,Cortex,155,2C,AST2,1541,7.340835554123275,1.140787e+06,13.947229,72778.0,11.195183,6.379631,82283.0,11.317932,7.212827,3133.0,8.050065,0.27463496,False,False,1,2.7809391503777006,-0.06869070254378583,-0.08912498661966035,1.2300814962387085,-0.04103057026863098,-0.030916982226901583,-0.2265805025496076,0.0,Astrocyte,Astrocyte,-0.00052889476908069
155C5_S35,Cortex,155,2C,Mural,1585,7.368970402194793,1.36561e+06,14.127112,37957.0,10.544235,2.7794905,70832.0,11.16808,5.1868396,7813.0,8.963673,0.5721253,False,False,0,-2.783445520316317,-0.280973088202165,-0.2939201530182,2.728680028319359,-0.08951416134834289,0.33744682627494893,5.931782758415644,0.0,Mural,Mural,-0.20544307573211806
155C6_S43,Cortex,155,2C,AST2,2471,7.812782818577581,2.084317e+06,14.5499525,83643.0,11.334325,4.012969,57770.0,10.964242,2.7716513,8802.0,9.082848,0.4222966,False,False,1,2.8261624672373786,-0.01726744043168111,-0.13416584453197442,2.096940495967865,-0.16439127326011657,-0.15154657701049187,-0.6635481379739004,-0.010842089653015136,Astrocyte,Astrocyte,-0.8222033000350596
155C7_S51,Cortex,155,2C,AST2,2026,7.614312146452,2.332313e+06,14.662372,92561.0,11.435634,3.9686356,77228.0,11.25453,3.3112195,7919.0,8.977146,0.3395342,False,False,3,3.4342785865231287,-0.10912575314392396,-0.1595042838592722,2.605950629711151,-0.02841277539730072,-0.03734310588451347,-0.8042111720272045,0.0,Astrocyte,Astrocyte,-0.5776350997164472
155C9_S67,Cortex,155,2C,AST2,2065,7.633369649679584,2.01185e+06,14.514565,53797.0,10.892992,2.6740065,101616.0,11.528966,5.0508738,6600.0,8.794976,0.32805625,False,False,1,3.4688942647371137,-0.0937448161930295,0.7459361110672806,-1.0811759978532791,-0.17368567943573,-0.11254535600392505,-0.799584033800729,-0.09007226943969726,Astrocyte,Astrocyte,-0.5973648447512286
155D10_S76,Cortex,155,2C,AST2,1262,7.141245122350491,1.536304e+06,14.244891,74365.0,11.216754,4.840513,112834.0,11.633682,7.3445096,3940.0,8.27919,0.25645965,False,False,1,4.111900937036087,-0.11453580856323242,-0.19361548231105613,1.0521068596839904,-0.046761571168899535,-0.11209492490749166,-0.2957633440218978,0.0,Astrocyte,Astrocyte,0.021220861323090756
155D11_S84,Cortex,155,2C,AST1,1818,7.506042178518122,1.971594e+06,14.494353,49278.0,10.805253,2.499399,86644.0,11.369575,4.3946166,9432.0,9.15197,0.47839466,False,False,2,4.001183031686668,-0.06913966449660872,-0.15607716579629918,-1.7109376335144042,-0.07428200840950012,-0.06567258666260074,1.2057767561332664,0.0,Astrocyte,Astrocyte,0.008151291544628458
155D12_S92,Cortex,155,2C,AST3,2599,7.8632667240095735,2.713844e+06,14.813877,94237.0,11.453579,3.4724545,89450.0,11.401446,3.2960627,8604.0,9.060099,0.31704107,False,False,2,2.9678437849862984,-0.06940956496114108,1.16351519811033,-1.3317688661813736,-0.13561194330453874,-0.1838927452612405,-1.037456859745572,0.0,Astrocyte,Astrocyte,-0.7637459970077808
155D2_S12,Cortex,155,2C,AST3,2715,7.906915488678587,2.264851e+06,14.63302,77198.0,11.254142,3.4085245,58480.0,10.976458,2.5820684,10058.0,9.216223,0.44409102,False,False,3,3.341708751324097,-0.18032996139334673,-0.3969074951277839,1.792955857515335,-0.4010125732421875,-0.19444723321933938,-1.279349709275979,0.0,Astrocyte,Astrocyte,0.07136793939617525
155D3_S20,Cortex,155,2C,AST2,1831,7.513163545234075,1.638155e+06,14.309082,75756.0,11.235286,4.6244707,69225.0,11.145132,4.2257905,5636.0,8.637107,0.34404558,False,False,1,2.638540742827243,-0.07572568960525283,-0.15437154818062832,2.3484175753593446,-0.16988349914550782,-0.35447613518647475,-0.6057934713124031,0.0,Astrocyte,Astrocyte,-0.546416222750643
155D4_S28,Cortex,155,2C,AST3,2501,7.824845691026856,2.012378e+06,14.514828,49450.0,10.808738,2.4572918,73133.0,11.200048,3.6341581,3895.0,8.267706,0.1935521,False,False,1,3.208764818848157,-0.046393369909506946,-0.342845805967697,-1.337281185388565,-0.2211943781375885,-0.09118383580988104,0.6291945166324251,-0.16622032165527345,Astrocyte,Astrocyte,-0.7478117359077592
155D5_S36,Cortex,155,2C,AST2,1971,7.586803535162581,1.52423e+06,14.237,60026.0,11.00255,3.9381194,54042.0,10.897535,3.545528,4494.0,8.410721,0.29483742,False,False,1,2.9663062199868797,-0.015892472398940042,0.19071927967697683,1.1697498977184295,-0.206855930685997,-0.19383611341919563,-0.6750166356264047,-0.13380410194396972,Astrocyte,Astrocyte,-0.1773829848221029
155D7_S52,Cortex,155,2C,AST2,2403,7.784889295655098,2.059876e+06,14.5381565,79225.0,11.28006,3.846105,63140.0,11.053125,3.0652332,5324.0,8.580168,0.25846216,False,False,1,2.7482266387001415,-0.07310040542228737,-0.20257693679645808,-1.430260660648346,-0.15424305200576782,-0.2868365133651579,-1.011458898609008,0.0,Astrocyte,Astrocyte,-0.7365641121275238
155D8_S60,Cortex,155,2C,AST3,2128,7.663407664893479,1.829772e+06,14.419703,34216.0,10.440478,1.8699597,108291.0,11.5925865,5.918278,10884.0,9.295141,0.59482825,False,False,1,2.8752262266607227,-0.11425522583812925,-0.20274836728067108,-1.1387256264686585,-0.1375045108795166,-0.09698472119340992,-0.9441440944096551,0.0,Astrocyte,Astrocyte,-0.18840364651608343
155D9_S68,Cortex,155,2C,AST2,2099,7.649692623711514,1.794253e+06,14.4001,51851.0,10.856149,2.8898377,75942.0,11.237739,4.2325134,5926.0,8.687273,0.33027673,False,False,1,2.0342728570510786,-0.04154839557618951,-0.32228592399394873,1.8548049235343933,0.14529312610626222,-0.16179976800475457,-0.896468046023019,0.0,Astrocyte,Astrocyte,-0.18571285183894415
155E10_S77,Cortex,155,2C,AST2,2528,7.835579246669965,2.520723e+06,14.740057,125630.0,11.741104,4.9838877,67224.0,11.115801,2.666854,15473.0,9.646916,0.6138318,False,False,1,3.165416327982001,-0.1398381839445488,-0.20127543957546504,2.269502127766609,-0.14588089287281036,-0.0518846692460956,0.7267737709098125,-0.009334193468093872,Astrocyte,Astrocyte,-1.004682633036962
155E12_S93,Cortex,155,2C,Mural,1760,7.473637108496206,2.071957e+06,14.544004,22427.0,10.018065,1.0824066,95324.0,11.465048,4.6006746,7859.0,8.969542,0.37930325,False,False,0,-2.8282357845150057,-0.18385890800150195,-0.300436291128698,3.0545247089862824,-0.18768435299396516,3.271853396386811,5.923724022941973,0.0,Mural,Mural,2.003024824467396
155E2_S13,Cortex,155,2C,AST2,1820,7.507141079727608,1.739519e+06,14.36912,55540.0,10.924877,3.1928368,94860.0,11.460168,5.4532313,10412.0,9.250811,0.5985563,False,False,1,2.772701741567726,-0.05349845143418815,-0.15697005782464538,-0.7949389398097992,-0.006348899602890015,-0.07656360033786658,-0.6685388082235901,0.0,Astrocyte,Astrocyte,-0.615308903294533
155E4_S29,Cortex,155,2C,AST2,2125,7.661997558901893,2.065909e+06,14.541081,84673.0,11.346564,4.098583,76329.0,11.242822,3.6946933,9814.0,9.191668,0.4750451,False,False,2,3.388749768173759,-0.07433192214774127,1.4840956227947968,-1.2104180765151977,-0.1785105937719345,-0.09364085968094643,-0.5151302814483643,0.0,Astrocyte,Astrocyte,-0.6882866711568753
155E5_S37,Cortex,155,2C,AST2,2141,7.669495251007694,2.247069e+06,14.625137,77268.0,11.255048,3.438613,93626.0,11.447074,4.1665835,6598.0,8.794673,0.29362693,False,False,2,3.984038547414248,-0.006903531862862745,-0.30704563103540977,-0.8324895423650741,-0.1377839893102646,-0.16491571399900648,-0.7310946874283067,0.0,Astrocyte,Astrocyte,-0.5646033576613475
155E7_S53,Cortex,155,2C,AST2,1881,7.540090320145325,1.993816e+06,14.505562,39344.0,10.580124,1.9733014,129638.0,11.772509,6.502004,8318.0,9.026298,0.41718996,False,False,1,2.9431539181151676,-0.09188685225481963,-0.18933158300139688,2.180179941058159,-0.07048476457595826,-0.14411042013553657,-0.6047226502068678,-0.03184083461761475,Astrocyte,Astrocyte,0.7136974653138939
155E8_S61,Cortex,155,2C,AST2,2911,7.976595409316577,2.343023e+06,14.666953,64322.0,11.071672,2.745257,42977.0,10.668444,1.8342544,4959.0,8.509161,0.21164964,False,False,1,2.8177434903024983,-0.12603717068930967,-0.19193917211860118,-1.6749857932329177,-0.05797641277313231,-0.17950372804294934,0.5345887258723752,0.0,Astrocyte,Astrocyte,-0.8972072165478052
155E9_S69,Cortex,155,2C,AST3,1841,7.518607216815252,1.914634e+06,14.465037,81740.0,11.311311,4.269223,78454.0,11.270281,4.0975976,7414.0,8.911261,0.38722804,False,False,1,2.2318598895125046,-0.15567097681850645,1.6044384831129903,1.630267037153244,-0.07651201605796815,-0.03928620586491594,-0.5778466253424409,-0.011699007749557495,Astrocyte,Astrocyte,0.20219710726720064
155F11_S86,Cortex,155,2C,AST1,1439,7.272398392570047,1.751853e+06,14.376185,88355.0,11.38913,5.0435166,162940.0,12.001143,9.301009,4685.0,8.452334,0.2674311,False,False,3,2.5233657099510145,-0.1394763328322214,-0.10617743236850007,2.8879751276969907,-0.08402314901351929,-0.20538004841467347,-0.5222807990845724,0.0,Astrocyte,Astrocyte,-0.3999369082745407
155F1_S6,Cortex,155,2C,AST3,3041,8.020270472819238,2.625089e+06,14.780625,82187.0,11.316765,3.1308272,72960.0,11.19768,2.7793343,10632.0,9.271718,0.4050148,False,False,1,1.9653791827582268,-0.1701518611692304,-0.2112619589374523,1.9451905697584153,-0.1385412710905075,-0.08999338475140659,0.6352820989474579,0.0,Astrocyte,Astrocyte,-0.522100361713981
155F2_S14,Cortex,155,2C,AST2,2379,7.77485576666552,2.146944e+06,14.579556,87964.0,11.384694,4.0971727,73203.0,11.201005,3.4096372,7741.0,8.954415,0.360559,False,False,1,3.5210058558834048,-0.054076823157880774,-0.3276637720339226,1.6030997502803803,-0.13046982884407043,-0.17352078900192724,0.1830315152604376,-0.010650711059570312,Astrocyte,Astrocyte,-0.15643328363588938
155F3_S22,Cortex,155,2C,AST3,2115,7.65728279297819,2.597936e+06,14.770228,60423.0,11.009142,2.3258078,78508.0,11.270968,3.0219374,7871.0,8.971067,0.30297127,False,False,1,3.7679986002666697,-0.13369689874313584,-0.1585187330992535,-0.7571048611402511,0.0,-0.3058320771564137,-0.9111267142559416,0.0,Astrocyte,Astrocyte,-0.2834287110237227
155F4_S30,Cortex,155,2C,AST2,2189,7.691656822810547,2.245179e+06,14.624296,109751.0,11.605979,4.888296,62518.0,11.043226,2.784544,5183.0,8.553332,0.23085019,False,False,1,3.3777845374873428,-0.04898537343470895,-0.13767557734190816,1.8159216725826264,-0.21471113443374634,-0.06744728786776764,-0.6352837451139287,0.0,Astrocyte,Astrocyte,-0.7080164940185061
155F5_S38,Cortex,155,2C,(none),1058,6.9650803456014065,1.168381e+06,13.97113,79011.0,11.277355,6.7624345,93405.0,11.444711,7.9943953,2722.0,7.9094896,0.23297195,False,False,1,3.8197981946455326,1.6613906022891327,-0.0481793579429087,-0.4621232295036316,-0.03026385426521301,-0.1451991375046547,-0.05804597882170176,0.0,Astrocyte,(none),0.23273098294643407
155F6_S46,Cortex,155,2C,AST3,2236,7.71289096149013,1.886597e+06,14.450286,35561.0,10.4790325,1.8849283,57198.0,10.954291,3.0318081,5554.0,8.622454,0.2943925,False,False,1,2.9877376074347994,-0.05814431570283132,-0.15291829708248678,2.027621260881424,-0.01172430396080017,-0.1643573876583215,0.9488476227276289,0.0,Astrocyte,Astrocyte,0.28989758475595007
155F7_S54,Cortex,155,2C,AST2,1976,7.589335823170617,1.736721e+06,14.36751,41256.0,10.627576,2.3755112,68038.0,11.127836,3.9176126,4266.0,8.358666,0.2456353,False,False,1,3.2869604695690127,-0.04080608891482329,1.7693019197745756,-1.0163244992494582,-0.10938848555088043,-0.02609430659901012,-0.625428731342656,0.0,Astrocyte,Astrocyte,-0.6531045699557398
155F8_S62,Cortex,155,2C,AST2,2846,7.954021087278037,2.654888e+06,14.791913,106213.0,11.573212,4.0006585,73326.0,11.202684,2.7619245,8464.0,9.043695,0.31880817,False,False,1,3.1577382875921938,-0.12252628683444843,-0.3329212620402827,2.087016323804855,-0.2296038591861725,-0.20108478298090926,-1.2587435425226412,-0.054341726303100586,Astrocyte,Astrocyte,-0.5916140763608363
155F9_S70,Cortex,155,2C,AST3,2039,7.620705086838262,1.990498e+06,14.503896,27982.0,10.239352,1.4057789,78824.0,11.274985,3.960014,6461.0,8.773694,0.32459214,False,False,4,2.7138494269443996,0.8529249801108585,-0.10479831213902946,-0.9868465554714203,-0.16968832015991211,-0.21006758164877842,0.38216584411697774,5.4582953453063965,Astrocyte,Astrocyte,3.6371867398487305
155G10_S79,Cortex,155,2C,AST3,2800,7.937731775260109,2.663476e+06,14.795143,44162.0,10.695642,1.6580589,65270.0,11.086303,2.450557,6903.0,8.839856,0.2591726,False,False,4,2.2037333800493037,-0.10822973688643182,-0.17898158412991147,-2.04916188120842,-0.22700441479682923,-0.01939866759560325,0.4062787009843032,0.0,Astrocyte,Astrocyte,3.019710867104427
155G1_S7,Cortex,155,2C,AST2,2138,7.668093709082406,2.010904e+06,14.514095,108357.0,11.593196,5.388472,61549.0,11.027605,3.060763,5787.0,8.663542,0.28778103,False,False,1,2.74897461478176,1.3071907426244649,-0.2102819208544914,2.2422933930158617,-0.33375458896160126,-0.17905765531038997,-0.8108382650356197,0.0,Astrocyte,Astrocyte,0.12567798124131857
155G2_S15,Cortex,155,2C,AST3,2682,7.894690850425624,2.231245e+06,14.618071,58078.0,10.96956,2.6029413,54380.0,10.90377,2.4372044,9765.0,9.186663,0.43764803,False,False,1,3.409071134087818,-0.07357273269538304,-0.235390176375707,2.1984266436100004,-0.010255639553070068,-0.02147604961587925,-1.048695756861912,0.0,Astrocyte,Astrocyte,0.33887136669111173
155G3_S23,Cortex,155,2C,AST3,2982,8.000684784514748,2.999674e+06,14.914015,81204.0,11.304732,2.7070942,81491.0,11.30826,2.7166617,10583.0,9.267098,0.35280502,False,False,1,2.9528714353269576,1.2951967696748188,-0.26034916290129073,-1.6471660193800925,-0.226230748295784,-0.11413655136570786,0.39509139977507846,-0.12869055092334747,Astrocyte,Astrocyte,-0.8679820869820742
155G4_S31,Cortex,155,2C,AST3,3079,8.03268487596762,2.406642e+06,14.693744,37945.0,10.54392,1.5766783,41769.0,10.639934,1.7355717,9189.0,9.125872,0.38181832,False,False,3,3.4871297309307447,-0.12396652974076007,-0.25727878947450655,2.165958077311516,-0.14581756949424743,-0.11761546857429273,-1.0447734070183643,-0.044093620777130124,Astrocyte,Astrocyte,0.37695970171082993
155G5_S39,Cortex,155,2C,AST3,2137,7.6676260915849905,1.782123e+06,14.393316,63416.0,11.0574875,3.5584524,67812.0,11.124509,3.8051243,2988.0,8.002694,0.1676652,False,False,4,4.564670755563538,1.721533034914103,-0.22078556153509352,-1.0805431842803954,-0.0770571756362915,-0.003860680743901418,-0.7274681647219251,-0.14020147323608398,Astrocyte,Astrocyte,0.8312499770935071
155G7_S55,Cortex,155,2C,AST1,2327,7.752764808851328,1.866884e+06,14.439782,66990.0,11.112313,3.5883322,52478.0,10.868169,2.8109941,5572.0,8.625689,0.29846525,False,False,2,3.7855384877470675,-0.06315450213063302,-0.2389781198116264,-1.3523970198631288,1.6268164145946502,-0.23564467767272332,-0.69426467250939,0.0,Astrocyte,Astrocyte,-0.3704676419645797
155G8_S63,Cortex,155,2C,AST2,1640,7.403061091090091,1.082264e+06,13.894567,51479.0,10.8489485,4.756603,67885.0,11.125586,6.272499,3543.0,8.173012,0.3273693,False,False,3,1.0827221753167322,-0.23239245756187632,-0.17244149338115344,0.2883554059267044,-0.1578714919090271,-0.10380741442092742,-0.6899627764620374,0.0,Astrocyte,Astrocyte,-0.4425487844693243
155G9_S71,Cortex,155,2C,AST1,1916,7.558516743045645,1.887516e+06,14.450773,96441.0,11.476697,5.1094136,56800.0,10.9473095,3.009246,6491.0,8.778326,0.3438911,False,False,1,2.4268706698235265,-0.06100005151039392,-0.16335993824583112,-0.9004637068510055,-0.1233634328842163,-0.25944593759498213,0.9221181830569128,0.0,Astrocyte,Astrocyte,-0.582938304727583
155H10_S80,Cortex,155,2C,AST3,2518,7.831617276352611,2.332067e+06,14.662266,85176.0,11.352487,3.6523824,106502.0,11.575929,4.5668497,8190.0,9.010791,0.3511906,False,False,4,1.7888605119100687,-0.08008505411483535,-0.12767495229990797,-1.5843073546886444,-0.2707017910480499,-0.23925162565828573,-0.16481494184714474,-0.12617578506469726,Astrocyte,Astrocyte,2.5125136582899175
155H11_S88,Cortex,155,2C,AST2,1968,7.585281078639126,1.51256e+06,14.229315,52395.0,10.866586,3.4639947,55705.0,10.927843,3.6828291,5507.0,8.613956,0.36408472,False,False,1,3.6245477681602942,-0.13157958421275842,-0.16104669402344057,2.174202527999878,-0.08059208393096924,-0.1586178011364407,-0.743384387025881,0.0,Astrocyte,Astrocyte,-0.5947626858999415
155H2_S16,Cortex,155,2C,AST3,2969,7.996317231796746,2.471896e+06,14.720496,45350.0,10.722187,1.834624,52917.0,10.876499,2.1407454,7702.0,8.949366,0.31158268,False,False,4,3.4464950173930395,-0.24145319084426267,-0.25742225996171586,-1.8564488184452057,-0.3333645111322403,-0.20459919927096126,-1.1137482173478783,0.0,Astrocyte,Astrocyte,3.484553894932959
155H3_S24,Cortex,155,2C,AST3,1969,7.585788821732034,2.166169e+06,14.588471,71444.0,11.176683,3.2981732,80579.0,11.297006,3.7198853,5800.0,8.665786,0.2677538,False,False,3,1.9091013285631693,-0.12234103260327824,-0.183192374730351,1.78903977394104,-0.005306065082550049,-0.12668543873411237,-0.7514819353070091,0.0,Astrocyte,Astrocyte,-0.6527944656216441
155H4_S32,Cortex,155,2C,AST2,2153,7.675081857716334,1.784487e+06,14.394642,65996.0,11.097364,3.6983178,64033.0,11.067169,3.5883143,5510.0,8.614501,0.30877224,False,False,3,3.0578128946283467,1.5956145165553643,0.07540028414340932,-1.0862751662731172,-0.19671139001846313,-0.22485078103614575,-0.6436015232723562,-0.1405668807029724,Astrocyte,Astrocyte,-0.6266671419143677
155H5_S40,Cortex,155,2C,AST3,2830,7.9483852851118995,2.397809e+06,14.690066,69783.0,11.15316,2.910282,82654.0,11.322431,3.4470637,10825.0,9.289706,0.45145383,False,False,1,3.126909682008087,-0.07535110616204727,-0.3709158795048492,-1.3243777686357499,-0.20686590254306794,-0.27503721340738163,-1.2221884161383663,-0.10921967506408692,Astrocyte,Astrocyte,-0.4386159409403503
155H6_S48,Cortex,155,2C,AST2,1923,7.562161631225652,2.228917e+06,14.617027,114785.0,11.650825,5.1498103,115483.0,11.656887,5.181126,7240.0,8.887515,0.3248214,False,False,1,3.261605213900081,-0.05190653417577695,-0.1974570769252199,0.5189154624938965,0.6376200139522552,-0.11577070963503135,-0.8726523497595859,0.0,Astrocyte,Astrocyte,-0.03248054465785849
155H7_S56,Cortex,155,2C,AST2,1862,7.529943370601589,1.829792e+06,14.419713,47951.0,10.777956,2.6205711,67478.0,11.119572,3.6877415,5511.0,8.614683,0.3011818,False,False,1,3.603545982329572,-0.0585227276212606,-0.2675730724527378,2.4712992548942565,-0.006033401489257812,-0.09931605994099318,-0.6228632136205932,0.0,Astrocyte,Astrocyte,-0.171872942644686
155H9_S72,Cortex,155,2C,AST2,1650,7.409136443920128,1.397243e+06,14.150012,40043.0,10.597734,2.865858,79530.0,11.283902,5.691923,4152.0,8.331586,0.2971566,False,False,1,2.7212914899398726,-0.06979554502209227,-0.060749162929226656,2.6485858607292174,-0.061607766151428225,-0.02461756479860556,-0.4573703441188563,0.0,Astrocyte,Astrocyte,-0.5155501899640628
158A10_S361,Hippocampus,158,2H,AST3,1935,7.568379267836522,1.6077e+06,14.290316,65630.0,11.091804,4.082229,161590.0,11.992824,10.051004,7470.0,8.918784,0.46463892,False,False,3,2.3120058700035173,-0.1084766729393197,-0.25177202471578963,-0.8564064770936965,-0.07013937890529633,-0.07008369944312355,-0.28328607924020466,-0.06114870309829712,Astrocyte,Astrocyte,-0.21139736490974048
158A11_S369,Hippocampus,158,2H,AST1,2207,7.699842407396986,1.931528e+06,14.473823,83995.0,11.338525,4.34863,125114.0,11.736989,6.4774623,8795.0,9.082052,0.45533898,False,False,2,2.953850641928084,-0.14289266979275037,-0.21482563018798828,-1.4269229757785797,-0.24628878951072694,-0.04364618026848995,0.8327247755012321,0.0,Astrocyte,Astrocyte,-0.48211344829037517
158A1_S289,Hippocampus,158,2H,AST3,2246,7.717351272185329,1.381114e+06,14.138402,39378.0,10.580988,2.8511767,48809.0,10.795691,3.5340314,8349.0,9.030017,0.60451204,False,False,4,1.9514514227382476,-0.15153712693171287,1.222596593878486,2.60684518456459,-0.061498169898986814,-0.2459270797594629,-1.1932567280141553,0.0,Astrocyte,Astrocyte,2.004783759531075
158A3_S305,Hippocampus,158,2H,AST1,2709,7.904703913873747,1.788965e+06,14.397148,47340.0,10.765132,2.6462228,78048.0,11.265092,4.362746,6315.0,8.750841,0.3529974,False,False,2,4.02385293264858,-0.08530037936253763,-0.10263549032235386,-1.45826600253582,-0.22434192538261413,-0.27612819153853135,0.22931046821364198,-0.029685287475585936,Astrocyte,Astrocyte,-0.7907965209751774
158A4_S313,Hippocampus,158,2H,AST1,1848,7.522400231387125,1.371008e+06,14.131058,67340.0,11.117524,4.9117146,95112.0,11.462821,6.937377,4702.0,8.4559555,0.34295934,False,False,1,1.9229330306496122,-0.10422952450699542,-0.14412173056843305,-0.849691367149353,1.3303485298156739,-0.10854243991350887,0.9747788187247425,0.0,Astrocyte,Astrocyte,-0.13343697731602366
158A5_S321,Hippocampus,158,2H,AST1,2202,7.697575346802343,1.393326e+06,14.147205,60302.0,11.007137,4.3279176,119373.0,11.690017,8.567485,8649.0,9.065314,0.6207449,False,False,2,2.0873327932722576,-0.07795835739404113,-0.24395291973846128,-1.0544385862350465,-0.10018707036972047,-0.21150423541213526,-1.159128833655736,-0.06928475856781006,Astrocyte,Astrocyte,0.45872026975445435
158A6_S329,Hippocampus,158,2H,AST1,2422,7.792761720816526,1.514626e+06,14.2306795,98989.0,11.502774,6.5355406,58349.0,10.974215,3.85237,8222.0,9.01469,0.54284024,False,False,2,3.706877131931117,-0.10826261109443167,1.017230235265963,-1.0927370244264603,-0.2077351540327072,-0.09639874130788476,-0.6908229313903118,0.0,Astrocyte,Astrocyte,-0.24264859347192191
158A7_S337,Hippocampus,158,2H,AST1,1801,7.496652438168283,1.623389e+06,14.300027,22136.0,10.005006,1.3635671,116473.0,11.665423,7.1746817,4842.0,8.48529,0.29826492,False,False,2,4.210131175856772,-0.08227404877169048,1.2395351703720863,2.038475786447525,-0.20003191888332367,-0.08725928417359939,-0.8999553289844762,-0.14913219332695007,Astrocyte,Astrocyte,-0.23741609185859436
158A9_S353,Hippocampus,158,2H,AST4,2594,7.861341795599989,1.667117e+06,14.326607,77874.0,11.26286,4.671178,125313.0,11.738578,7.5167494,14239.0,9.56381,0.8541092,False,False,6,2.086252067909866,-0.17285188718057756,1.2680314935819066,-2.1859610438346864,-0.24033791661262513,-0.1866918633682559,-1.1650683972703753,0.0,Astrocyte,Astrocyte,-0.5137816170022165
158B1_S290,Hippocampus,158,2H,AST1,1725,7.453561871643373,1.090399e+06,13.902055,39319.0,10.579489,3.605928,51250.0,10.84449,4.7001143,4356.0,8.3795395,0.3994868,False,False,3,4.285346149746838,-0.11110810658440518,-0.2419586723501032,-0.9465448951721191,-0.36432303667068483,-0.1698322223894524,-0.8690869316982863,0.0,Astrocyte,Astrocyte,-0.5706047687387228
158B2_S298,Hippocampus,158,2H,AST1,1751,7.468513271496337,1.400219e+06,14.15214,54757.0,10.910679,3.9106026,114054.0,11.644436,8.14544,4206.0,8.344505,0.3003816,False,False,3,3.04690077917172,-0.06601411613387678,-0.1054084710400514,2.4791784751415253,-0.06637963533401489,-0.0726698034941548,-0.7117005610585811,0.0,Astrocyte,Astrocyte,-0.5851874964464089
158B4_S314,Hippocampus,158,2H,Mural,1488,7.305860032684009,1.489238e+06,14.213776,28836.0,10.269415,1.9362923,127667.0,11.757189,8.572639,10011.0,9.211539,0.672223,False,False,0,-2.5919404629149727,-0.15901480487842656,-0.21890675660335657,0.7640590691566467,-0.20196587800979615,-0.05729420016510318,6.206055687899566,-0.13508324146270753,Mural,Mural,4.36478233073709
158B5_S322,Hippocampus,158,2H,AST3,1602,7.3796321526095525,1.053822e+06,13.867935,24716.0,10.115247,2.3453677,93175.0,11.4422455,8.841626,3593.0,8.187021,0.34094942,False,False,3,1.5082190587220943,-0.023287861191447656,-0.2795084308494221,-0.949009108543396,-0.13787606716156006,-0.10315752450865928,-0.6721500254156602,-0.13229618072509766,Astrocyte,Astrocyte,-0.574033772010039
158B6_S330,Hippocampus,158,2H,AST2,2126,7.6624678152002375,1.507585e+06,14.22602,54461.0,10.905258,3.612466,80152.0,11.291693,5.316582,4923.0,8.501877,0.32654876,False,False,3,3.2867039562574503,-0.06405980952421025,-0.13109224462749983,2.2183896821737292,-0.14323668003082277,-0.14678270889051032,-0.7633203480710935,0.0,Astrocyte,Astrocyte,0.14154595206297305
158B8_S346,Hippocampus,158,2H,AST1,1839,7.517520850603031,1.050127e+06,13.864423,69688.0,11.151798,6.6361494,68728.0,11.137926,6.544732,8268.0,9.020268,0.7873333,False,False,3,2.873158144820583,-0.12667433460753166,-0.26664208402537337,0.8013011181354522,-0.053990750312805175,-0.1359189110572892,-0.870081297117262,0.0,Astrocyte,Astrocyte,-0.6897800225447335
158C11_S371,Hippocampus,158,2H,Mural,1677,7.425357887027151,1.259254e+06,14.046031,28892.0,10.271355,2.2943742,84025.0,11.3388815,6.672601,11477.0,9.348187,0.91141266,False,False,0,-2.526134042791982,-0.13328107337855813,-0.24959727308966898,2.568927631378174,-0.01247970700263977,2.227786267646635,6.204541912030934,0.0,Mural,Mural,5.359466040870781
158C12_S379,Hippocampus,158,2H,AST1,1808,7.500529485395295,1.810663e+06,14.4092045,103334.0,11.545732,5.70697,85824.0,11.360065,4.739921,5945.0,8.690474,0.32833278,False,False,2,2.2194419291501486,-0.12512263520878164,1.188774945760014,-0.6571570444107055,-0.11909738063812256,-0.1180583985164912,-0.7771378545904878,-0.012261052131652832,Astrocyte,Astrocyte,-0.5253410755294392
158C3_S307,Hippocampus,158,2H,AST1,1334,7.19668657083435,1.182034e+06,13.982748,48385.0,10.786966,4.093368,74292.0,11.215772,6.285098,6268.0,8.743372,0.5302724,False,False,3,4.039355321008651,-0.08206653834587366,-0.041468350574223684,-0.7097082662582398,-0.008400592803955078,-0.23461610620672052,-0.4145663389608489,0.0,Astrocyte,Astrocyte,-0.489241915274542
158C4_S315,Hippocampus,158,2H,AST3,1749,7.4673710669175595,1.615334e+06,14.295053,79460.0,11.283022,4.9191065,75533.0,11.232338,4.6759987,8170.0,9.008347,0.5057778,False,False,3,3.2311193167837597,-0.15279737788828174,-0.1634586016939144,2.896261609792709,-0.07393424808979035,-0.13529438683480927,-0.8709036917542693,0.0,Astrocyte,Astrocyte,-0.4385651529133817
158C5_S323,Hippocampus,158,2H,Mural,1747,7.466227556215481,1.210506e+06,14.00655,32852.0,10.399798,2.7139063,94641.0,11.457857,7.818301,11236.0,9.326967,0.9282069,False,False,0,-2.62373673720438,-0.06485668738283704,-0.6192683962860492,-1.08151092171669,-0.40272403717041017,1.9837566361282812,4.928323639697166,-0.016750831604003907,Mural,Mural,3.7041426697786344
158C6_S331,Hippocampus,158,2H,AST2,2568,7.851271997109883,1.592319e+06,14.280703,59320.0,10.990719,3.7253842,62499.0,11.042922,3.92503,5514.0,8.615227,0.3462874,False,False,2,3.121777673888076,-0.1393437289712417,-0.35796185334523517,1.7938947820663451,0.3448454558849335,-0.3044891646414092,-1.0415382618880151,-0.04310556411743164,Astrocyte,Astrocyte,-0.47934664598042653
158C7_S339,Hippocampus,158,2H,Mural,1393,7.2399325913204695,1.367812e+06,14.128724,22407.0,10.017174,1.6381638,115623.0,11.658099,8.4531355,9965.0,9.206935,0.7285358,False,False,0,-1.6778571599168204,-0.20035266996029033,-0.16448453821317113,-0.4447096359729767,-0.025099928379058837,-0.1544716912086564,6.514182972548595,0.0,Mural,Mural,3.844235546488893
158C8_S347,Hippocampus,158,2H,AST1,2071,7.6362696033793735,1.532709e+06,14.242548,51493.0,10.84922,3.3596072,71119.0,11.172124,4.6400847,4333.0,8.374247,0.28270206,False,False,2,4.029494408049871,-0.11064897470138779,-0.1911942453095407,0.8682726871967317,-0.16567386150360108,-0.20289018178226972,-0.9287067334256579,0.0,Astrocyte,Astrocyte,-0.6870761064933815
158C9_S355,Hippocampus,158,2H,AST3,1601,7.379008127628304,1.190063e+06,13.989517,29539.0,10.293501,2.4821374,66998.0,11.112433,5.629786,4212.0,8.34593,0.35393083,False,False,3,4.3702815038258915,-0.06882663647733142,-0.12867513931158817,-0.6110891312360763,-0.13677806854248048,-0.16263188256157768,-0.7908367391806751,0.0,Astrocyte,Astrocyte,-0.3447250732048127
158D11_S372,Hippocampus,158,2H,AST1,1662,7.416378479192928,1.491991e+06,14.215623,76447.0,11.244366,5.1238246,79893.0,11.288456,5.354791,3346.0,8.11582,0.22426409,False,False,3,2.5956846775252966,-0.07139797665965018,-0.2594083547592163,-0.6316417193412781,-0.18537220478057861,-0.05249724303833162,1.2258915409969924,0.0,Astrocyte,Astrocyte,0.003096372927717861
158D2_S300,Hippocampus,158,2H,AST1,2699,7.90100705199242,1.507915e+06,14.226239,38624.0,10.561655,2.5614176,57891.0,10.966334,3.8391423,7579.0,8.933269,0.50261456,False,False,2,1.286243632517225,-0.10327439212319839,-0.18352250559161407,-1.1366318714618684,-0.17500217735767365,-0.18534262132162999,0.6298291284834321,0.0,Astrocyte,Astrocyte,-0.9112706101796464
158D3_S308,Hippocampus,158,2H,AST3,2298,7.740229524763182,1.780775e+06,14.39256,76720.0,11.247931,4.3082366,60652.0,11.012924,3.4059327,11275.0,9.330432,0.6331513,False,False,3,2.385667492783135,-0.18945693101116162,-0.3047852004417265,1.619716470837593,-0.06366209030151367,-0.126896078538413,0.610839775758772,0.0,Astrocyte,Astrocyte,0.2824169684929123
158D4_S316,Hippocampus,158,2H,AST1,1451,7.280697195384741,1.068276e+06,13.881557,28911.0,10.272012,2.706323,103535.0,11.547675,9.691784,9578.0,9.167329,0.8965848,False,False,3,2.5393969589243826,-0.14156742910643919,-0.12799408941557913,-0.7292085766792298,-0.14164222955703734,2.401900539494524,-0.5625338518439825,0.0,Astrocyte,Astrocyte,-0.46187195754011406
158D5_S324,Hippocampus,158,2H,Mural,1656,7.4127640174265625,1.081513e+06,13.893872,14464.0,9.579487,1.3373857,63471.0,11.058354,5.868723,8094.0,8.9990015,0.74839604,False,False,0,-3.0150681655915057,-0.11966136052979896,-0.23048363911985148,-0.7788793981075287,-0.14386967539787293,-0.21908254816074563,6.100768057545226,0.0,Mural,Mural,3.93744773716232
158D7_S340,Hippocampus,158,2H,(none),1085,6.990256500493881,1.290124e+06,14.07025,67724.0,11.123211,5.249418,129149.0,11.76873,10.010588,10047.0,9.215129,0.77876234,False,False,1,3.5124365788339915,-0.0081774451624808,-0.06802517416501286,-0.7792869925498962,-0.07061933517456055,-0.09301735776843446,-0.31721771062918047,0.0,Astrocyte,(none),-0.35340826663006725
158D8_S348,Hippocampus,158,2H,Mural,1791,7.491087593534876,1.240223e+06,14.030803,29198.0,10.28189,2.354254,74023.0,11.212145,5.9685235,12867.0,9.462499,1.0374748,False,False,0,-3.081957930424174,-0.10396468459661283,-0.3561639641270493,-0.9765645551681519,-0.14979889035224914,-0.2811425346316713,5.367529138847811,0.0,Mural,Mural,5.827537987113795
158E12_S381,Hippocampus,158,2H,AST1,2102,7.6511201757027,1.715988e+06,14.3555,86017.0,11.362312,5.0126805,93562.0,11.44639,5.452369,6152.0,8.724695,0.35851067,False,False,2,3.4980009220988375,-0.08173480974369912,-0.2914916686337404,-1.0224248313903808,-0.2819893002510071,-0.1323198742336697,-0.6458297240075155,0.0,Astrocyte,Astrocyte,-0.557890819886292
158E3_S309,Hippocampus,158,2H,AST1,1499,7.313220387090301,1.380989e+06,14.138311,71270.0,11.174245,5.1607943,87150.0,11.375398,6.3106947,6760.0,8.818926,0.48950428,False,False,2,2.866132623510934,-0.04473335000138786,-0.16258756921748924,-0.9254602575302124,-0.062423906326293944,-0.06392432704116359,-0.5722368410484275,-0.253502836227417,Astrocyte,Astrocyte,-0.5586983118710016
158E4_S317,Hippocampus,158,2H,AST1,2080,7.640603826393634,2.037709e+06,14.527337,83934.0,11.337798,4.1190376,153366.0,11.940589,7.526394,5877.0,8.678972,0.28841212,False,False,2,2.446460656129598,-0.057254920053721674,-0.14988286386836658,0.5002217906713486,-0.009356626868247985,-0.12888821146704935,0.3778885932423961,-0.01146982192993164,Astrocyte,Astrocyte,-0.48464985443077024
158E6_S333,Hippocampus,158,2H,AST1,2629,7.874739125171811,1.656894e+06,14.320456,43603.0,10.682904,2.6316106,56273.0,10.937988,3.3962946,8548.0,9.05357,0.5159051,False,False,2,0.7396690275499731,-0.10347885881836091,1.4229464717585631,0.4472035747766494,-0.16768941044807434,-0.02882483270433214,-0.8054891306551257,-0.012958003282546997,Astrocyte,Astrocyte,-0.8984842989002922
158E7_S341,Hippocampus,158,2H,AST1,2041,7.621684998724611,1.754317e+06,14.377591,124197.0,11.729632,7.0795074,116027.0,11.661587,6.613799,8789.0,9.08137,0.50099266,False,False,1,3.9709869535242923,-0.006400812211348183,-0.1149659746825093,1.1517360144853592,-0.13527079343795775,-0.09185170766079065,-0.8342228699569127,-0.10779885292053222,Astrocyte,Astrocyte,-0.5798099340936278
158E9_S357,Hippocampus,158,2H,AST3,2192,7.693025748417888,1.767947e+06,14.38533,63097.0,11.052444,3.5689418,59751.0,10.997958,3.3796828,8746.0,9.076467,0.4946981,False,False,3,2.2482109994836197,-0.06960133392008105,-0.22637676410000734,2.134861046075821,-0.28375571966171265,-0.03513299575959793,0.1553332607949799,0.0,Astrocyte,Astrocyte,-0.709888381731132
158F10_S366,Hippocampus,158,2H,AST1,2971,7.99699040583765,2.523026e+06,14.74097,92443.0,11.434359,3.6639736,60261.0,11.006457,2.3884416,10502.0,9.259417,0.4162462,False,False,2,1.508753165846965,-0.16122012701465857,-0.3069973810754641,-1.5042923843860627,-0.19953576147556304,0.007341088068605672,0.24093866737643688,-0.09902801513671874,Astrocyte,Astrocyte,-0.9082404892512276
158F11_S374,Hippocampus,158,2H,AST1,1541,7.340835554123275,1.19981e+06,13.997675,31102.0,10.345059,2.592244,61417.0,11.025458,5.1188936,6273.0,8.744169,0.52283275,False,False,3,4.0477332420687855,-0.031228473737611243,-0.08110221317320158,-0.8179516452550888,1.4790918731689453,-0.1059483036850438,-0.5255565894908042,-0.1042024040222168,Astrocyte,Astrocyte,-0.40894632397191555
158F1_S294,Hippocampus,158,2H,AST3,1823,7.508787170634276,1.303111e+06,14.080266,49078.0,10.801187,3.7662177,80631.0,11.297651,6.1875772,2533.0,7.8375545,0.19438098,False,False,1,3.769220079229177,-0.011591604906110907,-0.21801143553521898,1.9398842465877533,-0.08842201828956604,-0.09141547631735754,-0.5558918446452175,0.0,Astrocyte,Astrocyte,-0.43675109877162466
158F2_S302,Hippocampus,158,2H,Microglial,1546,7.344072850573066,1.089891e+06,13.901589,7162.0,8.876684,0.65712994,72909.0,11.196981,6.689568,5777.0,8.661813,0.530053,False,False,9,-2.051972991781808,-0.3339499660472774,-0.14375297047875146,-0.8229324626922607,9.329642193317413,2.0852548907501527,-0.5358487601256251,0.0,Microglia/macrophage,Microglial,1.2333384843819926
158F3_S310,Hippocampus,158,2H,AST1,1762,7.47477218239787,1.692728e+06,14.341852,58556.0,10.977756,3.459268,102432.0,11.536964,6.051297,6320.0,8.751633,0.37336183,False,False,3,1.2141656934237872,-0.06651315976626909,-0.16432273026668665,-1.1237969708442688,-0.0970028281211853,-0.1290263720233031,1.1212819575065345,0.0,Astrocyte,Astrocyte,-0.20922382954564034
158F6_S334,Hippocampus,158,2H,AST1,2299,7.7406644019172415,1.719733e+06,14.35768,70145.0,11.158334,4.0788307,89827.0,11.405652,5.223311,9043.0,9.109857,0.5258374,False,False,3,3.3333548639641437,-0.10022793942360422,-0.27200704331349845,-1.229849901199341,-0.006390962600708008,-0.2676451832357079,0.2773242727595957,-0.012781925201416015,Astrocyte,Astrocyte,-0.7354140299588492
158F7_S342,Hippocampus,158,2H,AST3,2751,7.920083199053234,2.396768e+06,14.689632,73995.0,11.211766,3.0872827,119902.0,11.694438,5.0026536,11835.0,9.3789015,0.49378997,False,False,2,3.1186387877646684,-0.0751336519442611,-0.3429249802021065,-1.627774748802185,-0.18875969409942628,-0.21283477725404681,0.43525358660137226,0.0,Astrocyte,Astrocyte,-0.42950603699246315
158F8_S350,Hippocampus,158,2H,Neuronal,2862,7.959625305098115,1.605343e+06,14.288849,33078.0,10.406654,2.0604942,71492.0,11.177355,4.4533787,36205.0,10.49698,2.2552812,False,False,7,-1.6190353071754748,3.9168345221322984,-0.3760000232494239,-1.7206092810630798,-0.39552313566207886,-0.41070718235439724,0.5508766539731818,0.0,Neuron,Neuronal,-0.06401753146978773
158F9_S358,Hippocampus,158,2H,AST1,2833,7.949444420250626,2.107884e+06,14.561195,93715.0,11.448024,4.4459276,104655.0,11.5584345,4.9649315,6239.0,8.738735,0.29598403,False,False,2,2.641337018846815,-0.18469051559965813,1.2824156922523422,-1.4347372376918792,-0.22526262402534486,-0.4619683761789341,-1.1851548411738333,-0.010944249629974366,Astrocyte,Astrocyte,-0.24797728289546872
158G11_S375,Hippocampus,158,2H,AST1,1362,7.217443431696533,1.468262e+06,14.199591,96584.0,11.478179,6.5781174,100335.0,11.51628,6.83359,7030.0,8.858085,0.47879735,False,False,3,3.4256485785291497,-0.00834656839993731,-0.07415384505734299,-0.8631754994392395,-0.020010204315185548,-0.21534195572438866,-0.5298517202612144,-0.10986161231994629,Astrocyte,Astrocyte,-0.31441734002309174
158G1_S295,Hippocampus,158,2H,Endothelial,2248,7.718240951959316,1.285659e+06,14.066783,37867.0,10.541862,2.9453378,80885.0,11.3007965,6.291326,15391.0,9.641603,1.1971292,False,False,5,-3.030365975176702,-0.26653074379542363,-0.2089086530184505,-1.1501194429397583,-0.3731216311454773,7.433373288674788,5.241276992026286,0.0,Endothelial,Endothelial,3.748444032191434
158G2_S303,Hippocampus,158,2H,Mural,1687,7.431299675155903,941622.0,13.755361,10245.0,9.234643,1.0880162,56153.0,10.935853,5.9634333,4770.0,8.470311,0.5065727,False,False,0,-2.6561700011211666,-0.21834124093079688,-0.14576960151845758,2.371750102043152,-0.0819719386100769,1.9223491663884633,6.143992262269983,0.0,Mural,Mural,4.807503438428766
158G3_S311,Hippocampus,158,2H,AST3,2003,7.602900462204755,1.644312e+06,14.312833,55216.0,10.919026,3.358,84108.0,11.339869,5.1150875,5180.0,8.552753,0.3150254,False,False,3,3.3505773602939044,-0.17024833652841387,-0.2785217683724683,1.3149185526371001,-0.15565985321998596,-0.2714633315500587,-0.6958983482128411,-0.013201510906219483,Astrocyte,Astrocyte,0.05120597565810947
158G5_S327,Hippocampus,158,2H,AST1,2105,7.652545692693921,1.524664e+06,14.237286,45825.0,10.732607,3.0055802,68865.0,11.139918,4.5167327,6324.0,8.752265,0.41477993,False,False,2,4.016236594465912,-0.1444389020378266,-0.11870652226486592,-1.4827546155452729,-0.07492801785469055,-0.07186175416214298,0.6837854226629938,-0.21899670600891114,Astrocyte,Astrocyte,0.07715928057000315
158G6_S335,Hippocampus,158,2H,AST1,2004,7.60339933974067,1.851442e+06,14.431476,103941.0,11.551588,5.6140566,99576.0,11.508686,5.3782945,10968.0,9.302829,0.5924031,False,False,1,3.977435506758143,0.0,0.3766457787667862,-1.1466524934768676,0.0,-0.04929811304265803,-0.8641415253356474,0.0,Astrocyte,Astrocyte,-0.5254976502643006
158G7_S343,Hippocampus,158,2H,AST1,1737,7.460490305825338,1.612061e+06,14.293025,102107.0,11.533787,6.3339415,115026.0,11.652923,7.135338,5485.0,8.609955,0.34024766,False,False,4,3.4175987204567333,-0.05242088751577253,-0.22881221229379828,-1.0232737183570861,-0.16407918214797973,-0.06731170596498431,-1.0014125246498453,-0.013604180812835693,Astrocyte,Astrocyte,-0.44123646651763154
158G9_S359,Hippocampus,158,2H,AST1,1413,7.254177846456518,1.192365e+06,13.99145,49196.0,10.803588,4.125918,118501.0,11.682685,9.938316,5770.0,8.660601,0.48391223,False,False,3,4.726870466451176,-0.049786119604829565,-0.22898119989067617,-0.7690349721908569,-0.07347321033477783,-0.09153928901209976,-0.3798240097473614,0.0,Astrocyte,Astrocyte,-0.5592260578637928
158H10_S368,Hippocampus,158,2H,AST1,2322,7.750614732770409,1.960292e+06,14.488605,81537.0,11.308825,4.1594315,79723.0,11.286326,4.066894,8515.0,9.049702,0.43437406,False,False,3,3.0236723927852225,-0.030831602949592935,-0.29899614447295064,2.1457910311222075,-0.17264408111572266,-0.07129819465406013,-1.025062599972864,0.0,Astrocyte,Astrocyte,-0.7489116411774306
158H11_S376,Hippocampus,158,2H,AST4,2329,7.753623546559746,1.750017e+06,14.375136,76737.0,11.248153,4.3849287,82811.0,11.324328,4.7320113,14463.0,9.579418,0.82644916,False,False,6,1.3717300461941075,-0.08805994442359887,-0.200773496218402,-1.395702335834503,-0.17587710201740264,-0.12431379701151993,-0.898025572898999,0.0,Astrocyte,Astrocyte,-0.6682597027597125
158H3_S312,Hippocampus,158,2H,AST4,2291,7.73718007783463,1.460923e+06,14.19458,49139.0,10.802428,3.3635588,63282.0,11.055372,4.331645,11669.0,9.364777,0.79874164,False,False,2,3.387002016025815,-0.2411699001513534,-0.35223216962332676,-1.188046178817749,-0.18864490270614623,-0.32793532236657963,-1.076374902198063,-0.06486158847808837,Astrocyte,Astrocyte,-0.785627720750035
158H4_S320,Hippocampus,158,2H,AST1,1770,7.479299637782834,1.382865e+06,14.139668,40850.0,10.617686,2.9540122,129810.0,11.773835,9.387033,6407.0,8.765303,0.46331346,False,False,3,2.582418430046957,-0.05876876241597698,-0.0862523726742677,-0.9685866093635559,-0.3331399166584015,-0.10769724605059383,-0.7628820661324353,0.0,Astrocyte,Astrocyte,-0.17074482929029922
158H5_S328,Hippocampus,158,2H,AST1,2014,7.608374474380783,948282.0,13.762408,57422.0,10.9582,6.0553718,46611.0,10.749614,4.91531,8794.0,9.081939,0.9273613,False,False,2,2.1377022995974855,-0.1877603968184198,-0.2849133785324867,-1.1538665318489074,-0.10016860008239746,-0.16806474839798127,-0.9225911950346214,0.0,Astrocyte,Astrocyte,-0.7167510849008576
158H6_S336,Hippocampus,158,2H,AST2,1822,7.508238774678663,1.759164e+06,14.38035,132471.0,11.7941265,7.5303383,103671.0,11.548987,5.893197,6113.0,8.718336,0.3474946,False,False,3,3.7287491957346592,0.9311815116872739,-0.04072129726409912,-1.4814016604423523,-0.05033214807510376,0.06788429587778419,-0.23008705398545193,0.0,Astrocyte,Astrocyte,0.19991993851872636
158H7_S344,Hippocampus,158,2H,Mural,1718,7.449498005382849,1.549962e+06,14.253741,25736.0,10.155685,1.6604278,101127.0,11.524142,6.5244823,9535.0,9.162829,0.6151764,False,False,0,-2.3425236026771734,-0.16749662909675483,-0.3057949726629739,-0.8954029643535614,-0.21889831364154816,-0.22255019106046117,5.7518834992868815,0.0,Mural,Mural,6.419963159164622
158H8_S352,Hippocampus,158,2H,AST1,1764,7.475905969367397,1.282384e+06,14.064232,27440.0,10.219793,2.1397645,63935.0,11.065638,4.985636,3732.0,8.224968,0.29102048,False,False,3,2.897920331668333,-0.10669574426047167,-0.1313553952207469,-1.5342753207683564,-0.13625123023986815,-0.023346360885735714,0.29057886073337724,-0.05753813266754151,Astrocyte,Astrocyte,-0.4960490641291432
15A11_S369,Cortex,15,1C,AST1,2425,7.793999089503996,2.648419e+06,14.789474,49376.0,10.8072405,1.8643575,84519.0,11.344744,3.1913002,13990.0,9.546169,0.52823967,False,False,2,3.2790935873333877,-0.03630689310668102,1.437918280712282,-1.5526593428850175,-0.07065547466278076,-0.04570341471469763,-0.8240849498528332,0.0,Astrocyte,Astrocyte,-0.9179462265092662
15A12_S377,Cortex,15,1C,AST3,3068,8.029107054619736,1.221297e+06,14.015425,32870.0,10.400346,2.691401,48444.0,10.788184,3.9666028,5706.0,8.649448,0.4672082,False,False,1,2.992275593710727,-0.11801204070373995,-0.3046962221463521,-1.5979205167293549,-0.25389947831630705,-0.22755771694761334,-1.0555072780230537,0.0,Astrocyte,Astrocyte,-0.7938127880402917
15A1_S289,Cortex,15,1C,AST1,2133,7.665753431861699,814170.0,13.609926,27390.0,10.21797,3.3641622,26612.0,10.189156,3.2686048,2541.0,7.8407063,0.31209698,False,False,2,3.3119622553632553,-0.06567695751861112,-0.16816166856072165,-1.1810625493526459,-0.22514236927032472,-0.010585120230010061,-0.927475230777683,0.0,Astrocyte,Astrocyte,-0.28578781827861355
15A3_S305,Cortex,15,1C,AST2,2077,7.639161171659173,1.860872e+06,14.436556,52564.0,10.869806,2.8246973,66131.0,11.099408,3.553764,11037.0,9.309099,0.5931091,False,False,1,3.902299697281884,-0.031240259582672885,-0.12265041560837717,2.4993310141563416,0.03955841660499573,-0.0352394821667912,-0.7764809473076059,0.0,Astrocyte,Astrocyte,-0.6499811237761891
15A4_S313,Cortex,15,1C,Endothelial,3193,8.069029328774958,1.898786e+06,14.456726,37157.0,10.522934,1.956882,42720.0,10.662446,2.2498586,23543.0,10.066627,1.2398975,False,False,5,-3.528574602200034,-0.35899434976242295,-0.4357253836862969,1.6895820856094361,-0.494520046710968,7.702844647446064,5.243241320303337,-0.011613268852233887,Endothelial,Endothelial,3.5566689112722774
15A5_S321,Cortex,15,1C,AST3,1977,7.589841512182657,1.581015e+06,14.273579,25379.0,10.141717,1.6052346,54577.0,10.907386,3.4520228,5056.0,8.528529,0.31979457,False,False,3,3.841770925157056,-0.037044964843059906,-0.13716690287445532,-1.4717841839790344,-0.1309214127063751,0.20451236012006047,-0.7396629443719759,0.0,Astrocyte,Astrocyte,-0.5520891442720799
15A6_S329,Cortex,15,1C,AST1,2063,7.6324011266014535,1.655575e+06,14.319659,88470.0,11.39043,5.343763,66837.0,11.110027,4.0370865,6034.0,8.705331,0.36446553,False,False,1,3.153350394931647,-0.08624827172887985,-0.15533329260469686,-1.1902633941173553,-0.03700682163238525,-0.11944055798077824,-1.1301810801328727,0.0,Astrocyte,Astrocyte,-0.6083371296947906
15A7_S337,Cortex,15,1C,AST1,1752,7.469083884921234,1.660199e+06,14.322449,87217.0,11.376166,5.253406,109943.0,11.607726,6.6222787,12038.0,9.395906,0.7250938,False,False,1,2.260429055312943,-0.038235271995391076,1.6269808766817806,2.675079605579376,-0.02775937080383301,-0.11509064110842618,-0.5070061288287292,0.0,Astrocyte,Astrocyte,-0.638360183107634
15A9_S353,Cortex,15,1C,AST1,2494,7.822044008185619,1.627296e+06,14.302431,48795.0,10.7954035,2.9985325,52029.0,10.859576,3.1972673,7841.0,8.967249,0.48184228,False,False,2,3.435223470945827,-0.12532932734369634,-0.2762668183957688,2.463457514643669,-0.09972196638584137,-0.08954340400117816,-1.237973085599928,-0.1727906334400177,Astrocyte,Astrocyte,-0.6866385539828835
15B10_S362,Cortex,15,1C,AST2,2253,7.720461694599722,994979.0,13.810478,26256.0,10.175688,2.6388497,38687.0,10.563285,3.888223,4061.0,8.309431,0.40814933,False,False,2,3.554813433866032,-0.11004686056069993,-0.3449720084065139,1.5463720488548278,-0.16949626684188843,-0.36311879302516126,-0.9313141203405869,-0.12523509979248046,Astrocyte,Astrocyte,-0.4176070204561262
15B2_S298,Cortex,15,1C,Endothelial,2318,7.7488913372555315,1.844839e+06,14.427903,33897.0,10.431111,1.837396,58653.0,10.979411,3.1793017,24319.0,10.099054,1.318218,False,False,5,-2.550550888470613,0.6486339167733888,-0.5954628659017158,-1.4310456639528275,-0.16456382513046264,7.588456599399296,1.4802397669260228,0.0,Endothelial,Endothelial,4.66099686311163
15B3_S306,Cortex,15,1C,AST2,2183,7.688913336864796,1.661925e+06,14.323488,64233.0,11.070288,3.864976,62907.0,11.049429,3.785189,5798.0,8.665441,0.34887254,False,False,1,3.2063478081604178,-0.02294441683208523,-0.13136592718085857,1.8555945241451264,-0.15192917108535767,-0.18381732160394842,-1.067773626677355,0.0,Astrocyte,Astrocyte,-0.7248195664512495
15B4_S314,Cortex,15,1C,AST1,2454,7.805882040228621,1.789361e+06,14.397369,80575.0,11.296956,4.503004,43827.0,10.688028,2.4493103,6668.0,8.805225,0.37264702,False,False,2,3.36528906144731,-0.09388151060995745,-0.15606606518379365,-1.4747717142105103,-0.15215948164463045,-0.02872481310006344,-0.7362463749832844,-0.05550781726837158,Astrocyte,Astrocyte,-0.7773074384324737
15B8_S346,Cortex,15,1C,AST2,2655,7.884576510596324,1.766521e+06,14.384523,59894.0,11.000348,3.3905058,65580.0,11.091042,3.7123814,8868.0,9.090318,0.5020036,False,False,1,2.9709878941702703,-0.05822245200075696,-0.1811273101002279,-1.4926817029714585,-0.3532508361339569,-0.04032566330649636,-1.3117987750163629,-0.02546833038330078,Astrocyte,Astrocyte,-0.9216163339519341
15B9_S354,Cortex,15,1C,AST3,2115,7.65728279297819,1.671574e+06,14.329277,42474.0,10.656671,2.5409584,82344.0,11.318673,4.9261355,6622.0,8.798304,0.39615357,False,False,1,3.465464633019244,-0.11998367728899471,3.1271889360264096,2.21055694937706,-0.07197994828224182,-0.02549366336880308,-1.0313382241594133,0.0,Astrocyte,Astrocyte,0.7238217562884839
15C10_S363,Cortex,15,1C,AST2,2360,7.766840537085513,871614.0,13.678103,35758.0,10.484557,4.1025043,19560.0,9.881293,2.2441127,2793.0,7.9352293,0.32044002,False,False,1,3.091263179570599,-0.10998468063584524,1.5471126575662633,2.29554323554039,0.12542737007141114,-0.1036477763243396,-1.0088543394702163,0.0,Astrocyte,Astrocyte,-0.21602190764798146
15C12_S379,Cortex,15,1C,AST2,1870,7.534228326274089,1.736124e+06,14.3671665,59564.0,10.994823,3.4308608,70815.0,11.16784,4.0789137,7725.0,8.952347,0.4449567,False,False,1,4.119531234105429,-0.11584227109075192,-0.14143803384568956,-0.7021356475353241,-0.21094909191131592,-0.08491624967016355,-0.7410748723763317,0.0,Astrocyte,Astrocyte,-0.7224576534930374
15C2_S299,Cortex,15,1C,Mural,1739,7.461640392208575,1.231127e+06,14.023441,20416.0,9.924123,1.658318,73484.0,11.204837,5.96884,14079.0,9.55251,1.1435864,False,False,0,-3.3058551334943926,-0.023894156043852994,1.5375192851731272,3.146023098230362,-0.37707225322723387,-0.14409565684771297,6.041039874805278,0.0,Mural,Mural,0.705196014989497
15C3_S307,Cortex,15,1C,AST2,2285,7.734558844354756,1.479642e+06,14.207312,52083.0,10.860613,3.5199733,54913.0,10.913524,3.7112355,8203.0,9.012377,0.55439085,False,False,1,3.895081034123571,-0.06707309658203892,-0.2640686408437864,2.44162796497345,2.959717493057251,-0.15749052799109256,-0.8696438822914009,0.0,Astrocyte,Astrocyte,0.5580267381289965
15C4_S315,Cortex,15,1C,AST2,2079,7.640123172695364,1.187165e+06,13.98708,42813.0,10.66462,3.6063228,53170.0,10.8812685,4.4787374,5132.0,8.543446,0.43229038,False,False,1,2.5938660521976287,-0.07966354983535844,1.4470992639209286,2.476062015891075,1.6446411842107773,0.20264036005193536,-0.8056909238273774,0.0,Astrocyte,Astrocyte,-0.12897065288709086
15C5_S323,Cortex,15,1C,Mural,1845,7.520776415062797,1.299603e+06,14.07757,17246.0,9.755394,1.3270206,63046.0,11.051636,4.8511734,11050.0,9.310276,0.8502597,False,False,0,-2.8729882943825644,-0.1284426309954581,1.2607548411446388,2.0665519100427625,-0.28443740367889403,-0.4674892256958316,5.703203168047134,0.0,Mural,Mural,-0.46760207742999904
15C6_S331,Cortex,15,1C,AST2,2347,7.761319180947987,1.196118e+06,13.994593,65891.0,11.095773,5.508737,93837.0,11.449326,7.845129,6425.0,8.768107,0.5371544,False,False,1,2.5352953398813964,-0.2068002643297665,-0.2538235088189443,2.3394832587242127,-0.1319880121946335,0.18218625675548206,-1.094367782674243,0.0,Astrocyte,Astrocyte,-0.789418541230821
15C7_S339,Cortex,15,1C,AST2,3167,8.060855752934316,1.867108e+06,14.439902,94305.0,11.4543,5.0508595,46239.0,10.741601,2.4765036,8163.0,9.007489,0.43720022,False,False,3,3.2257376277381615,-0.17447183239999128,-0.2979427416517277,2.087698959112167,-0.16920410692691804,-0.12987060679329765,-1.221698423426355,-0.011768022775650025,Astrocyte,Astrocyte,-0.6015317779351554
15C8_S347,Cortex,15,1C,AST1,1934,7.5678626054638825,1.425846e+06,14.170277,48139.0,10.781869,3.376171,53567.0,10.888707,3.7568574,5669.0,8.642944,0.3975885,False,False,3,2.1294787995150832,-0.04760792177526196,-0.15494558817208415,-1.0290378654003143,-0.15143480002880097,-0.08466636592691595,-0.5977943087342995,-0.07111504554748535,Astrocyte,Astrocyte,-0.685954520917297
15C9_S355,Cortex,15,1C,AST2,1765,7.476472381163905,1.276844e+06,14.059903,31837.0,10.368416,2.4934134,78409.0,11.269707,6.1408443,4864.0,8.489822,0.38093925,False,False,1,2.3024566942225393,-0.08162879165093503,-0.21313129832046201,-0.7655228590965271,-0.2443830418586731,-0.14757621167886137,-0.7729880150838114,0.0,Astrocyte,Astrocyte,-0.1555101052548531
15D10_S364,Cortex,15,1C,AST2,2246,7.717351272185329,1.307928e+06,14.083956,53870.0,10.894347,4.118728,41846.0,10.641775,3.1994116,5829.0,8.670773,0.44566673,False,False,1,2.324258434642208,-0.04145343728999996,-0.3084817546786684,-0.8503774118423462,-0.17682845175266265,-0.1538251716681201,0.6095774736835728,0.0,Astrocyte,Astrocyte,0.5522843740121749
15D11_S372,Cortex,15,1C,Microglial,1894,7.546974117516527,2.233651e+06,14.619148,16236.0,9.695048,0.7268817,266591.0,12.493475,11.935212,22358.0,10.014984,1.0009621,False,False,9,-1.9724377374180029,0.27418951083667314,-0.3672063218222724,-1.4735753989219667,8.892827694416047,-0.23259805308447945,-0.7355725908998269,0.0,Microglia/macrophage,Microglial,5.538031720557873
15D12_S380,Cortex,15,1C,AST3,3032,8.017307507688582,2.143118e+06,14.577773,45112.0,10.716926,2.1049705,41923.0,10.643614,1.9561685,10804.0,9.287765,0.5041253,False,False,1,2.887082336378879,-0.113088435264089,-0.17689492154603054,-1.4036430448293686,-0.013977429270744324,-0.25989945067299736,-1.0891393198439823,-0.0971529483795166,Astrocyte,Astrocyte,-0.5686506175736155
15D2_S300,Cortex,15,1C,AST3,3122,8.046549357283078,1.594126e+06,14.2818365,35868.0,10.487629,2.2500103,29746.0,10.300484,1.8659754,9188.0,9.125762,0.57636595,False,False,2,2.76239147603186,-0.07320776716548594,-0.38700234769570707,1.1160055589675903,-0.010529260635375976,-0.1898216719579215,-1.220637734211869,0.0,Astrocyte,Astrocyte,-1.0425757042354653
15D3_S308,Cortex,15,1C,AST2,1712,7.44600149832412,1.24318e+06,14.033184,41406.0,10.631206,3.330652,61802.0,11.031707,4.9712834,4569.0,8.427269,0.36752522,False,False,2,3.4266931352719583,-0.09459529120718414,0.8073371299589523,2.681209672689438,-0.09858869314193726,-0.029627619969724406,1.0954978106608944,0.0,Astrocyte,Astrocyte,-0.5238713110627634
15D4_S316,Cortex,15,1C,AST2,2356,7.7651449029361315,1.626502e+06,14.301943,64676.0,11.077161,3.976386,50731.0,10.834312,3.1190248,6947.0,8.84621,0.4271129,False,False,1,3.431597057587461,-0.003293929387576616,-0.30596421523527667,-1.1434416627883912,-0.20554420113563537,-0.1809670575941452,-1.1202173448687223,3.7960782051086426,Astrocyte,Astrocyte,-0.6545743064609713
15D5_S324,Cortex,15,1C,AST2,2582,7.8567067930958405,1.451765e+06,14.188292,51926.0,10.8575945,3.5767496,53103.0,10.880008,3.6578233,6266.0,8.743053,0.43161255,False,False,2,2.3270558672524544,-0.06448565955138087,-0.38645323930364667,-1.6989002734422685,-0.07366870641708374,-0.09441518843776048,1.002823977913689,0.0,Astrocyte,Astrocyte,-0.778717278240121
15D6_S332,Cortex,15,1C,AST3,2610,7.8674885686991285,1.687099e+06,14.338522,41225.0,10.626824,2.4435437,42632.0,10.660384,2.526941,7689.0,8.947676,0.45575276,False,False,3,2.117889965818228,-0.03130618980781517,-0.20635128623307353,1.8940926998853684,-0.06339104652404785,0.13075423060041486,0.15694057402299277,-0.21194709777832033,Astrocyte,Astrocyte,-0.7302248775461481
15D7_S340,Cortex,15,1C,AST1,2097,7.6487397889562425,1.549707e+06,14.253577,26721.0,10.193242,1.7242614,59844.0,10.999514,3.8616333,6752.0,8.817742,0.4356953,False,False,2,2.924015826214859,-0.18049608403114817,-0.253197375572089,2.015387396812439,-0.08599862933158875,-0.26975685057013926,-0.7456931301097774,0.0,Astrocyte,Astrocyte,-0.43593927337251637
15D9_S356,Cortex,15,1C,AST3,3216,8.076204527239026,1.693836e+06,14.342507,62826.0,11.048141,3.7090957,38656.0,10.562483,2.2821572,14696.0,9.595399,0.8676165,False,False,4,2.456486245647806,-0.20232863042821836,-0.3278153896933854,1.4978119498491287,-0.33646017968654635,-0.32070385506658844,-1.43896324850207,0.0,Astrocyte,Astrocyte,0.831553810725427
15E10_S365,Cortex,15,1C,AST3,3131,8.049427057110695,1.429565e+06,14.172881,37392.0,10.529239,2.6156209,26020.0,10.166659,1.8201342,9849.0,9.195227,0.68895084,False,False,1,2.641606505451306,-0.05383144850706934,-0.3102074385893465,1.088240395784378,-0.097419114112854,-0.2585402414052173,-1.1002274673787793,0.0,Astrocyte,Astrocyte,-0.3177602616992339
15E11_S373,Cortex,15,1C,AST2,2067,7.63433723562832,2.149263e+06,14.580636,66131.0,11.099408,3.0769153,66490.0,11.104822,3.0936186,10667.0,9.275003,0.49630967,False,False,1,3.860113277787068,-0.05443629936956281,-0.09365223634122598,2.237582933306694,-0.06337657928466797,-0.07312883451731518,-0.8412664904067265,-0.13471804618835448,Astrocyte,Astrocyte,-0.7544937125828509
15E12_S381,Cortex,15,1C,AST1,2235,7.71244383427499,2.07875e+06,14.547277,51473.0,10.848832,2.4761515,55983.0,10.932821,2.6931088,9578.0,9.167329,0.46075767,False,False,3,3.705948287346324,-0.2505765167912047,-0.27625437487255444,-1.462260423898697,-0.06738100409507751,-0.10403542626987804,-0.6475907136597226,0.0,Astrocyte,Astrocyte,0.03789197321427684
15E2_S301,Cortex,15,1C,AST2,2710,7.905072849498666,827662.0,13.626362,30167.0,10.314537,3.6448452,29835.0,10.303471,3.6047325,3298.0,8.101375,0.39847186,False,False,1,3.4189470700227496,-0.09735171699044692,-0.3347211925670354,1.5957680916786194,0.010538907051086427,-0.2826386702181113,-0.9969603416308686,0.0,Astrocyte,Astrocyte,-0.5579048732982852
15E3_S309,Cortex,15,1C,AST3,2282,7.733245646529795,1.627966e+06,14.302842,57759.0,10.964052,3.5479243,45729.0,10.73051,2.8089654,3748.0,8.229244,0.23022595,False,False,2,2.3781506911001564,-0.07820799362719358,-0.2447333408124519,-1.1189386886358261,-0.03031662106513977,-0.14246065568442295,0.9949512619469034,0.0,Astrocyte,Astrocyte,-0.3138889863415433
15E4_S317,Cortex,15,1C,AST2,2365,7.768956044538332,1.113331e+06,13.922868,35088.0,10.465643,3.1516235,52427.0,10.867196,4.7090216,5252.0,8.566555,0.4717375,False,False,3,3.262069177757848,-0.044946884390097766,-0.17990442779329088,1.5569016909599305,-0.08749285697937012,-0.1378613228749747,0.7246366020423084,-0.06794718742370605,Astrocyte,Astrocyte,-0.8173438919605516
15E5_S325,Cortex,15,1C,AST1,1406,7.249215057114389,987701.0,13.803137,40284.0,10.603735,4.0785623,98737.0,11.500225,9.996649,4329.0,8.3733225,0.43829057,False,False,1,3.716376996431195,-0.037454843521118164,-0.22733733027872413,-0.7394753265380859,0.0,-0.15220353579280352,-0.4913559103730935,0.0,Astrocyte,Astrocyte,-0.48098012163165416
15E8_S349,Cortex,15,1C,AST2,2048,7.6251071482389,1.231191e+06,14.023494,47065.0,10.759306,3.8227212,59765.0,10.998192,4.854243,4861.0,8.489205,0.39482093,False,False,1,4.401063016203583,-0.10329609360527153,-0.26545949716760653,-0.25721909523010256,-0.14192765235900878,-0.037942349308668966,0.9581071995011526,0.0,Astrocyte,Astrocyte,-0.3468299636458714
15E9_S357,Cortex,15,1C,AST2,2277,7.731053144007127,1.322402e+06,14.094961,56664.0,10.944912,4.2849298,57846.0,10.965557,4.374313,7321.0,8.898639,0.5536138,False,False,1,1.908574152513931,1.6915824305472063,3.2242569586243293,-0.9083738648891448,-0.07842734277248382,-0.17446065009242356,-0.6246431420496361,-0.09096463203430176,Astrocyte,Astrocyte,-0.8223098815980061
15F11_S374,Cortex,15,1C,AST2,1906,7.553286605600419,1.866336e+06,14.439488,92518.0,11.435169,4.9571996,119106.0,11.6877775,6.3818088,6808.0,8.826,0.3647789,False,False,1,3.3741649858287124,-0.12027537463298395,-0.22143389540489275,-0.8160244941711425,-0.07281945705413818,0.05812745262878111,-0.6299576214210472,0.0,Astrocyte,Astrocyte,-0.19358552729894407
15F3_S310,Cortex,15,1C,AST1,2161,7.6787889981991535,1.466683e+06,14.198515,23891.0,10.081299,1.6289138,55296.0,10.920474,3.7701397,5089.0,8.535033,0.3469734,False,False,1,3.556363679020782,-0.1420951314906978,1.4328050315380096,-0.9687711453437805,-0.061217026710510256,-0.12946817670205626,-0.2832258831915544,0.0,Astrocyte,Astrocyte,-0.6091345507831923
15F4_S318,Cortex,15,1C,Mural,2330,7.754052639035757,1.255736e+06,14.043233,24163.0,10.092619,1.9242102,38090.0,10.547733,3.0332808,8142.0,9.004914,0.6483847,False,False,0,-1.3745258833215535,-0.1731120467785016,-0.38050435588817405,2.3735334283113483,-0.18426122188568114,-0.25675958214384137,6.123206276689942,0.0,Mural,Mural,5.197667757767519
15F6_S334,Cortex,15,1C,AST2,1929,7.5652752818989315,1.309612e+06,14.085242,46230.0,10.7414055,3.5300531,50649.0,10.832695,3.8674812,3602.0,8.189522,0.2750433,False,False,2,2.676703133869692,-0.1346472579630176,-0.11912477437895957,-0.9531335818767548,-0.15448783695697785,-0.11057981999233515,-0.8246220482054667,0.0,Astrocyte,Astrocyte,-0.18971694988479992
15F7_S342,Cortex,15,1C,AST3,2505,7.826443135456014,1.768405e+06,14.38559,52890.0,10.875989,2.9908307,85774.0,11.359483,4.8503594,8407.0,9.036939,0.47540012,False,False,3,3.1976030433112816,-0.05092832191505624,-0.12756538150286434,1.644499247074127,-0.1542573881149292,-0.40665283588447954,-1.1987813046230145,0.0,Astrocyte,Astrocyte,-0.4167641321187824
15F8_S350,Cortex,15,1C,AST2,2278,7.731492029245684,1.364087e+06,14.125997,30962.0,10.3405485,2.2697966,44872.0,10.711592,3.2895262,7114.0,8.869961,0.521521,False,False,1,1.8365573531291526,-0.08181240510700935,-0.1839752383906432,-1.4444161367416382,-0.08860919117927551,-0.05991948252976543,-1.0235199784513693,-0.08484086990356446,Astrocyte,Astrocyte,-0.5625893416906239
15F9_S358,Cortex,15,1C,AST2,2608,7.866722285136729,1.491797e+06,14.215492,68158.0,11.129599,4.568852,66017.0,11.097683,4.425334,8991.0,9.104091,0.60269594,False,False,1,3.1981562747329964,-0.12203326057549098,-0.3522555915394215,1.9464742147922516,-0.12924181997776032,-0.2880515552530385,0.7176326866724982,1.4034481048583984,Astrocyte,Astrocyte,-0.9049401387746425
15G10_S367,Cortex,15,1C,AST2,1896,7.5480289699350145,1.412147e+06,14.160623,25639.0,10.151909,1.8156042,73449.0,11.20436,5.201229,4339.0,8.375629,0.30726263,False,False,1,3.4116934296863333,-0.07599411418090514,-0.13369164563188649,-1.1923798608779907,-0.11001830577850341,-0.19248066044817067,-0.7730213092200121,0.0,Astrocyte,Astrocyte,-0.6655853047394792
15G11_S375,Cortex,15,1C,AST2,2627,7.873978379604501,2.356496e+06,14.672687,59661.0,10.99645,2.5317674,99251.0,11.505418,4.2118044,8704.0,9.071652,0.36936197,False,False,1,3.381070375442505,-0.08646239662290219,0.6968427556331711,2.188316582143307,-0.1724622917175293,-0.08502406995705884,0.2797239419802948,0.0,Astrocyte,Astrocyte,0.41745603422887734
15G3_S311,Cortex,15,1C,AST2,2466,7.810758116529357,939061.0,13.752637,41289.0,10.628376,4.396839,31717.0,10.364639,3.377523,2175.0,7.6852436,0.23161434,False,False,1,3.453762737128252,-0.11220760680922312,-0.20227135431886922,-1.1041262173652648,-0.18104461908340455,-0.1617713263540557,-0.8617401015219377,0.0,Astrocyte,Astrocyte,-0.4028756559790674
15G4_S319,Cortex,15,1C,AST1,2164,7.68017564043659,701318.0,13.460718,22863.0,10.037319,3.260005,39995.0,10.596535,5.7028337,6390.0,8.762646,0.9111416,False,False,6,2.389043357202916,-0.0672562254134135,-0.11962110948080969,2.284111340045929,-0.18260791063308715,-0.0859137616976343,-0.507381635095606,0.0,Astrocyte,Astrocyte,-0.43547581347678854
15G5_S327,Cortex,15,1C,AST2,2086,7.643482907077201,1.258857e+06,14.045715,30037.0,10.310219,2.3860536,52096.0,10.860863,4.138357,6799.0,8.824677,0.5400931,False,False,1,3.043204540763396,-0.10064365037122563,-0.19710429358964016,-1.451314638853073,-0.06171275019645691,-0.08459650747703784,1.035867287285963,0.0,Astrocyte,Astrocyte,-0.12665958316974923
15G7_S343,Cortex,15,1C,AST2,2158,7.677400430514807,1.57645e+06,14.270687,79399.0,11.282253,5.0365696,53557.0,10.88852,3.397317,8305.0,9.024734,0.5268166,False,False,1,3.291884486141101,-0.06178315740134848,-0.17878684552028926,-1.608604700565338,-0.392275242805481,-0.14308260065136533,-0.7756027528389016,0.0,Astrocyte,Astrocyte,0.3522941051222048
15G8_S351,Cortex,15,1C,AST2,2328,7.753194269884341,1.517932e+06,14.232861,51869.0,10.856496,3.4170833,41500.0,10.633472,2.7339828,6120.0,8.7194805,0.40318012,False,False,3,3.06983001766309,-0.13535103785931765,-0.19195666758701055,0.40085838556289666,-0.027494969367980956,-0.19120132802712797,-1.0387705744211397,0.0,Astrocyte,Astrocyte,-0.6501614135971452
15G9_S359,Cortex,15,1C,AST1,1605,7.381501894506707,1.449487e+06,14.186721,41857.0,10.642038,2.8877113,87345.0,11.377632,6.0259247,4108.0,8.320935,0.2834106,False,False,3,4.593031354289237,-0.046920197093906116,-0.15584487686253556,2.8190883481502533,-0.12745879650115965,-0.07857777494372743,-0.6083498276657795,-0.08720833778381348,Astrocyte,Astrocyte,-0.47802139741550503
15H10_S368,Cortex,15,1C,AST2,1824,7.509335266016592,946726.0,13.760766,32513.0,10.389426,3.4342566,38687.0,10.563285,4.0863986,5268.0,8.569596,0.556444,False,False,1,2.437315557172389,-0.06365191277547098,-0.1762820000600333,2.053149119615555,0.0,-0.09169052345584137,-0.6034705644875915,0.0,Astrocyte,Astrocyte,-0.6487222016355231
15H4_S320,Cortex,15,1C,AST2,2464,7.80994708647679,757243.0,13.537441,28864.0,10.270385,3.8117223,22486.0,10.020693,2.9694562,5016.0,8.520588,0.6624029,False,False,1,3.142299644282607,-0.1166699615555193,-0.3269114674943866,1.4440574288368224,0.01208935737609862,-0.2362903416758836,-0.9599682877411195,0.0,Astrocyte,Astrocyte,-0.12493653070548538
15H5_S328,Cortex,15,1C,AST5,2045,7.6236419465115715,1.272773e+06,14.056709,14068.0,9.551729,1.1053032,64343.0,11.071999,5.05534,7125.0,8.871506,0.55980134,False,False,2,2.187496274546847,-0.03431307430842414,-0.20864023162861062,-1.6282887971401214,-0.058407158851623536,-0.16200944510373202,-0.7714076515418201,0.0,Astrocyte,Astrocyte,-0.37217598546526465
15H6_S336,Cortex,15,1C,AST2,1925,7.563200592358071,1.179983e+06,13.981011,41440.0,10.632026,3.511915,47202.0,10.762213,4.000227,3909.0,8.271293,0.33127597,False,False,1,3.796882607246358,-0.03086081940924103,-0.08957038624118073,1.8851509714126586,-0.08207326889038086,-0.07208361770167496,0.5975840594900313,-0.12299168586730957,Astrocyte,Astrocyte,-0.2133767239139952
15H7_S344,Cortex,15,1C,AST2,2489,7.820037989458753,1.320155e+06,14.093261,73363.0,11.203189,5.5571504,63629.0,11.060841,4.819813,5607.0,8.631949,0.42472285,False,False,2,3.225651157358304,-0.2013686526959865,-0.26520909925903935,1.9279989928007126,-0.07011552989482879,-0.21521734950518367,0.30678158549208134,-0.015416349172592164,Astrocyte,Astrocyte,-0.5103078479559872
15H8_S352,Cortex,15,1C,AST3,3046,8.021912778985708,1.319461e+06,14.092734,24462.0,10.104918,1.8539388,71881.0,11.182781,5.447755,6351.0,8.756525,0.4813329,False,False,4,2.9974394339681316,-0.1697150873179412,-0.33429287208451164,1.767602607011795,-0.18907251358032226,-0.48733579510390157,-1.4899730898028043,0.0,Astrocyte,Astrocyte,1.2483452938633888
15H9_S360,Cortex,15,1C,AST2,1925,7.563200592358071,1.262981e+06,14.048986,39307.0,10.579184,3.1122398,68956.0,11.141238,5.459781,6148.0,8.724045,0.48678485,False,False,3,3.277334132481143,-0.043677230276654114,-0.24372785380392364,-0.9492344123125076,-0.1590015172958374,-0.07161049770586418,-0.6449719604535319,0.0,Astrocyte,Astrocyte,-0.6272579999718324
165A3_S305,Cortex,165,2C,AST2,1678,7.425953657077541,1.472263e+06,14.2023115,28906.0,10.271839,1.963372,81573.0,11.309266,5.540654,6447.0,8.771525,0.4378973,False,False,1,4.319284582398628,-0.10619859959012899,-0.20261656936973033,-1.1400832641124725,-0.07749109745025634,-0.20403207432140003,-0.4369835434247501,0.0,Astrocyte,Astrocyte,-0.5355400718711254
165A4_S313,Cortex,165,2C,AST3,2630,7.875119281040293,2.132393e+06,14.572756,48202.0,10.783176,2.2604651,85058.0,11.351101,3.988852,6412.0,8.766083,0.30069506,False,False,1,3.316782826282939,-0.14940968140884858,-0.2880564030974802,-1.325776926279068,-0.06954449653625489,-0.1226667274128307,-1.0022820545800368,-0.0780162525177002,Astrocyte,Astrocyte,-0.44289774832025
165A5_S321,Cortex,165,2C,AST2,1927,7.564238475170491,1.608316e+06,14.290699,66230.0,11.1009035,4.1179714,59643.0,10.996149,3.708413,5573.0,8.625868,0.3465115,False,False,1,3.744380468227824,-0.11589032830904476,-0.3546665632965589,-1.1216888916492462,-0.2832854914665222,-0.020475452596491032,1.220930142318783,0.0,Astrocyte,Astrocyte,-0.5557573460577326
165A6_S329,Cortex,165,2C,AST3,2924,7.981049759665957,2.11059e+06,14.562479,48806.0,10.7956295,2.312434,42671.0,10.661299,2.021757,8527.0,9.05111,0.40401024,False,False,1,4.002162139923846,-0.2455016356616763,-0.47141473100642967,1.303021057844162,-0.16288755774497987,-0.30174971590138444,0.5222294049047345,-0.010674233436584473,Astrocyte,Astrocyte,1.2979014125809645
165A7_S337,Cortex,165,2C,AST2,1784,7.487173694213739,1.568738e+06,14.265782,24164.0,10.092661,1.5403464,87080.0,11.374594,5.550959,4152.0,8.331586,0.26467136,False,False,1,3.2062562743171314,0.6085773883153446,-0.11167062412608754,-1.0675959479808808,-0.0666616666316986,0.08811710820053564,-0.5305846653991009,0.0,Astrocyte,Astrocyte,-0.5658184393419448
165A8_S345,Cortex,165,2C,AST3,2877,7.964850887447313,2.506769e+06,14.734506,49870.0,10.817195,1.9894134,56477.0,10.9416065,2.2529798,7362.0,8.9042225,0.2936848,False,False,4,3.0096308370756963,-0.07035430292388302,-0.24476862314975623,1.1583877217769625,-0.35405227422714236,-0.13336361056626445,0.2613663595525464,0.0,Astrocyte,Astrocyte,0.8665102037145618
165A9_S353,Cortex,165,2C,AST2,2155,7.6760099320288875,2.009232e+06,14.513264,101982.0,11.532561,5.0756707,96929.0,11.481745,4.8241816,5067.0,8.530702,0.2521859,False,False,1,2.917895435309801,-0.060058719548747766,1.7747399373487993,2.3274689549207688,-0.1680871492624283,-0.37694957882466945,-0.9147268692452704,-0.011341401338577271,Astrocyte,Astrocyte,-0.7078458791185102
165B10_S362,Cortex,165,2C,AST2,2427,7.794823152179389,2.346675e+06,14.66851,68552.0,11.135363,2.9212396,74795.0,11.22252,3.1872756,5574.0,8.626047,0.23752756,False,False,2,2.7645381311249864,1.5038169999817508,-0.17754749156007862,2.023977609872818,-0.4463479900360107,-0.12561194342796247,0.6908824641500886,-0.12483044624328614,Astrocyte,Astrocyte,-0.767955119900393
165B4_S314,Cortex,165,2C,AST2,2179,7.687080155783135,1.803479e+06,14.405229,48768.0,10.79485,2.7041068,94357.0,11.454851,5.231943,3855.0,8.257385,0.21375352,False,False,1,3.53610061784911,-0.05413019147949602,-0.11853054737803911,-1.0617036485671998,-0.2842302590608597,-0.09562010716910314,0.5041235457712681,-0.012340866327285767,Astrocyte,Astrocyte,-0.7019589329402713
165B5_S322,Cortex,165,2C,AST2,2248,7.718240951959316,1.759069e+06,14.380296,73358.0,11.20312,4.170274,77875.0,11.262873,4.4270577,7912.0,8.976262,0.4497834,False,False,1,0.47597579877884666,-0.08810655855054232,-0.2403715436506753,-1.4512613570690156,-0.21588396549224853,-0.03572549964442397,-1.0687702840297066,0.0,Astrocyte,Astrocyte,0.14812972589406825
165B6_S330,Cortex,165,2C,AST3,2442,7.8009820712577405,2.11331e+06,14.5637665,45895.0,10.734134,2.1717117,61262.0,11.022931,2.8988647,7373.0,8.905716,0.348884,False,False,2,3.7926640601757455,1.5682116579170802,-0.1215257951707551,-1.5234219014644623,-0.014213984012603759,-0.025637110074361164,-0.8883303937001444,0.0,Astrocyte,Astrocyte,-0.6771645796094992
165B7_S338,Cortex,165,2C,AST3,3026,8.01532730902172,2.199764e+06,14.603861,84618.0,11.345914,3.8466852,66281.0,11.101674,3.013096,6497.0,8.77925,0.29534987,False,False,3,2.010667996328385,-0.12304709185307948,-0.25522872053011497,1.3966665983200073,-0.085718092918396,-0.1954030003210511,-1.1747208959493205,-0.03260661125183106,Astrocyte,Astrocyte,-0.3150104076565805
165B8_S346,Cortex,165,2C,AST2,1960,7.581209826196346,1.518229e+06,14.233056,67502.0,11.119927,4.446101,89403.0,11.400921,5.8886375,7570.0,8.93208,0.49860725,False,False,1,2.1508927879437723,-0.07152942736544202,-0.18755621440482861,0.8117930889129639,-0.09649219155311585,-0.06640205840871792,-0.8471642367204829,-0.014071180820465087,Astrocyte,Astrocyte,-0.5266127208238452
165B9_S354,Cortex,165,2C,AST2,1647,7.4073177104694174,1.44992e+06,14.187019,55523.0,10.924571,3.8293839,86002.0,11.362138,5.9314995,2268.0,7.7270947,0.15642242,False,False,1,4.613371421079167,-0.11455568476537963,-0.24791529022081935,0.018467473983764693,-0.20357297241687775,-0.18267639718874537,-0.682837701922086,0.0,Astrocyte,Astrocyte,-0.038542106374476304
165C2_S299,Cortex,165,2C,AST2,1918,7.5595594960077,1.669146e+06,14.327824,61420.0,11.025507,3.679726,65444.0,11.088965,3.9208074,8076.0,8.996776,0.48384023,False,False,1,2.986908911355858,-0.025676288796429657,-0.21504125510803376,-1.145175098180771,-0.04001031398773194,-0.20561497018794822,0.8609706570754698,0.0,Astrocyte,Astrocyte,-0.46558746053698863
165C3_S307,Cortex,165,2C,AST3,2214,7.703007682479236,1.887915e+06,14.450984,48384.0,10.786945,2.5628273,75212.0,11.22808,3.9838657,5571.0,8.625509,0.29508743,False,False,2,3.7176350257435784,-0.16997761462801067,-0.19578075709969106,-1.2763451969623565,-0.1633507192134857,-0.0701817972491486,-0.8589018954703557,0.0,Astrocyte,Astrocyte,-0.26424554980457926
165C5_S323,Cortex,165,2C,AST2,1748,7.466799475018602,1.176257e+06,13.977849,37341.0,10.527874,3.1745613,78541.0,11.271389,6.677197,6000.0,8.699681,0.5100926,False,False,1,1.8905744865292409,-0.15723047783626384,-0.23894793216628257,-1.0499908566474914,-0.17842363834381103,0.2647484914220945,-0.9169739592614485,0.0,Astrocyte,Astrocyte,-0.5672630841823572
165C7_S339,Cortex,165,2C,AST2,1691,7.433666540166168,1.303864e+06,14.080844,24878.0,10.121779,1.9080211,70921.0,11.169336,5.4392943,7525.0,8.926119,0.57713073,False,False,1,3.7909616847507293,-0.20529357871817583,-0.18931488256261805,-0.9828195798397065,-0.10025744438171387,-0.16906970077090794,-0.5981800136853702,-0.1204012680053711,Astrocyte,Astrocyte,-0.6679810552246781
165C9_S355,Cortex,165,2C,AST3,2429,7.795646536334594,1.955005e+06,14.485904,38472.0,10.557712,1.9678721,51103.0,10.841619,2.6139576,9275.0,9.135185,0.47442335,False,False,1,2.963408338567599,-0.20655702196772974,-0.29786029187115753,-1.3323503935337067,-0.33980714321136474,-0.10684274061761721,-0.9249594978351688,-0.1048912239074707,Astrocyte,Astrocyte,-0.7964526517363343
165D1_S292,Cortex,165,2C,AST3,2392,7.780303087908373,1.940742e+06,14.478581,68277.0,11.131343,3.5180874,65105.0,11.083772,3.3546448,7875.0,8.971576,0.40577263,False,False,1,3.38108230679413,-0.09749941071074213,-0.14528697729110718,-1.1594391751289368,1.2462409114837647,-0.07136248458515514,-1.0175626050287754,-0.011508214473724365,Astrocyte,Astrocyte,-0.7545564976677871
165D2_S300,Cortex,165,2C,AST2,2017,7.609862200913554,1.721817e+06,14.3588915,67766.0,11.123831,3.935726,62802.0,11.047758,3.6474257,4080.0,8.314097,0.23695898,False,False,2,0.9761909917404097,1.495706927836241,-0.17397633104613333,-0.7078766202926636,-0.11498798370361328,-0.019114194494305237,-0.7238128790304289,-0.1260850429534912,Astrocyte,Astrocyte,-0.044653385280567726
165D4_S316,Cortex,165,2C,AST3,2731,7.912789220690681,1.795707e+06,14.40091,56139.0,10.935604,3.1262896,48554.0,10.790453,2.7038932,10358.0,9.245611,0.5768202,False,False,1,3.364644692895191,-0.2895334617576407,-0.12230003331646777,-1.5681928610801696,-0.1258039116859436,-0.1877074795539933,-0.866947785544036,0.0,Astrocyte,Astrocyte,-0.5301745156314417
165D5_S324,Cortex,165,2C,AST2,1891,7.545389749611823,1.477408e+06,14.2058,42752.0,10.663195,2.8937166,47025.0,10.758456,3.1829395,6125.0,8.720297,0.4145774,False,False,3,4.2648087362122675,0.3490319906467169,-0.1551467746195167,-1.1193343532085418,-0.06769282817840576,-0.10984679906055181,-1.0999091576092208,-0.0500536060333252,Astrocyte,Astrocyte,-0.5341557212584405
165D6_S332,Cortex,165,2C,AST2,2301,7.741533589281828,1.594954e+06,14.282356,53382.0,10.885247,3.3469305,66847.0,11.110177,4.1911554,6310.0,8.75005,0.3956227,False,False,1,2.5002824973538926,-0.05953802655090639,-0.19207144024396183,2.2775426292419434,-0.09221936225891113,-0.06300774607995543,0.4204552389269498,0.0,Astrocyte,Astrocyte,-0.30696010987627287
165D7_S340,Cortex,165,2C,AST2,2107,7.653494909661253,1.628415e+06,14.303119,46085.0,10.738264,2.8300526,53377.0,10.885154,3.2778497,5347.0,8.584478,0.3283561,False,False,1,2.7042370370176974,-0.10298972872633431,-0.18130901666602703,1.4235882568359375,-0.06177948474884033,-0.22034241695596715,-0.6862255197074545,-0.21595852851867675,Astrocyte,Astrocyte,-0.6946949371710445
165D8_S348,Cortex,165,2C,AST3,2462,7.809135398120538,2.043149e+06,14.530004,52915.0,10.876461,2.5898747,94603.0,11.457455,4.6302547,5641.0,8.637994,0.27609342,False,False,4,3.1186539221331078,-0.037159176328074396,-0.3100663221845723,1.7322027611732482,-0.24181792497634888,-0.2871012109698671,-0.9554032878061036,0.0,Astrocyte,Astrocyte,1.2966971627260886
165E1_S293,Cortex,165,2C,AST1,2088,7.644440761556566,1.555262e+06,14.257155,79741.0,11.286551,5.127175,77111.0,11.253015,4.958071,6412.0,8.766083,0.4122778,False,False,2,2.618619552726954,0.4642009585347008,-0.13085960137723673,-1.315025042295456,1.4006112694740296,0.4116749016925543,-0.8478645517598444,-0.03199761390686035,Astrocyte,Astrocyte,-0.5726945106568241
165E2_S301,Cortex,165,2C,AST2,2305,7.743269700829004,1.901447e+06,14.458126,57478.0,10.959175,3.0228558,58814.0,10.982152,3.093118,5483.0,8.609591,0.28835934,False,False,1,3.2044956371432445,-0.09714090943935529,-0.23551544396564214,-1.3192791557312011,0.12461290836334228,0.4095292296072449,0.6128500118926542,0.0,Astrocyte,Astrocyte,-0.04235312954611292
165E4_S317,Cortex,165,2C,AST1,1791,7.491087593534876,1.499496e+06,14.22064,49283.0,10.805355,3.2866378,68018.0,11.1275425,4.5360575,3822.0,8.248791,0.25488564,False,False,1,2.706325615690054,-0.015223645684707104,-0.12043520356669571,-0.8025241202116012,-0.1272424167394638,-0.04647536590845898,-0.6140925150420797,0.0,Astrocyte,Astrocyte,-0.43859675800262987
165E5_S325,Cortex,165,2C,AST1,2082,7.641564441260972,1.766853e+06,14.384711,78240.0,11.2675495,4.428212,64766.0,11.078551,3.6656134,6921.0,8.84246,0.39171338,False,False,1,4.02212449273125,-0.20114850458787314,-0.19516379724849353,-0.9290805673599243,-0.09664291143417358,-0.2052797723298121,0.4333525383891772,0.0,Astrocyte,Astrocyte,-0.6691595619429332
165E6_S333,Cortex,165,2C,AST2,2312,7.746300662231439,1.670449e+06,14.328604,76173.0,11.240775,4.5600314,45919.0,10.734656,2.7489016,7380.0,8.906665,0.4417974,False,False,1,2.027197410500115,-0.06110727667209491,1.2549863114501492,2.048099652528763,-0.11331045866012573,-0.09715897145897451,0.5694563784191956,0.0,Astrocyte,Astrocyte,-0.32470427620192
165E7_S341,Cortex,165,2C,AST1,1802,7.497207223203318,1.544828e+06,14.250423,34883.0,10.459784,2.258051,87668.0,11.381324,5.674936,5838.0,8.672315,0.37790614,False,False,1,4.114986783168355,-0.034476677377020294,-0.2704163326157464,-0.6795934402942657,-0.10609978199005127,-0.08305721752571338,-0.6482903870505903,0.0,Astrocyte,Astrocyte,-0.537005865315165
165E8_S349,Cortex,165,2C,AST2,2234,7.711996507047669,1.698277e+06,14.345125,67223.0,11.115786,3.958306,41949.0,10.644234,2.4700918,6561.0,8.789051,0.38633275,False,False,3,3.134684389406214,-0.025217208430994696,1.4446322207499032,-0.8970077168941498,-0.2198490709066391,-0.06771464480294122,-0.7851582211465692,0.0,Astrocyte,Astrocyte,0.14964304570861175
165E9_S357,Cortex,165,2C,AST2,2099,7.649692623711514,1.729873e+06,14.363559,94648.0,11.457931,5.471384,83150.0,11.328414,4.806711,10141.0,9.224441,0.586228,False,False,2,2.955042883346642,-0.09314086029877015,1.6097213306812326,1.341610804796219,-0.0063443219661712645,0.1144531989338422,0.9594125088734843,-0.10636828184127807,Astrocyte,Astrocyte,-0.13227908325712745
165F1_S294,Cortex,165,2C,AST3,2364,7.768533300926033,1.951342e+06,14.484029,39474.0,10.583423,2.0229156,51459.0,10.84856,2.6371083,7158.0,8.876125,0.36682448,False,False,2,3.32738377390012,-0.07570290146161564,-0.31450499308229696,-1.2751182466745377,-0.06858021318912506,-0.26327230713584204,-1.0291866207841653,-0.011394885778427124,Astrocyte,Astrocyte,-0.12939055654560783
165F2_S302,Cortex,165,2C,AST1,2207,7.699842407396986,1.746961e+06,14.373389,50753.0,10.834745,2.9052167,53942.0,10.895683,3.087762,5178.0,8.552367,0.29640043,False,False,2,3.030252215640793,-0.017877631451017294,-0.09947695575579248,-1.1343970263004304,-0.16566824078559875,-0.12833843809185605,1.0629857425114617,0.0,Astrocyte,Astrocyte,-0.24729713543826626
165F3_S310,Cortex,165,2C,AST2,1475,7.297091005160418,1.191983e+06,13.99113,50776.0,10.835198,4.2597923,85789.0,11.359657,7.1971664,7922.0,8.977525,0.6646068,False,False,1,3.145100606595232,-0.12176699614405033,-0.17615989241937194,-0.3470932984352112,-0.11198516845703126,-0.05259495070486358,-0.5006141938156818,0.0,Astrocyte,Astrocyte,-0.5357059327907275
165F4_S318,Cortex,165,2C,AST2,1631,7.397561535524052,1.314264e+06,14.088788,52620.0,10.870871,4.003762,78852.0,11.275341,5.9997077,3369.0,8.122668,0.2563412,False,False,1,3.2984596836110933,-0.12020388859600278,-0.04042134140477036,-0.9519062185287476,1.6884793281555175,-0.007876662292865792,-0.6650705768834406,0.0,Astrocyte,Astrocyte,-0.4956657663609627
165F5_S326,Cortex,165,2C,AST3,2638,7.878155336503324,1.965576e+06,14.491297,41227.0,10.626873,2.0974512,41561.0,10.634942,2.1144438,8959.0,9.100526,0.45579514,False,False,2,2.9574878958405044,-0.02648545869031743,1.4394042497933512,1.814687979221344,-0.21671875715255737,-0.08134096559852061,-1.2362574440750045,0.0,Astrocyte,Astrocyte,-0.3371837531186902
165F7_S342,Cortex,165,2C,AST3,2193,7.693481640835175,1.752417e+06,14.376507,62563.0,11.043945,3.5700977,54614.0,10.908064,3.1164956,7402.0,8.90964,0.42238805,False,False,2,2.386216045077381,-0.07642766488856406,-0.24904199742307567,-1.488369152545929,-0.07047243177890777,-0.06178804118223865,-0.7660812235357773,0.0,Astrocyte,Astrocyte,-0.6354794571913145
165F8_S350,Cortex,165,2C,AST3,2684,7.895436006942965,1.782664e+06,14.3936205,40308.0,10.60433,2.2611103,46966.0,10.7572,2.6345963,7447.0,8.915701,0.4177456,False,False,1,3.265320109865054,-0.08867214103439945,-0.18259416776474077,1.2462286108732223,-0.14252106010913848,-0.21258054959653605,-1.183231370532932,0.0,Astrocyte,Astrocyte,0.050864883675201145
165G10_S367,Cortex,165,2C,Microglial,2318,7.7488913372555315,1.574503e+06,14.269451,28405.0,10.254355,1.8040614,49698.0,10.81374,3.1564248,13589.0,9.51709,0.863066,False,False,9,1.4394331642838774,-0.30643270363160713,-0.41578459258031364,-1.081701476573944,8.938922984600067,0.8876012190423831,-1.0183703360246055,0.0,Microglia/macrophage,Microglial,4.702163695443254
165G1_S295,Cortex,165,2C,AST2,2091,7.645875825184813,1.858248e+06,14.435145,84875.0,11.348947,4.5674744,58808.0,10.98205,3.1647015,4257.0,8.356555,0.22908676,False,False,1,2.527935689915725,-0.0730316968419444,2.837529359441815,-1.1759486174583436,-0.1837647294998169,-0.020603715771376485,-0.5809578823683849,0.0,Astrocyte,Astrocyte,0.1115689859764405
165G3_S311,Cortex,165,2C,AST2,2064,7.632885505395133,1.638021e+06,14.309,54042.0,10.897535,3.299225,65927.0,11.096318,4.024796,5394.0,8.593228,0.3292998,False,False,1,3.776066415296877,1.5082622661662461,-0.17436856904415168,2.1862422329187394,-0.1111137479543686,-0.1704784986948726,0.5875669253531413,-0.0904177474975586,Astrocyte,Astrocyte,-0.23855635180497214
165G5_S327,Cortex,165,2C,AST2,2027,7.614805364711073,1.516491e+06,14.231911,41385.0,10.630698,2.7289975,61435.0,11.025751,4.0511284,8020.0,8.989819,0.52885246,False,False,1,1.9996757793947646,-0.037585562497527154,-0.21436292866263726,-1.2228430622816087,-0.10615790188312531,-0.07462999194559425,1.0721740012791887,0.0,Astrocyte,Astrocyte,-0.21593185607499388
165G6_S335,Cortex,165,2C,AST3,2959,7.992944547318106,1.889176e+06,14.451652,36502.0,10.50515,1.9321653,42277.0,10.652022,2.237854,8164.0,9.007612,0.43214607,False,False,1,3.021233621190806,-0.2603605386599823,-0.30862685646673643,-1.5506439578533173,-0.31778342366218565,-0.09461844328678015,-1.333141438326045,0.0,Astrocyte,Astrocyte,0.01950041764417354
165G7_S343,Cortex,165,2C,AST2,2182,7.688455356549944,1.883194e+06,14.448481,23852.0,10.079665,1.2665716,57947.0,10.967301,3.0770595,8194.0,9.011279,0.43511185,False,False,1,4.017761858108917,-0.15008010426957405,-0.2642016248269515,-1.6205395811796188,-0.265321581363678,-0.27050075145682906,-0.8263420645316043,0.0,Astrocyte,Astrocyte,0.4686175317617012
165G8_S351,Cortex,165,2C,AST2,1459,7.286191714702382,1.229945e+06,14.022481,34307.0,10.443134,2.7893116,81960.0,11.313999,6.663713,3294.0,8.100162,0.26781684,False,False,1,4.640578360831151,-0.14256635742570886,-0.1476341603380261,-1.061044784784317,-0.21462912023067474,-0.21708958076708246,-0.510388719676128,0.0,Astrocyte,Astrocyte,-0.0751599698811023
165G9_S359,Cortex,165,2C,AST3,2561,7.848543482456679,2.116805e+06,14.565419,72022.0,11.184741,3.402392,58899.0,10.983597,2.782448,7623.0,8.939056,0.3601182,False,False,2,3.214278452383364,-0.03969644122387297,1.410964259595582,-1.000314680337906,-0.05106057047843933,-0.1516957331185389,0.5858103096784659,0.0,Astrocyte,Astrocyte,-0.8334306568056594
165H4_S320,Cortex,165,2C,Mural,1672,7.422373700986824,1.376643e+06,14.1351595,25067.0,10.129348,1.8208787,67109.0,11.114088,4.87483,5812.0,8.667852,0.42218646,False,False,0,-1.9147040326087201,-0.1133211294011255,-0.24674232680388172,-1.099711045026779,-0.15385168552398681,-0.1180792697752365,6.2824504477294845,0.0,Mural,Mural,0.26796884160607004
165H5_S328,Cortex,165,2C,AST3,2972,7.997326822998097,1.863468e+06,14.43795,48351.0,10.7862625,2.5946784,46443.0,10.746002,2.4922886,7141.0,8.873748,0.38321024,False,False,3,2.8928718397526136,-0.2205799578422278,-0.4533084522594105,-1.7112445616722107,-0.18420766353607176,-0.17675254080030653,-0.9725368927471602,-0.01178504467010498,Astrocyte,Astrocyte,-0.8541142253923496
165H7_S344,Cortex,165,2C,AST3,2081,7.641084249174914,1.503347e+06,14.223206,55119.0,10.917268,3.6664193,49367.0,10.807057,3.283806,4005.0,8.295548,0.26640558,False,False,1,3.7293462421073285,-0.12853256601784097,-0.18869489280864446,1.8400966393947602,-0.23541502952575682,-0.12938077401633213,-0.6753614892312629,-0.013895553350448609,Astrocyte,Astrocyte,-0.49309161020589
165H8_S352,Cortex,165,2C,AST3,2086,7.643482907077201,1.669468e+06,14.328016,74736.0,11.22173,4.4766355,37284.0,10.526346,2.2332861,6288.0,8.746557,0.37664694,False,False,3,2.35046152664664,-0.025918185411386154,-0.22372240369970148,-1.4811904287338258,-0.15334396839141845,0.0,-0.9134832776371559,-0.10738564491271972,Astrocyte,Astrocyte,-0.277046445564356
165H9_S360,Cortex,165,2C,AST2,1550,7.346655163176539,1.002631e+06,13.818139,43871.0,10.689032,4.375588,55834.0,10.930156,5.5687485,3092.0,8.036897,0.30838862,False,False,1,3.40563494651044,-0.0353881102710513,-0.20261854475194757,2.126181169748306,-0.1419000482559204,-0.055411845746666494,-0.47188827679983936,-0.018646042346954345,Astrocyte,Astrocyte,-0.5138891101480525
168A10_S73,Hippocampus,168,2H,AST1,2258,7.7226775164680035,1.881601e+06,14.447634,110354.0,11.611458,5.864899,88658.0,11.392553,4.7118382,7113.0,8.86982,0.37802914,False,False,2,2.6335067227889937,-0.20351851855091113,-0.20945426340054984,-0.7728271037340164,-0.1733391261100769,-0.21578332811895043,0.6011784822497535,-0.06654282093048096,Astrocyte,Astrocyte,-0.2971923581646361
168A12_S89,Hippocampus,168,2H,AST1,3080,8.033009498596668,1.725965e+06,14.361298,65111.0,11.083864,3.7724402,62063.0,11.035921,3.5958436,9823.0,9.192584,0.5691309,False,False,2,2.518546991660947,-0.11473583276547379,-0.3671855517108031,1.7513158845901489,-0.3629941213130951,-0.17738748078394417,0.34104695272206054,0.0,Astrocyte,Astrocyte,-0.6336637605012757
168A2_S9,Hippocampus,168,2H,AST1,2925,7.98139158158007,1.030793e+06,13.8458395,33840.0,10.429428,3.2829094,23885.0,10.081048,2.317148,5066.0,8.530504,0.49146628,False,False,3,3.0716961133675493,-0.058288359462316315,-0.21644076704978943,-1.723339432477951,-0.13002024710178375,-0.17021236214974914,-1.381402801329167,-0.03352804183959961,Astrocyte,Astrocyte,-0.22762541022643024
168A5_S33,Hippocampus,168,2H,AST4,2201,7.697121317282625,929881.0,13.742813,37543.0,10.533269,4.0373983,39690.0,10.58888,4.268288,10081.0,9.218507,1.0841172,False,False,6,1.5716764314578526,-0.2424868483040201,-0.3927759612449492,-1.1890387320518494,-0.17113295078277588,-0.2526879346731937,-0.8319603444343835,-0.10478516578674317,Astrocyte,Astrocyte,1.365922990695065
168A7_S49,Hippocampus,168,2H,AST1,1947,7.5745584842024805,928409.0,13.741229,51401.0,10.847432,5.536461,78462.0,11.270383,8.451232,4274.0,8.360539,0.46035746,False,False,3,2.8199115470458906,-0.09123015044322565,-0.3234092921319634,0.8203358995914459,-0.2704121923446655,-0.2625265988436612,-0.6016238103410108,0.0,Astrocyte,Astrocyte,-0.49993808895896785
168A8_S57,Hippocampus,168,2H,AST3,1402,7.246368080102461,738670.0,13.512608,29427.0,10.289701,3.9837816,43319.0,10.67637,5.864459,1053.0,6.9603477,0.14255351,False,False,3,4.464261518801496,-0.052899623036983624,1.7264909491394504,-0.9756040501594544,-0.16338493824005126,-0.06907919922260324,-0.6364132429487143,-0.09326087951660156,Astrocyte,Astrocyte,-0.4640712232541958
168B10_S74,Hippocampus,168,2H,AST3,2279,7.731930721948486,1.645499e+06,14.313555,58587.0,10.978285,3.5604398,65143.0,11.084355,3.95886,5705.0,8.649274,0.34670335,False,False,3,4.313923528937043,-0.006667683471986397,-0.3824242130674497,-1.245654695034027,-0.2258148193359375,-0.10434123361953582,-1.0155326035154524,-0.013078504800796508,Astrocyte,Astrocyte,1.1265750374638777
168B1_S2,Hippocampus,168,2H,AST1,2499,7.824046010856292,1.186345e+06,13.986388,56793.0,10.9471855,4.787225,27346.0,10.216362,2.305063,3066.0,8.028455,0.25844085,False,False,3,3.1831865571235696,-0.06017068642467709,-0.2069981646056127,1.5615724432468414,-0.2144222915172577,-0.2004416590989238,0.5380388168833363,0.0,Astrocyte,Astrocyte,-0.42128866537783505
168B2_S10,Hippocampus,168,2H,AST1,2482,7.817222785508166,1.015562e+06,13.830954,38728.0,10.564344,3.8134549,30900.0,10.338544,3.0426502,4208.0,8.34498,0.41435185,False,False,2,3.3518145566429602,-0.07598775954701793,-0.3227532343430953,-1.7027191305160523,-0.2749693250656128,-0.1041074569779213,0.5624011329670048,-0.06531201362609863,Astrocyte,Astrocyte,0.1145201703294092
168B4_S26,Hippocampus,168,2H,AST1,2004,7.60339933974067,851155.0,13.65435,40363.0,10.605694,4.7421446,42402.0,10.654974,4.9817014,3241.0,8.083945,0.3807767,False,False,2,2.8199400634713516,-0.02062613520789985,-0.3359853005168414,-0.9123605346679687,-0.07361797094345093,-0.20427641964922047,-0.9016110357926719,-0.1334074020385742,Astrocyte,Astrocyte,-0.6664062015998343
168B5_S34,Hippocampus,168,2H,AST3,2585,7.857867559331803,1.131184e+06,13.938776,49188.0,10.803426,4.348364,32992.0,10.404051,2.9165902,3676.0,8.209852,0.32496923,False,False,4,3.433772981492549,-0.14107480480443294,-0.17797223486081518,2.1483561217784883,-0.18247257709503173,-0.017076492309570312,-1.1189591537168877,-0.11899459838867188,Astrocyte,Astrocyte,0.42610846701169847
168B6_S42,Hippocampus,168,2H,Endothelial,1915,7.557994958530806,821575.0,13.618979,20219.0,9.914428,2.4610047,90360.0,11.411568,10.998387,8179.0,9.009447,0.9955269,False,False,5,-1.9366367690550172,-0.2459763462220005,-0.4190559339041662,-1.3257791924476623,-0.25664692878723144,8.577812112943091,1.4968906467284389,-0.0815209674835205,Endothelial,Endothelial,2.158880689755107
168B7_S50,Hippocampus,168,2H,AST3,2810,7.941295570906532,1.732346e+06,14.364987,50931.0,10.838246,2.9400015,52409.0,10.866853,3.0253193,6616.0,8.797398,0.38190985,False,False,4,3.112855324979688,-0.16850015446169292,-0.4288576507207119,1.681790652871132,-0.3481747579574585,-0.2733591644450872,0.33722745383804176,0.0,Astrocyte,Astrocyte,2.155769910458133
168B8_S58,Hippocampus,168,2H,AST1,1560,7.353081920515432,869788.0,13.676006,61621.0,11.028774,7.0846,66613.0,11.10667,7.658533,3083.0,8.033983,0.3544542,False,False,3,2.996345394296073,-0.0802235094147112,-0.2815958159138458,-1.0355643022060395,0.0,-0.16767944832040807,-0.5348459745771322,0.0,Astrocyte,Astrocyte,-0.529723954121139
168B9_S66,Hippocampus,168,2H,AST1,3043,8.020927718981577,1.97088e+06,14.493991,70932.0,11.169491,3.5990014,42442.0,10.655917,2.1534543,9750.0,9.185125,0.49470285,False,False,2,3.0850052416650326,-0.12332172010412168,-0.2515432389095576,-1.809164525270462,-0.20819757938385008,-0.17759456176950475,0.8120434421989786,0.0,Astrocyte,Astrocyte,-0.570876209211469
168C10_S75,Hippocampus,168,2H,AST3,2174,7.684783943522785,1.665376e+06,14.3255625,58864.0,10.983002,3.5345771,94730.0,11.4587965,5.688205,4423.0,8.394799,0.2655857,False,False,3,3.437966779281532,-0.14554947165388557,-0.3088134972736089,2.353151218891144,-0.11074714183807373,-0.34303418915681166,-1.0255752831847225,0.0,Astrocyte,Astrocyte,-0.5776379275600579
168C11_S83,Hippocampus,168,2H,AST1,1973,7.587817219993427,1.736821e+06,14.367568,95840.0,11.470446,5.5181274,77930.0,11.263579,4.486933,8781.0,9.08046,0.5055789,False,False,3,3.697696011574542,-0.02812348897732682,-0.15828742884626293,-1.0429679560661316,0.0,-0.14565871701096045,0.9071906463584708,0.0,Astrocyte,Astrocyte,-0.14245168245296447
168C12_S91,Hippocampus,168,2H,AST3,1658,7.413970290190444,1.430849e+06,14.1737795,72449.0,11.190652,5.0633574,122630.0,11.716935,8.5704365,3545.0,8.173575,0.24775499,False,False,3,3.1073799406895874,-0.12870598857726284,-0.21903822458151614,1.9249731695652008,-0.05339373111724854,-0.12032621557062323,1.3569765603122999,0.0,Astrocyte,Astrocyte,0.18802643135712427
168C1_S3,Hippocampus,168,2H,AST1,1760,7.473637108496206,893711.0,13.703139,40463.0,10.608168,4.5275264,68850.0,11.1397,7.7038326,2860.0,7.9589267,0.32001397,False,False,1,2.438855572476413,-0.133752703666687,-0.14789247633230806,2.5076156282424926,-0.13630780935287476,-0.13663821027736472,-0.9627239224898755,0.0,Astrocyte,Astrocyte,-0.6621507615199272
168C5_S35,Hippocampus,168,2H,AST1,2307,7.744136627627991,836865.0,13.63742,46226.0,10.74132,5.5237107,23509.0,10.065181,2.8091748,2823.0,7.9459095,0.3373304,False,False,3,3.7287496725718174,-0.1183296160482282,-0.23493241541313403,1.947716040611267,-0.19740382671356202,0.0,-1.0216349177624113,0.0,Astrocyte,Astrocyte,-0.7486336302876672
168C7_S51,Hippocampus,168,2H,AST1,2881,7.966239776559467,1.672885e+06,14.330061,59213.0,10.988914,3.5395737,36696.0,10.51045,2.1935756,6237.0,8.738415,0.372829,False,False,2,2.9499255464376644,-0.102691481460878,-0.3061121900876363,1.600062507390976,-0.2307559770345688,-0.11068701924699725,-0.9926383132910609,0.0,Astrocyte,Astrocyte,-0.8241416761194525
168C8_S59,Hippocampus,168,2H,AST1,2521,7.8328075165248645,1.387502e+06,14.143016,47929.0,10.777497,3.4543374,41886.0,10.642731,3.0188065,5724.0,8.652597,0.41253996,False,False,3,2.824637241050845,0.08124237616158012,-0.3026239480635132,1.7122007459402084,-0.21629321575164795,-0.18074727178824068,-0.21668254700138334,-0.014683653116226197,Astrocyte,Astrocyte,-0.34512829561663394
168C9_S67,Hippocampus,168,2H,AST3,2436,7.798523053625206,1.401493e+06,14.153049,68753.0,11.13829,4.905697,66607.0,11.10658,4.7525744,6146.0,8.72372,0.43853232,False,False,3,2.765293794902947,-0.05712638308654478,-0.3416311208045844,2.152140365242958,-0.27579369008541105,-0.16712558751154427,0.1681004397234125,0.0,Astrocyte,Astrocyte,-0.5052973041948373
168D10_S76,Hippocampus,168,2H,AST3,1945,7.57353126274595,1.922654e+06,14.469217,81386.0,11.306971,4.233003,89494.0,11.401938,4.6547117,5424.0,8.598773,0.28211004,False,False,3,3.946458153385934,-0.10308471337035673,0.09011941726761635,-1.4995204854011535,-0.10220282316207886,-0.037247064137699626,-0.9239522368464638,0.0,Astrocyte,Astrocyte,0.19361569303304005
168D11_S84,Hippocampus,168,2H,Oligodendrocytic,3011,8.010359588919783,2.304862e+06,14.650532,88379.0,11.389401,3.8344595,38678.0,10.563052,1.6781049,18922.0,9.848133,0.8209602,False,False,8,-2.127301466432426,1.2311841312365317,9.152320476794484,2.236702766418457,-0.18506563276052476,-0.2900652719868554,-1.1191744063068274,-0.08020317077636718,Oligodendrocyte,Oligodendrocytic,-0.3844288155461393
168D2_S12,Hippocampus,168,2H,AST1,2044,7.623153068476902,850962.0,13.654124,19388.0,9.872461,2.2783625,49154.0,10.802734,5.776286,2681.0,7.894318,0.3150552,False,False,2,4.205554622118591,-0.07073787229144993,-0.23480646176771683,-1.164279248714447,0.0,0.05293523422395341,-1.0890640649364223,0.0,Astrocyte,Astrocyte,-0.17996022164921133
168D3_S20,Hippocampus,168,2H,AST3,1822,7.508238774678663,1.098899e+06,13.909821,47473.0,10.767938,4.320051,42422.0,10.655446,3.8604095,4434.0,8.397283,0.40349478,False,False,3,3.584479718911843,-0.09081512120500881,-0.16715016629960802,2.372259185314179,-0.2023233652114868,-0.2330449048918907,-0.571855186817035,0.0,Astrocyte,Astrocyte,-0.699381853582863
168D4_S28,Hippocampus,168,2H,AST2,1821,7.507690077819904,1.002046e+06,13.817555,59047.0,10.986106,5.892644,51395.0,10.847316,5.129006,3115.0,8.044306,0.31086397,False,False,1,4.046821340185697,-0.06170610626738275,-0.19978844698029335,2.2202267444133756,-0.1724628335237503,-0.06932528633059877,-0.6338657152712645,0.0,Astrocyte,Astrocyte,-0.5070405004418553
168D5_S36,Hippocampus,168,2H,AST3,2479,7.8160138391590275,1.478645e+06,14.206637,66273.0,11.101553,4.482009,40501.0,10.609107,2.7390618,5737.0,8.654866,0.38799036,False,False,3,3.4419171269474127,-0.11613060421680087,-0.13565721264993302,-0.14745654106140127,-0.051505517959594724,-0.2809979090786944,-1.0281166065877407,0.0,Astrocyte,Astrocyte,-0.5914707824164918
168D7_S52,Hippocampus,168,2H,AST3,1906,7.553286605600419,1.392901e+06,14.1469,23062.0,10.045985,1.6556813,117739.0,11.676234,8.45279,3051.0,8.023552,0.21903925,False,False,1,3.960241495911541,-0.10513226620515986,-0.15020133991434118,3.137546689510345,-0.19461787939071656,-0.15325409776032572,-0.6286684759897203,0.0,Astrocyte,Astrocyte,0.6647370973095074
168D8_S60,Hippocampus,168,2H,AST4,2411,7.788211557847076,1.307116e+06,14.083335,74796.0,11.222533,5.7222157,50327.0,10.826317,3.8502321,10827.0,9.28989,0.82831204,False,False,6,1.4962203632938404,-0.1088358589153194,-0.3157934100940974,-1.2121385824680329,-0.22042929172515868,-0.25768362632905595,-0.8758772917129286,0.0,Astrocyte,Astrocyte,-0.33791280235591437
168D9_S68,Hippocampus,168,2H,AST1,2004,7.60339933974067,1.796328e+06,14.401256,54080.0,10.898238,3.010586,81866.0,11.312851,4.5574083,5032.0,8.523771,0.28012702,False,False,2,3.516921740086352,-0.11333153175948253,-0.300478245874848,-1.0800186049938203,-0.08772359609603882,-0.0948970119158427,-0.5185149177234976,0.0,Astrocyte,Astrocyte,-0.5275216587198795
168E10_S77,Hippocampus,168,2H,AST1,3077,8.032035314398824,2.134284e+06,14.573643,64800.0,11.079077,3.0361469,49051.0,10.800636,2.2982414,11526.0,9.3524475,0.54004055,False,False,2,2.732978023466517,-0.14724883002851477,1.0337553915351327,-1.9929999476671219,-0.3449925738573074,-0.21524756364148073,-1.306426456825218,0.0,Astrocyte,Astrocyte,-1.0188162861164902
168E11_S85,Hippocampus,168,2H,AST3,2401,7.784057002639929,1.879099e+06,14.446303,61963.0,11.034308,3.2974846,95674.0,11.468713,5.0914826,9704.0,9.180396,0.51641774,False,False,3,1.1615208462287825,-0.09823475141621116,1.0529169822582092,-1.4029060506820679,-0.11794850468635559,-0.0764631683176214,-0.9166193310938888,-0.12101028442382812,Astrocyte,Astrocyte,-0.8343119443159469
168E1_S5,Hippocampus,168,2H,AST4,3008,8.009363076630045,1.190887e+06,13.99021,65562.0,11.090767,5.505308,37416.0,10.529881,3.14186,24547.0,10.108386,2.0612366,False,False,6,0.6153559020308199,-0.18407431080113704,-0.5824550823731856,-1.3493855804204942,-0.26886691331863405,-0.544514243048851,-1.2088803232614718,-0.2595109128952026,Astrocyte,Astrocyte,1.7015200008285265
168E5_S37,Hippocampus,168,2H,Endothelial,2403,7.784889295655098,1.310576e+06,14.0859785,39248.0,10.577682,2.9947138,62075.0,11.036115,4.736467,21209.0,9.962228,1.6182961,False,False,5,-3.090932685820783,-0.24747330279805552,-0.6844319430264559,-1.1645415949821472,-0.2999519836902618,7.485555976328224,1.0083974354231178,0.0,Endothelial,Endothelial,4.663321496399496
168E6_S45,Hippocampus,168,2H,AST1,2472,7.813187267521416,1.127694e+06,13.935686,46305.0,10.743027,4.106167,44497.0,10.703199,3.94584,4911.0,8.499436,0.4354905,False,False,2,2.5446239390659846,-0.30782235687102505,-0.3699723355697863,-1.5319396424293519,-0.22164209842681884,-0.2396611902448866,0.2630537754327209,-0.1252301788330078,Astrocyte,Astrocyte,-0.5488918346286019
168E7_S53,Hippocampus,168,2H,AST1,1782,7.48605261786314,1.220294e+06,14.014604,46186.0,10.740454,3.7848256,49044.0,10.800493,4.0190315,5995.0,8.698848,0.49127504,False,False,2,4.352012556433027,-0.06060375670092789,-0.18121274222027173,-0.8767275458574295,1.7358456683158874,-0.186949691387138,-0.7672376581771889,0.0,Astrocyte,Astrocyte,-0.174358637832441
168E8_S61,Hippocampus,168,2H,AST4,2997,8.005700678662542,1.300397e+06,14.078181,49898.0,10.817757,3.8371358,38114.0,10.548363,2.930951,7642.0,8.9415455,0.5876667,False,False,6,1.5708913946412304,-0.10310113759496105,0.813090630854019,-2.1366887563467025,-0.3687446969747543,-0.3742263299046141,-1.01558522752781,0.0,Astrocyte,Astrocyte,-0.4615900617509533
168F11_S86,Hippocampus,168,2H,AST3,2605,7.8655717576847906,2.160521e+06,14.58586,96372.0,11.475982,4.460591,143108.0,11.871362,6.6237726,9154.0,9.122055,0.42369413,False,False,3,3.5923555848377005,-0.11235059805251846,-0.26245658867286914,-2.167512423992157,-0.02587172269821167,-0.21257234342170483,-1.178960913988813,0.0,Astrocyte,Astrocyte,-0.2955160295475704
168F3_S22,Hippocampus,168,2H,AST1,2430,7.796057974316123,1.140314e+06,13.9468155,49373.0,10.807179,4.3297725,34166.0,10.439015,2.9961922,4684.0,8.452121,0.41076407,False,False,2,3.03015314555559,-0.13233041523689001,-0.2508444400748821,-1.2719034147262573,-0.12362096309661866,-0.14766317545765578,0.858948356542156,-0.03363638877868652,Astrocyte,Astrocyte,-0.8735658507265511
168F5_S38,Hippocampus,168,2H,AST1,2723,7.909856667269403,1.485636e+06,14.211354,63025.0,11.051303,4.242291,36694.0,10.510396,2.4699187,7760.0,8.956866,0.5223352,False,False,2,3.3015267432061703,-0.0841507120947143,-0.17809139989843273,-1.8354626649618149,-0.06373077392578125,-0.17646638552347818,0.061399248377162596,0.0,Astrocyte,Astrocyte,-0.8376260169459901
168F6_S46,Hippocampus,168,2H,AST3,3029,8.016317898503415,1.677755e+06,14.332968,65633.0,11.091849,3.9119537,72567.0,11.19228,4.3252444,7941.0,8.97992,0.47331107,False,False,3,2.9827571384242324,-0.09970244930018132,-0.23259772074342977,2.322232633829117,-0.18750594139099122,-0.1161166200734148,-1.3306622265571326,-0.09712530136108398,Astrocyte,Astrocyte,-0.5201795213608591
168G10_S79,Hippocampus,168,2H,AST1,1931,7.566311014772463,1.717859e+06,14.35659,73242.0,11.201538,4.263563,110379.0,11.611684,6.425382,5929.0,8.687779,0.34513894,False,False,1,4.077794465536628,-0.08842932848475087,-0.07374447042291815,1.6123822385072708,1.6022218942642212,-0.10592340881174261,-0.9256220756463669,0.0,Astrocyte,Astrocyte,-0.6293933025385581
168G11_S87,Hippocampus,168,2H,AST3,2191,7.692569648067906,1.750204e+06,14.375243,98757.0,11.500427,5.642599,79418.0,11.282493,4.5376425,8998.0,9.104869,0.51411146,False,False,3,2.556734036878159,-0.1231481070494532,-0.15321043886319555,2.2331766712665555,-0.13058738231658937,-0.1357946347708654,-0.9417264773018995,0.0,Astrocyte,Astrocyte,-0.6748389280300109
168G2_S15,Hippocampus,168,2H,AST2,1927,7.564238475170491,804347.0,13.597787,33607.0,10.42252,4.178172,41837.0,10.641561,5.201362,2244.0,7.7164607,0.27898407,False,False,1,3.6938259888216454,-0.09928841387207185,-0.12152359341130112,-0.9185997486114502,-0.3118922472000122,-0.10296386420124709,-0.6846134027644019,0.0,Astrocyte,Astrocyte,-0.3836683113009782
168G3_S23,Hippocampus,168,2H,Mural,1649,7.408530566894626,811676.0,13.606858,15954.0,9.677527,1.9655626,59618.0,10.995729,7.345049,4511.0,8.414495,0.5557636,False,False,0,-2.821962637979476,-0.0997020994598542,-0.2661530032302394,3.2469348883628846,-0.4678525972366333,1.7458663709235915,6.456313426770158,0.0,Mural,Mural,5.309440209964082
168G4_S31,Hippocampus,168,2H,AST3,1915,7.557994958530806,842321.0,13.643918,64771.0,11.078629,7.689586,38591.0,10.560801,4.5815077,2981.0,8.000349,0.35390308,False,False,3,2.041468199484987,-0.2004010042353491,-0.26851139405761104,2.555045603513718,-0.24185569524765016,-0.12906578092864066,-0.7071878179233877,-0.12905773162841797,Astrocyte,Astrocyte,-0.49394449407548857
168G5_S39,Hippocampus,168,2H,AST1,2697,7.900266036767701,1.276174e+06,14.059378,48341.0,10.7860565,3.7879632,47414.0,10.766694,3.715324,4974.0,8.51218,0.38975877,False,False,3,3.1583842338760038,-0.1955016114603934,-0.3696647274373758,-0.9830221509933472,-0.28570345401763914,-0.24109723110391637,0.21006842294530048,-0.13169779777526855,Astrocyte,Astrocyte,0.10811683251981141
168G6_S47,Hippocampus,168,2H,AST1,2582,7.8567067930958405,1.569971e+06,14.266568,57279.0,10.955707,3.6484115,40594.0,10.611401,2.5856528,6643.0,8.80147,0.42312884,False,False,3,3.2766647299782177,-0.047993336490650275,-0.2787372993700432,1.9735479032993317,-0.11113702893257141,-0.40821930736002293,-0.834862218130773,-0.013398910760879517,Astrocyte,Astrocyte,-0.7336162976510139
168G7_S55,Hippocampus,168,2H,Mural,1684,7.429520842786462,1.198993e+06,13.996993,30394.0,10.322034,2.5349605,97019.0,11.482673,8.091707,10904.0,9.296977,0.9094298,False,False,0,-2.8562948547425817,-0.1806127390070776,-0.2908580026241264,2.5004957866668702,-0.4283285427093506,1.9445458337514085,6.165836794292508,0.0,Mural,Mural,6.189156528394389
168G8_S63,Hippocampus,168,2H,AST1,1730,7.456454555176209,862750.0,13.667881,57143.0,10.95333,6.6233554,106337.0,11.574378,12.325355,3868.0,8.260752,0.4483338,False,False,3,2.380037754611239,-0.11032930450822839,-0.1281865317412097,-0.7630080878734589,-0.2980748736858368,-0.0745191489807283,-0.9361371808315642,0.0,Astrocyte,Astrocyte,-0.5256653142492839
168H10_S80,Hippocampus,168,2H,AST3,2105,7.652545692693921,1.564409e+06,14.26302,43885.0,10.689351,2.8052127,75673.0,11.23419,4.837162,8553.0,9.054154,0.546724,False,False,1,2.5162421552861325,-0.08967637386753331,-0.13804171091378337,-0.832457753419876,-0.09557126998901368,-0.1412224444476041,-0.7866611468732058,0.0,Astrocyte,Astrocyte,-0.6866410599527056
168H11_S88,Hippocampus,168,2H,AST4,3069,8.029432840581244,1.839128e+06,14.424803,78710.0,11.273539,4.2797456,76050.0,11.23916,4.135112,26012.0,10.166351,1.414366,False,False,6,1.2306275686931096,-0.21921042102066116,-0.22987310001344397,-1.444913660287857,-0.3166235017776489,-0.3437577835237137,0.3763010364081991,0.0,Astrocyte,Astrocyte,3.770461499815393
168H3_S24,Hippocampus,168,2H,AST1,1790,7.490529402060711,910784.0,13.722062,45534.0,10.726236,4.9994287,41173.0,10.625563,4.520611,2533.0,7.8375545,0.27811202,False,False,2,3.9214155895462444,-0.05726012692379592,-0.22392358924403336,-1.423837423324585,-0.14964810729026795,-0.13196239447352862,-0.46130813830461936,-0.019694058895111083,Astrocyte,Astrocyte,-0.08644292613052962
168H5_S40,Hippocampus,168,2H,AST1,2771,7.927324360309794,1.333889e+06,14.10361,62871.0,11.048856,4.713361,32962.0,10.403141,2.47112,5826.0,8.670258,0.436768,False,False,2,3.5273909985693424,-0.1576115995196242,0.8503579774288216,1.7513414204120636,-0.3708055794239044,-0.09300966696305708,0.12537333833512354,0.0,Astrocyte,Astrocyte,-0.5884913699654785
168H6_S48,Hippocampus,168,2H,Mural,1682,7.428333194190806,1.09622e+06,13.907379,23799.0,10.077441,2.171006,81639.0,11.310075,7.4473186,7653.0,8.942984,0.6981263,False,False,0,-1.5063844925718881,-0.2871083284742269,-0.2113785936374857,-1.062585139274597,-0.24864656925201417,0.06662910273580841,6.059179630710851,4.38346529006958,Mural,Mural,7.3173805813309745
168H7_S56,Hippocampus,168,2H,AST1,2543,7.841492924460013,1.460779e+06,14.194481,47358.0,10.765512,3.2419689,41583.0,10.63547,2.8466318,7315.0,8.897819,0.5007602,False,False,2,3.004961983102267,-0.03295276422596457,-0.19334279256637651,-1.5454980427026748,-0.20074419021606446,-0.11169826382338399,-0.9174880651972401,-0.01415737509727478,Astrocyte,Astrocyte,-0.38580290891093283
168H8_S64,Hippocampus,168,2H,Mural,1789,7.489970898834801,990371.0,13.805836,20827.0,9.944054,2.1029494,76765.0,11.248517,7.7511353,8210.0,9.01323,0.82898223,False,False,0,-2.9317105324541934,-0.17167613075007146,-0.2674967580371433,3.0409880304336547,-0.24280434131622314,-0.3328837493453363,5.657277888988131,0.0,Mural,Mural,6.010187491326778
168H9_S72,Hippocampus,168,2H,AST1,2191,7.692569648067906,1.503148e+06,14.223073,39859.0,10.593128,2.6517017,61005.0,11.018727,4.0584826,5793.0,8.664578,0.3853912,False,False,2,2.8839863592483956,-0.11309287865557263,-0.24096430220989265,-1.2172525465488433,-0.08153671979904174,-0.03043452838454584,-0.8300129561568025,-0.10560247421264649,Astrocyte,Astrocyte,-0.6838092175071347
175A10_S361,Cortex,175,2C,AST2,1876,7.537430036586509,1.31363e+06,14.088305,24062.0,10.08843,1.8317182,100719.0,11.5201,7.6672273,5676.0,8.644178,0.43208516,False,False,1,2.8100667560035415,-0.1148309551890771,-0.11291166267009696,1.7278658330440522,-0.13067367911338806,-0.08943519688615895,-0.6736274562289367,0.0,Astrocyte,Astrocyte,-0.5718217107011798
175A2_S297,Cortex,175,2C,Microglial,2137,7.6676260915849905,1.364464e+06,14.126273,41169.0,10.625465,3.0172286,124646.0,11.733241,9.135162,27668.0,10.228068,2.027756,False,False,9,3.1955014636607766,1.3762657720239917,1.3197974318807775,-0.8896573865413666,7.861665812730789,-0.15800790834908535,-0.956502073074705,0.0,Microglia/macrophage,Microglial,3.5011773930865653
175A3_S305,Cortex,175,2C,AST2,1911,7.555905093611346,1.396841e+06,14.149725,34691.0,10.454265,2.4835327,153309.0,11.940217,10.975408,4143.0,8.329417,0.29659784,False,False,3,2.8805025535854485,-0.04138735790348532,-0.2434991044227523,2.20889697432518,-0.10498594880104065,-0.133671168125037,0.8776883683611999,-0.015521492958068848,Astrocyte,Astrocyte,-0.5956618389820615
175A4_S313,Cortex,175,2C,AST1,1665,7.418180822726788,1.369136e+06,14.129691,50001.0,10.8198185,3.6520112,116754.0,11.667833,8.527568,4941.0,8.505526,0.36088452,False,False,3,4.907684418021655,-0.03837016659166346,-0.12316481392792981,2.824733099937439,-0.034785677194595334,-0.0806688130503953,-0.06115127927693892,0.0,Astrocyte,Astrocyte,-0.3832783476637679
175A5_S321,Cortex,175,2C,AST2,1882,7.5406215286571525,1.066486e+06,13.879881,37251.0,10.525461,3.4928727,77480.0,11.257788,7.264981,2485.0,7.8184304,0.23300822,False,False,1,3.9990969430553465,-0.10990761362727564,-0.19935540358225504,-1.284206657409668,-0.039226627349853514,-0.12835510812624537,0.08614037414291997,-0.01812125086784363,Astrocyte,Astrocyte,-0.41601343505171584
175A6_S329,Cortex,175,2C,AST3,2978,7.999342952713282,1.292895e+06,14.072395,35203.0,10.468915,2.7228043,49019.0,10.799984,3.7914138,7700.0,8.949105,0.5955627,False,False,1,3.361019438081751,-0.1160671405456773,-0.415553285618021,-1.2508626616001128,-0.12920576691627503,-0.2067014520818537,-1.4603596967668389,0.0,Astrocyte,Astrocyte,1.6182739685891268
175A9_S353,Cortex,175,2C,AST2,2189,7.691656822810547,1.563969e+06,14.262738,58034.0,10.9688015,3.7106876,83680.0,11.334767,5.3504896,7362.0,8.9042225,0.47072545,False,False,1,4.025866926693525,-0.08129820392359441,-0.23552093361363266,-0.7801205956935883,-0.25428017258644103,-0.15685833584178577,-0.9021976305611769,-0.09811185836791993,Astrocyte,Astrocyte,-0.6907961788479992
175B10_S362,Cortex,175,2C,AST2,2008,7.605392364814935,1.787079e+06,14.396093,70576.0,11.164459,3.949238,97882.0,11.4915285,5.477206,6054.0,8.70864,0.33876508,False,False,1,3.7807705252548383,1.3812402768350727,-0.33134958298519407,-1.3724348115921021,-0.05911696195602417,-0.2684222845116047,1.0902435797542782,0.0,Astrocyte,Astrocyte,-0.10019173397245712
175B11_S370,Cortex,175,2C,AST2,2869,7.962067308753666,1.692303e+06,14.341601,47346.0,10.765259,2.797726,84084.0,11.339583,4.9686136,10140.0,9.224342,0.59918344,False,False,1,3.5901526101951386,-0.11978106462775763,-0.3431924689899791,0.3297898364067078,-0.19057459712028504,-0.18985398610432944,-1.2529407320310122,0.0,Astrocyte,Astrocyte,-0.8563451538101858
175B2_S298,Cortex,175,2C,AST2,2269,7.727535110475448,1.466862e+06,14.198637,51659.0,10.852439,3.5217357,72424.0,11.190307,4.9373426,5590.0,8.628914,0.3810856,False,False,1,2.0670770947399033,-0.09522324950251747,-0.1550278856296732,2.1386406731605527,-0.06466785907745361,-0.14426257995644,1.1369004842623993,0.0,Astrocyte,Astrocyte,-0.8766397438781688
175B3_S306,Cortex,175,2C,Endothelial,2843,7.952966790923131,1.616078e+06,14.295513,43519.0,10.680976,2.6928775,64072.0,11.067779,3.96466,21661.0,9.9833145,1.3403437,False,False,5,-3.472973819638862,-0.409072962238561,-0.5224762011055994,2.1780057418346406,-0.326441490650177,7.6995451402182535,3.4705528299413135,-0.05120290160179138,Endothelial,Endothelial,5.559185817638701
175B4_S314,Cortex,175,2C,AST2,1732,7.457609289715606,1.286724e+06,14.067611,30857.0,10.337152,2.3981056,99680.0,11.50973,7.746805,6493.0,8.778634,0.50461483,False,False,1,3.4321478846294635,-0.13437199502734085,-0.318961913838531,-0.871475625038147,-0.107780442237854,-0.08496605085604118,-0.8179390607167728,-0.01602767586708069,Astrocyte,Astrocyte,-0.2792043141112702
175B6_S330,Cortex,175,2C,AST2,2177,7.686162303492906,1.457661e+06,14.192345,71921.0,11.183337,4.9340005,79036.0,11.277672,5.422111,4372.0,8.383204,0.29993254,False,False,1,3.95349210337863,-0.09429575929689647,-0.3298793916750436,2.764991552829742,-0.1666012477874756,-0.08382307881056661,-1.0012977997861316,0.0,Astrocyte,Astrocyte,-0.24827768020518437
175B7_S338,Cortex,175,2C,AST2,1629,7.396335293800808,1.344891e+06,14.111824,48103.0,10.78112,3.5767212,112721.0,11.63268,8.381423,6856.0,8.833025,0.5097811,False,False,1,2.130974543224918,-0.09354253240566157,-0.19192649559541183,3.0872076654434206,-0.15625104248523713,-0.12422068131090415,1.1887273917246104,0.0,Astrocyte,Astrocyte,-0.08769499847606343
175B8_S346,Cortex,175,2C,AST2,2814,7.942717540573791,1.407999e+06,14.1576805,50461.0,10.828976,3.5838804,67907.0,11.125909,4.8229437,5435.0,8.600799,0.3860088,False,False,1,2.920351671390846,1.5034250697897906,-0.2755568256281843,1.726298269033432,-0.3877097737789154,-0.13257392969998447,-1.1301892080798221,0.0,Astrocyte,Astrocyte,-0.8607689810913672
175B9_S354,Cortex,175,2C,AST3,2892,7.970049304976135,2.087871e+06,14.551656,72646.0,11.193367,3.4794297,65678.0,11.092535,3.1456926,8609.0,9.060679,0.4123339,False,False,4,2.778242730052094,-0.20619109347837056,0.4273668359024356,1.4230394279956817,-0.1544085705280304,-0.24670312019309612,-1.1160153869408458,0.0,Astrocyte,Astrocyte,0.20001626915247095
175C10_S363,Cortex,175,2C,AST1,1691,7.433666540166168,1.322878e+06,14.095321,54483.0,10.905663,4.1185203,87387.0,11.378114,6.605825,1987.0,7.5948844,0.15020283,False,False,1,3.483364647203456,-0.14853474602627395,-0.24742733107672799,2.556372423171997,-0.13254177331924438,-0.19584915854714133,-0.548609583821129,0.0,Astrocyte,Astrocyte,-0.5216386879425813
175C11_S371,Cortex,175,2C,AST2,1874,7.536363938404511,1.337487e+06,14.106304,84055.0,11.339238,6.284547,95301.0,11.464807,7.1253777,4661.0,8.4472,0.34848934,False,False,1,2.4190468358211827,-0.04482867729723753,-0.15693066336891867,-0.8198069262504578,-0.04659501075744629,-0.2814748744771938,-0.7266312076817805,0.0,Astrocyte,Astrocyte,-0.15081589443854782
175C12_S379,Cortex,175,2C,AST5,1741,7.462789157412448,963186.0,13.778003,63865.0,11.064543,6.6305985,97218.0,11.484721,10.093377,6230.0,8.737292,0.6468117,False,False,3,2.4585481927694524,-0.08145298071243057,0.770570366069524,-1.1940738320350648,-0.09887227892875672,-0.09384083386623499,-0.7359012005916193,0.0,Astrocyte,Astrocyte,-0.4922442360593003
175C2_S299,Cortex,175,2C,AST2,1860,7.528869256642251,1.197646e+06,13.99587,27576.0,10.224737,2.3025167,80466.0,11.295603,6.7186794,5954.0,8.691986,0.4971419,False,False,1,2.8698217927432452,-0.0853595284361336,-0.09493498188076598,3.047194238901138,0.0,-0.2802674011750655,-0.8177030847300237,0.0,Astrocyte,Astrocyte,-0.18840339939064887
175C4_S315,Cortex,175,2C,AST2,1921,7.561121589530238,1.046244e+06,13.860718,49669.0,10.813156,4.7473626,64916.0,11.080865,6.204671,6041.0,8.7064905,0.5773988,False,False,3,4.136420726776123,-0.14512850291764917,-0.18751216898060807,-0.6169802343845368,-0.15807908058166503,-0.054594198862711586,-0.7244313212495354,0.0,Astrocyte,Astrocyte,-0.27838032731229756
175C5_S323,Cortex,175,2C,AST2,2678,7.893198869544609,1.108413e+06,13.918441,28573.0,10.260253,2.5778298,42974.0,10.668374,3.8770747,4249.0,8.354674,0.38334087,False,False,1,3.206600455964198,-0.16184242736155063,-0.40563508747804045,-1.2524480545520782,1.2505689644813538,-0.283235626991349,-1.0737652137650917,-0.08558238983154297,Astrocyte,Astrocyte,-0.45915771978526365
175C6_S331,Cortex,175,2C,AST2,1638,7.40184157874383,1.091893e+06,13.903424,44071.0,10.69358,4.036201,86966.0,11.373284,7.9646997,3769.0,8.23483,0.34518033,False,False,1,2.59820403036524,-0.14360651778216338,-0.057331950375528046,-1.476251859664917,-0.21759065449237824,-0.18354374531543616,-0.5062332470812391,-0.136679003238678,Astrocyte,Astrocyte,-0.5310137508707572
175C8_S347,Cortex,175,2C,AST5,2001,7.601901959875166,1.39954e+06,14.151655,86538.0,11.36835,6.183317,77704.0,11.260674,5.55211,13150.0,9.484253,0.9395944,False,False,1,2.327548057492314,-0.01767699742437008,-0.2516849929034108,1.7947587621212007,-0.14198593497276307,-0.12680652346273866,-0.6042361603909402,0.0,Astrocyte,Astrocyte,-0.579156782471875
175C9_S355,Cortex,175,2C,AST2,2997,8.005700678662542,1.248984e+06,14.037842,39766.0,10.590793,3.1838677,62267.0,11.039203,4.985412,5075.0,8.532279,0.40633026,False,False,2,2.8531344340798643,-0.06094443498544357,-0.32507614174274485,-1.640083590745926,-0.3808919829130173,-0.09533679124080774,-1.2725278501534583,-0.10035491943359375,Astrocyte,Astrocyte,-0.7833343009046203
175D10_S364,Cortex,175,2C,AST3,2355,7.764720544771477,1.632405e+06,14.305566,50015.0,10.820098,3.0638843,83662.0,11.334552,5.1250763,4465.0,8.404248,0.2735228,False,False,4,2.0473666855546293,-0.016823693136473996,-0.15610821620382445,-0.049975442886352583,-0.2896977233886719,-0.17221976049018628,-0.6776862402058127,-0.05878649711608887,Astrocyte,Astrocyte,2.2462717491219157
175D1_S292,Cortex,175,2C,AST1,2141,7.669495251007694,1.185217e+06,13.985437,56813.0,10.947538,4.793468,80547.0,11.296609,6.7959704,8505.0,9.048527,0.7175901,False,False,2,3.975688160442915,-0.07058011886462494,-0.11506197789702753,-1.032912451028824,-0.030305296182632446,-0.13132867186960548,-0.738317798729518,0.0,Astrocyte,Astrocyte,-0.6678057333861847
175D2_S300,Cortex,175,2C,AST2,2682,7.894690850425624,1.400816e+06,14.152566,47869.0,10.776244,3.4172225,61122.0,11.020643,4.363314,9762.0,9.186355,0.6968795,False,False,1,2.6960195368104936,-0.04019734547964891,-0.24572275142477015,-1.026888951063156,-0.210161292552948,-0.2413435945607195,-1.06644738619052,-0.09437603950500488,Astrocyte,Astrocyte,-0.8690362565704498
175D3_S308,Cortex,175,2C,AST2,2243,7.716015266642587,1.214085e+06,14.009502,82957.0,11.32609,6.832882,70574.0,11.164432,5.8129373,5030.0,8.523375,0.41430378,False,False,1,3.200351418041792,-0.05288075681906849,-0.11097811267833517,-0.991355904340744,-0.10580647945404052,0.0,-0.6486469752824486,0.0,Astrocyte,Astrocyte,-0.49473489465219944
175D5_S324,Cortex,175,2C,Microglial,2155,7.6760099320288875,1.014213e+06,13.829624,11582.0,9.357294,1.1419692,56324.0,10.938894,5.5534687,16269.0,9.697078,1.6041008,False,False,9,-1.4116141548573646,1.0928074471914588,-0.3546302785175015,-1.1014513629674911,8.960924773812295,-0.18631073802408546,-0.8574380509218379,-0.06183456778526306,Microglia/macrophage,Microglial,5.581247832669638
175D6_S332,Cortex,175,2C,AST2,2135,7.666690200080086,1.126554e+06,13.934675,25966.0,10.164582,2.3049052,79424.0,11.282569,7.0501723,5092.0,8.535623,0.45199785,False,False,1,3.091811755967271,-0.06652717734102029,-0.10609936413138804,-1.5325900673866273,-0.20366427898406983,-0.17361988684143684,-1.065426742611219,0.0,Astrocyte,Astrocyte,-0.65793492220877
175D7_S340,Cortex,175,2C,AST1,2752,7.920446505142607,1.569026e+06,14.265966,47640.0,10.771449,3.0362785,69964.0,11.15575,4.459072,9509.0,9.160099,0.60604477,False,False,1,1.8925542896562586,-0.024874556004701547,-0.22949677675661415,-1.7570556533336639,-0.1980794322490692,-0.18508103821012709,0.6929325790860545,-0.10795289993286133,Astrocyte,Astrocyte,-0.5376616357164908
175D8_S348,Cortex,175,2C,AST2,2190,7.692113339595466,1.369639e+06,14.130058,44897.0,10.712149,3.278017,86801.0,11.371385,6.337509,4764.0,8.469053,0.3478289,False,False,1,2.413319536897003,-0.05770279714210549,0.06294080073183234,1.6031028336286546,-0.11975605309009552,-0.126560769899927,-0.9915200253227847,-0.04624884605407715,Astrocyte,Astrocyte,-0.34309644969755504
175E10_S365,Cortex,175,2C,AST1,1625,7.3938782901077555,1.282607e+06,14.064406,85370.0,11.354762,6.655975,142206.0,11.865039,11.087262,5820.0,8.669228,0.4537633,False,False,1,3.338256030949087,-0.13437933508475222,-0.3949367777265684,3.1311445289850237,-0.11690113067626953,-0.07626497083240086,-0.46381061819929575,0.0,Astrocyte,Astrocyte,-0.5012771238468724
175E12_S381,Cortex,175,2C,AST2,2864,7.9603236291488395,1.582897e+06,14.274768,39897.0,10.594082,2.5205052,73077.0,11.199283,4.6166615,6546.0,8.786762,0.41354555,False,False,1,3.3418897549962745,-0.2075088437478147,-0.4426933433672394,1.9876222723722459,-0.15355986773967742,-0.2270356621405091,-0.32503225575739414,0.0,Astrocyte,Astrocyte,-0.7776223087251086
175E1_S293,Cortex,175,2C,AST3,3215,8.075893630298857,1.695378e+06,14.343417,29546.0,10.293737,1.7427381,49827.0,10.816333,2.9389906,9345.0,9.142704,0.5512045,False,False,1,2.7102262573164015,-0.15321495215497424,-0.2320592842920862,-1.5788745146989822,-0.150754651427269,-0.06252848439746433,-1.1954305998644037,0.0,Astrocyte,Astrocyte,-0.7318488818178193
175E2_S301,Cortex,175,2C,AST2,2155,7.6760099320288875,1.386654e+06,14.142405,36967.0,10.517808,2.6659138,77586.0,11.259155,5.5951953,7116.0,8.870241,0.5131778,False,False,1,3.062251151585188,0.6339227452350022,-0.399630768130524,-1.0021677225828172,-0.08544827222824097,-0.3188617614784626,-0.7334650161128548,-0.014977086782455445,Astrocyte,Astrocyte,-0.6540187343532136
175E3_S309,Cortex,175,2C,AST3,3090,8.036249942132116,1.536487e+06,14.24501,44634.0,10.706274,2.9049385,50377.0,10.82731,3.278713,6950.0,8.846641,0.45233053,False,False,4,2.4621742305859833,-0.1222832610259703,-0.28745568220061485,-1.2240920639038086,1.5187657403945922,-0.2146259859354809,0.44915543489120724,-0.08372786521911621,Astrocyte,Astrocyte,0.19499660782105543
175E4_S317,Cortex,175,2C,AST3,2863,7.9599745280805365,1.538797e+06,14.246512,40485.0,10.608711,2.6309512,63071.0,11.052032,4.098721,6828.0,8.828934,0.44372323,False,False,1,2.3549074748826158,-0.09934857502654569,-0.2757160759935475,2.242998149394989,-0.1864930248260498,-0.2987504776078041,0.3479200637520259,0.0,Astrocyte,Astrocyte,0.1781766448723454
175E5_S325,Cortex,175,2C,AST3,3074,8.031060180240619,1.577498e+06,14.271351,49891.0,10.8176155,3.1626663,39187.0,10.576126,2.4841237,6221.0,8.7358465,0.39435866,False,False,4,3.0547094006356,-0.20397347900735674,-0.36694592297679246,-1.793656964302063,-0.354906165599823,-0.2010472711890635,0.39738307825884034,-0.11635744094848632,Astrocyte,Astrocyte,0.2884406357356821
175E6_S333,Cortex,175,2C,AST2,2407,7.786551806428712,1.351545e+06,14.116759,45019.0,10.714862,3.3309288,63907.0,11.0652,4.7284408,4399.0,8.389359,0.32547936,False,False,1,3.2780624048305986,-0.058858717506255334,-0.21488009498576927,-1.7210137963294982,-0.19800365447998047,-0.14207391305403275,0.43529277950076006,0.0,Astrocyte,Astrocyte,-0.6583498113342438
175E7_S341,Cortex,175,2C,AST2,1846,7.52131798019924,1.36359e+06,14.125632,27193.0,10.210752,1.9942211,99824.0,11.511174,7.3206754,7134.0,8.872767,0.52317774,False,False,1,3.924206606025905,-0.08926026845098141,-0.21928228934605917,1.1866595554351806,-0.09195191383361817,-0.2142400476667616,0.8739598114885877,-0.1323379421234131,Astrocyte,Astrocyte,-0.6249934864760639
175E8_S349,Cortex,175,2C,AST1,1478,7.2991214627108,1.175294e+06,13.97703,31722.0,10.364798,2.6990693,93989.0,11.450944,7.9970627,3346.0,8.11582,0.28469473,False,False,3,4.498752218778016,0.0,-0.15842890077167088,-1.09497807264328,-0.07100147724151612,-0.12580698909181537,0.8246112912144493,0.0,Astrocyte,Astrocyte,-0.3265122963311477
175E9_S357,Cortex,175,2C,AST2,2654,7.884199933676039,1.271793e+06,14.055939,45483.0,10.725116,3.5762894,67921.0,11.126115,5.3405704,4592.0,8.432289,0.36106506,False,False,3,2.5462026778466065,-0.10120521747886237,-0.2369624273945587,2.5761514019966123,-0.35286814749240875,-0.17767212788263956,-0.9885900745439768,0.0,Astrocyte,Astrocyte,-0.4794896131067323
175F10_S366,Cortex,175,2C,AST2,1952,7.577121930876679,1.251114e+06,14.039546,52910.0,10.876367,4.229031,111690.0,11.623491,8.927244,7971.0,8.98369,0.6371122,False,False,1,3.8680670847658254,-0.05014952043792111,-0.21871129671732584,0.1480115294456481,-0.21038551926612853,-0.21681754396419334,-0.8784842664871982,-0.10083298683166504,Astrocyte,Astrocyte,-0.5213215476483455
175F11_S374,Cortex,175,2C,AST2,2218,7.704811922932594,1.50395e+06,14.223606,66830.0,11.109922,4.4436316,88596.0,11.391853,5.8908873,3530.0,8.169336,0.23471524,False,False,1,3.2657782432160083,1.433886882947318,-0.16993973772935192,-1.2200365680456162,-0.16679932415485382,-0.09226534041491422,1.467612664304187,-0.15847328305244446,Astrocyte,Astrocyte,-0.46673883943008465
175F1_S294,Cortex,175,2C,AST2,1652,7.410347097821024,1.307096e+06,14.08332,41962.0,10.644544,3.2103226,82580.0,11.321535,6.317822,7219.0,8.88461,0.552293,False,False,1,3.6149352166822046,-0.003942454580086559,-0.015423888359406973,-0.7627084773778915,-0.07616212069988251,-0.23622534552005806,0.5496644407660518,0.0,Astrocyte,Astrocyte,0.12993640419039787
175F2_S302,Cortex,175,2C,AST3,2455,7.806289289267033,1.743283e+06,14.371282,32192.0,10.379504,1.8466307,91349.0,11.422454,5.2400556,8303.0,9.024492,0.47628525,False,False,4,3.6964282279457557,-0.1047144058960766,-0.20777685774697197,2.1766405183076856,-0.11265990078449249,-0.28193349790091465,-0.2675548459417256,0.0,Astrocyte,Astrocyte,0.7071804883633312
175F3_S310,Cortex,175,2C,AST2,2383,7.776535028185241,1.383846e+06,14.140378,53452.0,10.886559,3.8625684,70466.0,11.1629,5.0920405,5186.0,8.553911,0.37475267,False,False,1,2.1713406036460343,-0.1475588906949489,3.5114117014889765,1.7611221480369568,-0.0986714243888855,-0.18662901117344094,0.5732682512034124,0.0,Astrocyte,Astrocyte,-0.7029799701387874
175F5_S326,Cortex,175,2C,AST2,2125,7.661997558901893,1.266455e+06,14.051733,45151.0,10.71779,3.5651484,75083.0,11.226363,5.928596,6995.0,8.853094,0.5523291,False,False,1,2.040887975953316,-0.1151969630514557,-0.11402119229538273,-0.7817683374881745,-0.09988947033882141,-0.24107843818086566,-0.9160707937413125,0.0,Astrocyte,Astrocyte,-0.8130161320426826
175F7_S342,Cortex,175,2C,AST2,2357,7.765569081097317,1.604513e+06,14.288332,52234.0,10.863508,3.2554426,94183.0,11.453006,5.8698807,5901.0,8.683046,0.36777514,False,False,1,2.767817641867966,-0.08981443469847866,-0.19253026475810042,-0.9662688112258911,-0.2540445256233215,-0.09150155144508439,-0.9496883746966645,0.0,Astrocyte,Astrocyte,-0.6629861999234692
175F8_S350,Cortex,175,2C,AST2,2901,7.973155433444133,1.869761e+06,14.441321,49076.0,10.801146,2.6247206,56762.0,10.94664,3.035789,10047.0,9.215129,0.5373414,False,False,1,2.7680323413812395,1.3245493820564231,-0.17012482911649376,-1.654919536113739,-0.02030282437801361,-0.3193826567042958,0.018334660997342933,0.0,Astrocyte,Astrocyte,-0.8776089972964113
175G10_S367,Cortex,175,2C,AST2,1431,7.266827347520591,1.585938e+06,14.276688,69621.0,11.150836,4.389894,156004.0,11.9576435,9.836702,4033.0,8.302514,0.25429747,False,False,2,3.1692196228465095,-0.08958065030562817,-0.11395945332267067,1.2713716363906862,-0.14205689907073973,-0.08702610478256688,-0.2281879186630249,-0.03250447273254395,Astrocyte,Astrocyte,-0.43219821560561955
175G11_S375,Cortex,175,2C,AST3,2794,7.9355873855892,1.940804e+06,14.478614,38176.0,10.549989,1.9670198,71366.0,11.1755905,3.6771357,8209.0,9.013108,0.42296904,False,False,2,3.149202378069768,-0.1018322490567538,-0.31561420842854665,1.5380036228895186,-0.1384643369913101,-0.2013216440123741,-0.11224523171707612,-0.039857410192489624,Astrocyte,Astrocyte,-0.28870876125978906
175G1_S295,Cortex,175,2C,AST3,2257,7.722234744709607,1.248357e+06,14.03734,33242.0,10.411599,2.6628602,61293.0,11.0234375,4.9098935,5809.0,8.6673355,0.46533164,False,False,3,3.405464606206925,-0.03310196064225393,-0.23311991131666934,-1.3503024113178252,-0.008014618754386901,-0.07793819362466986,0.498084975247407,0.0,Astrocyte,Astrocyte,-0.6813330136873885
175G2_S303,Cortex,175,2C,AST2,1711,7.445417556701687,1.177052e+06,13.978524,44475.0,10.702705,3.7785075,107977.0,11.589683,9.1735115,4723.0,8.460411,0.4012567,False,False,1,3.230940773187439,-0.030066092409680237,-0.19724857626539288,2.8212621903419492,-0.07650925517082215,-0.2060453494389852,0.653035152497603,0.0,Astrocyte,Astrocyte,-0.60007982839129
175G3_S311,Cortex,175,2C,AST2,2533,7.837554360881084,1.197756e+06,13.995961,34126.0,10.437844,2.8491611,57678.0,10.962648,4.815505,4801.0,8.476788,0.4008329,False,False,2,2.2268646232417373,-0.07287689669048367,0.8611158084387731,-1.374324815273285,-0.14806241273880005,-0.24293237262301975,0.4933131334170624,-0.03295254707336426,Astrocyte,Astrocyte,-0.7973743782616617
175G4_S319,Cortex,175,2C,AST3,2313,7.746732907753622,1.390296e+06,14.145028,31427.0,10.355454,2.2604537,72478.0,11.191052,5.2131343,7334.0,8.900413,0.52751356,False,False,2,3.1282639640276546,-0.020507864616624075,-0.25021689768993494,-1.2380916678905487,-0.2024892282485962,-0.056404012622255265,-0.8448629894448285,0.0,Astrocyte,Astrocyte,-0.6752771736186415
175G5_S327,Cortex,175,2C,AST2,2845,7.953669778649798,1.266201e+06,14.051533,50723.0,10.834154,4.00592,46607.0,10.749528,3.6808531,4978.0,8.512984,0.39314455,False,False,1,2.552466400334092,0.1516115879593183,-0.22485335427101213,1.5611362910270692,-0.12107846975326537,-0.1364709837268097,0.6464007805340254,0.0,Astrocyte,Astrocyte,-0.8130653987145782
175G6_S335,Cortex,175,2C,AST2,2748,7.918992488165245,1.318314e+06,14.091865,40479.0,10.608563,3.0705128,52304.0,10.864847,3.9674919,5235.0,8.5633135,0.39709812,False,False,1,2.217937137911229,-0.1394447705254483,-0.4619427600292244,-1.1041016244888306,-0.07088501453399658,-0.14037761363116177,0.23416004857825268,0.0,Astrocyte,Astrocyte,-0.6221968945059833
175H10_S368,Cortex,175,2C,AST2,1921,7.561121589530238,1.181471e+06,13.982272,34397.0,10.445754,2.9113705,69995.0,11.156194,5.924394,2036.0,7.6192336,0.17232755,False,False,1,2.5138755626365787,-0.11284559156427432,1.321129277499035,2.5468024468421935,-0.09545790672302246,-0.06163742807176378,0.9008454767303851,-0.08398804664611817,Astrocyte,Astrocyte,0.0880712154811133
175H11_S376,Cortex,175,2C,AST2,2704,7.902857191280582,1.367211e+06,14.128284,41347.0,10.62978,3.024186,62872.0,11.048872,4.598559,5300.0,8.575651,0.38765046,False,False,1,2.339942851678922,1.2964745023142752,-0.37257985394410414,1.416455795764923,-0.1255336606502533,-0.09571959514810581,-0.9938272543288954,-0.05273847103118896,Astrocyte,Astrocyte,-0.41527065739209745
175H3_S312,Cortex,175,2C,AST2,1796,7.493873886783559,887973.0,13.696698,27067.0,10.206107,3.0481782,68716.0,11.137752,7.738524,4164.0,8.334472,0.46893317,False,False,1,2.805215418664484,-0.12157334334886254,-0.16316010614838264,-1.2893914878368378,-0.06547682285308838,-0.05381569115802495,0.941516451500169,0.0,Astrocyte,Astrocyte,-0.13669124574016445
175H4_S320,Cortex,175,2C,AST3,2890,7.969357742016346,1.07877e+06,13.891333,35918.0,10.489021,3.3295326,36115.0,10.494492,3.3477943,5928.0,8.687611,0.5495147,False,False,1,3.4952818682936373,-0.08507390477549491,-0.36060870657063493,-1.782382686138153,-0.27197149753570554,-0.1633195732579087,-1.3110988523492861,-0.08601362228393555,Astrocyte,Astrocyte,-0.5754327683994089
175H5_S328,Cortex,175,2C,AST2,2195,7.694392802629421,830328.0,13.629578,28292.0,10.25037,3.4073281,48914.0,10.797839,5.890925,3150.0,8.055475,0.37936816,False,False,1,1.8376846587071656,-0.1187057243519692,-0.2316388746704718,2.148329062461853,-0.47125016450881957,-0.12980391039992822,-1.1215554349985555,0.0,Astrocyte,Astrocyte,-0.7023768709577582
175H6_S336,Cortex,175,2C,AST2,2579,7.855544677915663,959561.0,13.774232,30422.0,10.322954,3.1704082,41786.0,10.640341,4.3546996,5470.0,8.607217,0.5700523,False,False,3,2.7775377824983956,-0.18085150592890217,-0.21114920034553064,1.70032446205616,3.7206249338388444,-0.1918972170714176,-1.1278130472005912,0.0,Astrocyte,Astrocyte,-0.552766193481837
175H8_S352,Cortex,175,2C,AST1,2389,7.779048644925556,976961.0,13.792203,69370.0,11.147224,7.10059,61602.0,11.028466,6.305472,3222.0,8.078068,0.32979822,False,False,2,3.0657150523910115,-0.059792125644396295,-0.20632393733419555,1.5843535327911378,-0.19525790810585023,-0.1381636532870206,-0.9571756477931037,-0.03811640739440918,Astrocyte,Astrocyte,-0.6918046046577033
175H9_S360,Cortex,175,2C,AST2,2810,7.941295570906532,1.17688e+06,13.978378,41677.0,10.637729,3.5413127,57429.0,10.958323,4.8797665,4466.0,8.404472,0.37947792,False,False,1,2.869165597717619,-0.09483397665934347,-0.24822200338045755,1.6980082565546035,-0.2743874043226242,-0.14429698628608625,-0.9586978941107515,0.0,Astrocyte,Astrocyte,-0.78834504466224
178A11_S273,Hippocampus,178,2H,AST1,1904,7.552237287560802,1.896976e+06,14.455772,75976.0,11.238186,4.005111,68375.0,11.132777,3.6044211,4681.0,8.451481,0.24676116,False,False,3,4.164812557032851,-0.07622347165591753,-0.26596238035144226,1.959407455921173,1.7265552115440368,-0.20486736418020846,0.5639168353536022,0.0,Astrocyte,Astrocyte,-0.26994526898721627
178A3_S209,Hippocampus,178,2H,Mural,1505,7.317212408359839,735585.0,13.508423,14046.0,9.550164,1.9095006,44002.0,10.692013,5.9819055,4429.0,8.396155,0.6021058,False,False,0,-2.178371703689867,-0.11069074587606305,-0.1855073504977756,2.830821667909622,-0.05830764293670654,-0.14738459538931797,5.698638906430959,0.0,Mural,Mural,-0.5880802855865784
178A4_S217,Hippocampus,178,2H,AST2,2399,7.783224016336037,1.060132e+06,13.873905,43360.0,10.677316,4.0900564,59289.0,10.990196,5.5926056,3870.0,8.261269,0.3650489,False,False,1,4.072215367536076,-0.04748565587566127,0.03589488942213734,2.213275603055954,-0.30462132930755614,0.0,-0.9414391349907496,0.0,Astrocyte,Astrocyte,-0.6590309993850568
178A5_S225,Hippocampus,178,2H,AST1,2036,7.619233416226805,1.035643e+06,13.850534,44626.0,10.706095,4.309014,40001.0,10.596684,3.8624313,3903.0,8.269757,0.37686732,False,False,1,4.160878699985358,-0.037035086646151905,-0.2096036479930685,-1.3591409921646118,-0.16810888171195984,-0.10972873490266126,-0.8779376505607337,0.0,Astrocyte,Astrocyte,-0.3328875139082016
178A7_S241,Hippocampus,178,2H,AST2,2155,7.6760099320288875,1.4212e+06,14.167013,82184.0,11.316729,5.782719,52886.0,10.875913,3.7212214,3875.0,8.262559,0.27265692,False,False,1,2.527523153466605,-0.11240419311140051,1.66064557403025,2.449932231903076,1.5886326396465302,-0.12271930111779107,-0.8231580443118685,-0.11774947166442871,Astrocyte,Astrocyte,-0.4649652316793178
178A8_S249,Hippocampus,178,2H,Mural,2268,7.727094484779841,1.368919e+06,14.129533,20187.0,9.912844,1.4746672,52851.0,10.875251,3.8607836,11856.0,9.380673,0.8660848,False,False,0,-2.170624198483639,-0.27485299979023,-0.23170409961180252,2.018455743789673,-0.279818971157074,-0.5407557192474904,5.385115700151453,0.0,Mural,Mural,0.6470826116945588
178B10_S266,Hippocampus,178,2H,AST1,2045,7.6236419465115715,1.568973e+06,14.265932,89814.0,11.405507,5.7243814,44700.0,10.707751,2.8489974,3469.0,8.15191,0.22110005,False,False,3,3.6760028893830343,-0.10732565033974958,-0.19596324906204687,-0.9849360656738281,-0.06380728244781494,-0.06538588591296264,-0.9355674275201769,0.0,Astrocyte,Astrocyte,-0.6578823089077198
178B11_S274,Hippocampus,178,2H,AST1,1936,7.5688956634069955,1.763171e+06,14.382625,69479.0,11.148794,3.9405708,59062.0,10.98636,3.34976,9947.0,9.205127,0.564154,False,False,3,3.7116365015832455,-0.03499518626898378,-0.2873207421013803,-0.8910515224933624,-0.23290321826934815,-0.25222485234039,-0.7564244072640961,-0.1108470344543457,Astrocyte,Astrocyte,0.27438946667816083
178B12_S282,Hippocampus,178,2H,AST4,2767,7.92588031673756,2.318169e+06,14.656289,102758.0,11.540142,4.4327226,69241.0,11.145363,2.9868832,29439.0,10.29011,1.2699246,False,False,6,0.4954663625831808,-0.07463367949778112,-0.3596470497473322,-1.8722198271751405,-0.25811304330825807,-0.27457448689624514,0.33219077239683525,-0.07275007247924804,Astrocyte,Astrocyte,3.8675177323201266
178B3_S210,Hippocampus,178,2H,AST1,2292,7.737616282857904,1.092683e+06,13.904148,35847.0,10.487043,3.2806404,33058.0,10.406049,3.025397,4834.0,8.483637,0.44239733,False,False,3,3.2840418151167574,-0.1418731943446787,-0.16810273702698525,1.625409061908722,-0.27677223801612855,-0.056077898150742655,-0.9846056166605733,0.0,Astrocyte,Astrocyte,-0.30587311611450174
178B5_S226,Hippocampus,178,2H,AST3,1952,7.577121930876679,866898.0,13.672678,25328.0,10.139706,2.9216816,30614.0,10.329246,3.531442,2309.0,7.7450027,0.26635197,False,False,3,2.1106311962252757,-0.09840058621449686,-0.14852547404742,2.257643212080002,-0.12845516204833984,-0.010201060410701868,-0.9077171494613341,0.0,Astrocyte,Astrocyte,0.2327308739117271
178B8_S250,Hippocampus,178,2H,AST1,2645,7.880804344674901,1.280491e+06,14.062755,39334.0,10.57987,3.0717905,33383.0,10.4158325,2.6070468,4568.0,8.42705,0.35673815,False,False,2,3.789064949978897,-0.09416254081917767,-0.26236028261859007,-0.2885074853897094,-0.023237525224685668,-0.12159553441134366,-0.6696338590665079,0.0,Astrocyte,Astrocyte,-0.46096002846607975
178C10_S267,Hippocampus,178,2H,AST1,2650,7.8826922062890254,1.623217e+06,14.299921,48222.0,10.783591,2.9707675,34581.0,10.451089,2.130399,6298.0,8.748146,0.38799495,False,False,2,2.7327906590341877,-0.06602839129654008,-0.2143328238015223,1.7377148461341858,-0.17453713178634644,-0.1132353050540192,-0.9839809264369945,0.0,Astrocyte,Astrocyte,-0.8579897550191227
178C11_S275,Hippocampus,178,2H,AST1,1368,7.221835825288449,1.277168e+06,14.060157,35926.0,10.489244,2.8129423,84392.0,11.34324,6.6077447,4578.0,8.429235,0.3584493,False,False,1,2.5500812419776713,-0.01973760427542068,-0.2503388999688505,3.4307967805862427,0.0,-0.13318670277643685,1.812897684586108,0.0,Astrocyte,Astrocyte,-0.47580983861658926
178C12_S283,Hippocampus,178,2H,Mural,1463,7.288927694521257,1.002978e+06,13.818485,8566.0,9.055673,0.8540566,127328.0,11.75453,12.694994,5843.0,8.673171,0.5825651,False,False,0,-2.397138165645912,-0.14677648089039866,-0.11251377938973783,3.4989867115020754,-0.05717605590820313,2.7691413922743364,6.361118274717475,-0.019610090255737303,Mural,Mural,-0.21454207755886456
178C2_S203,Hippocampus,178,2H,AST1,2193,7.693481640835175,1.028403e+06,13.843518,41567.0,10.635086,4.041898,28165.0,10.245871,2.7387123,4002.0,8.2948,0.38914707,False,False,3,1.1698636995638658,-0.1403658968120364,1.7172621795625398,-1.5187194722890853,-0.047169189453125,-0.1221565291134998,-0.737304652755584,0.0,Astrocyte,Astrocyte,-0.6860373345000019
178C3_S211,Hippocampus,178,2H,AST3,2138,7.668093709082406,920883.0,13.733089,42235.0,10.651029,4.586359,34329.0,10.443775,3.727835,3248.0,8.0861025,0.35270497,False,False,1,2.5693437831649364,-0.0984982737344713,1.2898871766196356,2.536607594490051,-0.009734272956848145,-0.11582163608435428,-0.8853445771950573,0.0,Astrocyte,Astrocyte,-0.270751979096306
178C4_S219,Hippocampus,178,2H,AST3,2377,7.774015077250727,908343.0,13.719378,42366.0,10.654125,4.664097,40204.0,10.601747,4.4260817,3319.0,8.10772,0.3653906,False,False,3,2.7921922037510276,-0.05106696291784545,-0.20545340306831128,1.7286297845840455,-0.14609886407852174,-0.15809345486188175,0.1274881033442128,0.0,Astrocyte,Astrocyte,-0.5586300056446375
178C5_S227,Hippocampus,178,2H,AST1,2609,7.867105500316739,1.173116e+06,13.975175,43713.0,10.685424,3.72623,22796.0,10.034384,1.9432008,4044.0,8.305237,0.34472296,False,False,2,3.2530083630254367,-0.1307558156737131,-0.14327327350173333,-1.9222079968452455,-0.22594472527503967,-0.1415244641930166,-1.2202728914855114,0.0,Astrocyte,Astrocyte,-0.45439818943034427
178C6_S235,Hippocampus,178,2H,AST4,3044,8.021256180143997,1.28411e+06,14.0655775,65383.0,11.088033,5.0916977,40530.0,10.609822,3.1562715,10224.0,9.232591,0.7961934,False,False,6,1.8544879168109158,-0.20340036027994587,-0.2165134052435557,-1.7122916120290756,-0.007765220999717712,-0.4373525477418996,-1.0619999934081457,0.0,Astrocyte,Astrocyte,0.1644605065824989
178D10_S268,Hippocampus,178,2H,AST1,2563,7.849323818040561,1.546262e+06,14.251351,71439.0,11.176613,4.6201096,81490.0,11.308248,5.2701287,7822.0,8.964824,0.50586516,False,False,3,2.45732721214086,-0.29703887143925806,-0.3580876739338191,-0.7825523310899735,-0.43928127348423,-0.4795095920562744,-0.035213403665839804,0.0,Astrocyte,Astrocyte,-0.7808907537570282
178D11_S276,Hippocampus,178,2H,AST2,2012,7.607381425639791,1.641413e+06,14.311069,50456.0,10.8288765,3.073937,70096.0,11.157636,4.270467,7436.0,8.914223,0.4530243,False,False,3,3.490247597459887,-0.10192230778123865,1.0952634197292905,2.286068097352982,-0.1312185037136078,-0.04339907386086204,-0.9888533695259286,0.0,Astrocyte,Astrocyte,-0.5700114465914107
178D12_S284,Hippocampus,178,2H,Endothelial,1978,7.590346945602565,1.666951e+06,14.326508,45189.0,10.718631,2.7108777,93702.0,11.4478855,5.621161,21673.0,9.983869,1.3001581,False,False,5,-2.302696485011304,-0.2644468168517453,-0.34885793623298106,-1.278375699520111,-0.2080343747138977,6.127376809264675,1.674485581005039,0.0,Endothelial,Endothelial,2.7738485696767525
178D1_S196,Hippocampus,178,2H,AST1,1625,7.3938782901077555,746307.0,13.522894,31637.0,10.362114,4.23914,28224.0,10.247963,3.7818215,2409.0,7.787382,0.32278943,False,False,3,3.0165612788799683,-0.10202481938366914,-0.15258392541095464,-1.0514205193519592,0.2773769497871399,-0.16006224805658514,-0.7487151227404724,-0.06766074180603027,Astrocyte,Astrocyte,-0.4966876357545041
178D3_S212,Hippocampus,178,2H,Endothelial,3126,8.047829357457841,1.196624e+06,13.995016,47212.0,10.762424,3.945433,30882.0,10.337961,2.5807607,13922.0,9.541298,1.1634399,False,False,5,-3.547559311155413,-0.26694827223542944,-0.51363288874578,2.0381656730175015,-0.5107857948541641,7.3258961114016445,5.38371416192558,0.0,Endothelial,Endothelial,4.428790810286302
178D5_S228,Hippocampus,178,2H,AST3,1986,7.594381242551817,883117.0,13.691215,26587.0,10.188215,3.0105863,30226.0,10.316491,3.4226496,2426.0,7.794411,0.2747088,False,False,3,3.344052755116114,-0.07630305673608828,1.3658598432637223,-0.8429496192932129,-0.24300368785858154,-0.13161765084122168,-0.6445533456514828,0.0,Astrocyte,Astrocyte,-0.5446366742377687
178D6_S236,Hippocampus,178,2H,AST1,1952,7.577121930876679,1.041526e+06,13.856198,41803.0,10.640747,4.01363,44183.0,10.696118,4.242141,2108.0,7.6539693,0.20239532,False,False,2,1.5740539610711597,-0.10392512927702324,-0.12082580604938546,2.712186862230301,-0.11799563407897949,-0.08386848912094579,-0.9332256958113244,0.0,Astrocyte,Astrocyte,-0.3415531516075134
178D9_S260,Hippocampus,178,2H,AST1,2166,7.681099001536359,1.282035e+06,14.06396,34762.0,10.456309,2.7114704,40987.0,10.621035,3.1970267,3933.0,8.277412,0.3067779,False,False,3,3.3641912442087483,-0.159366519906413,-0.20013637976212936,-1.2675418293476104,-0.13237293362617492,-0.11225614403233383,-1.0297857043731153,0.0,Astrocyte,Astrocyte,-0.647779430988834
178E10_S269,Hippocampus,178,2H,AST1,1558,7.351799869057777,1.13754e+06,13.94438,56505.0,10.942102,4.967298,61090.0,11.02012,5.3703604,3753.0,8.230577,0.32992247,False,False,3,3.2601814217906186,-0.08235562027399264,-0.1837577609100727,2.722432017326355,-0.4033826231956482,-0.12359608544243707,0.810681495235194,0.0,Astrocyte,Astrocyte,-0.4321465482297843
178E12_S285,Hippocampus,178,2H,AST1,2007,7.60489448081162,1.640375e+06,14.310436,47231.0,10.762827,2.8792806,80905.0,11.3010435,4.932104,7317.0,8.898092,0.44605651,False,False,2,3.2887118761656717,-0.06410084058291948,-0.221779739013826,-1.1616075980663298,1.6795022797584533,-0.13749042183461815,0.842012978079331,-0.013205180168151856,Astrocyte,Astrocyte,-0.4897216752494914
178E1_S197,Hippocampus,178,2H,AST3,1987,7.59488438721652,925471.0,13.738059,35127.0,10.466754,3.7955809,36946.0,10.51724,3.9921296,1853.0,7.5251007,0.20022236,False,False,2,3.307047258960745,-0.020113674839537347,-0.1857114831606547,1.8654190719127655,-0.3891217863559723,-0.2525569573797361,0.8062651163369567,-0.01943671464920044,Astrocyte,Astrocyte,-0.6080104017098479
178E6_S237,Hippocampus,178,2H,AST1,1771,7.4798641311650265,779115.0,13.565915,46281.0,10.742508,5.9402013,62168.0,11.037612,7.9793096,3119.0,8.0455885,0.400326,False,False,2,2.96851142638368,-0.04374044864021953,0.2895415064060327,2.7248157811164857,-0.14904321908950804,-0.12727257218023744,-0.9829326430756842,0.0,Astrocyte,Astrocyte,-0.5803215945503349
178E7_S245,Hippocampus,178,2H,AST3,1504,7.316548177182976,1.189851e+06,13.98934,77155.0,11.253585,6.484425,69977.0,11.155936,5.8811564,2748.0,7.9189925,0.23095328,False,False,3,4.012413859367371,-0.011635248385482098,-0.2000014137740087,2.634908767938614,-0.14354694366455079,0.0,-0.34249036455873266,0.0,Astrocyte,Astrocyte,-0.32468592642941735
178E9_S261,Hippocampus,178,2H,AST1,1689,7.432483807917119,1.034122e+06,13.849064,27749.0,10.230991,2.683339,56407.0,10.940367,5.454579,948.0,6.8554087,0.091671966,False,False,3,2.993862938034078,-0.04018699493839513,-0.1775663922531436,-0.9237308484315873,-0.06142315864562988,-0.12974098114052204,1.0053314476755997,0.0,Astrocyte,Astrocyte,-0.4283626506444011
178F10_S270,Hippocampus,178,2H,AST1,1908,7.554334823725748,1.033328e+06,13.848296,29970.0,10.307985,2.9003377,36302.0,10.499656,3.513115,2333.0,7.7553387,0.22577536,False,False,3,2.8023485863795043,-0.07157929578618188,-0.35113680723941687,-1.1892857456207275,-0.12649325847625734,-0.13134707104076038,-0.7402529812338364,0.0,Astrocyte,Astrocyte,-0.594271076740526
178F11_S278,Hippocampus,178,2H,AST1,1471,7.294377299288821,1.029319e+06,13.844409,42045.0,10.64652,4.0847397,82500.0,11.320566,8.015008,5153.0,8.547528,0.5006223,False,False,2,4.066545879905992,-0.09670588718586831,-0.15293628338611487,1.2640467524528503,-0.05130703449249267,-0.08716245371885974,-0.7360699548194157,0.0,Astrocyte,Astrocyte,-0.07158301375147103
178F2_S206,Hippocampus,178,2H,AST1,2087,7.643961949002529,727922.0,13.497951,50522.0,10.830184,6.9405785,33791.0,10.427979,4.642118,4236.0,8.351611,0.58193046,False,False,3,3.554972107944592,-0.10042759880947708,-0.1383841386949173,-0.9718909072875976,-0.11820865869522094,-0.23587947542017157,-0.6336979195101178,0.0,Astrocyte,Astrocyte,-0.7047699084863042
178F4_S222,Hippocampus,178,2H,AST1,2205,7.698936199813447,718212.0,13.484522,26791.0,10.195859,3.7302356,27849.0,10.234589,3.8775458,2321.0,7.750184,0.32316363,False,False,2,2.630388140026988,-0.0727160120729226,-0.24920888681604406,-1.1050909066200256,-0.19393713474273683,-0.24111991940122662,-0.72699049489582,0.0,Astrocyte,Astrocyte,-0.7043182147365181
178F5_S230,Hippocampus,178,2H,AST4,2021,7.611842399580417,983412.0,13.798784,30971.0,10.340838,3.1493413,33126.0,10.408104,3.3684764,16319.0,9.700147,1.6594267,False,False,0,-0.43480107693072867,-0.14769000144460093,-0.4278480952436274,-1.371691608428955,-0.5459928643703461,-0.2955012514133646,0.1663672959984247,-0.2864034366607666,Mural,Astrocyte,-0.6331041446313237
178F7_S246,Hippocampus,178,2H,AST1,2753,7.9208096792886,1.392085e+06,14.146314,64603.0,11.076032,4.6407366,28862.0,10.270316,2.073293,5841.0,8.672829,0.41958642,False,False,2,2.2187096724093287,-0.05439933041232315,-0.2177177739865852,-1.3266197216510773,1.4850788629055023,-0.27398728481446855,-0.9746687250520716,0.0,Astrocyte,Astrocyte,-0.8582192918096042
178F8_S254,Hippocampus,178,2H,AST3,2162,7.679251425953058,1.038146e+06,13.852948,52324.0,10.86523,5.040139,45773.0,10.731472,4.40911,2780.0,7.930566,0.26778507,False,False,4,3.442779921443085,-0.05045017225658474,-0.07936602650266705,0.654954981803894,-0.06579870223999024,-0.2849221578752152,-0.9667820355400967,-0.03376709938049317,Astrocyte,Astrocyte,0.8047008580078864
178F9_S262,Hippocampus,178,2H,AST1,2488,7.819636302367592,1.486933e+06,14.212227,69594.0,11.150448,4.680372,44671.0,10.707102,3.0042377,4283.0,8.362642,0.28804258,False,False,2,3.7850183737082563,-0.11956758834608835,-0.21509057825261896,-0.9264911222457886,-0.01395299196243286,-0.23344751319499932,-0.9018059807207117,0.0,Astrocyte,Astrocyte,-0.7686532045246564
178G10_S271,Hippocampus,178,2H,AST4,2581,7.856319571406588,1.261833e+06,14.048077,42106.0,10.647969,3.3368917,40481.0,10.608613,3.2081108,13694.0,9.524786,1.0852467,False,False,6,2.2290741726348955,-0.15386084396036426,1.1256574994385844,-1.777210898399353,-0.23054762303829193,-0.2730012939433859,-0.9721153908638499,0.0,Astrocyte,Astrocyte,-0.2321200976288179
178G11_S279,Hippocampus,178,2H,AST1,2331,7.754481547470383,1.918043e+06,14.466817,83653.0,11.334445,4.3613725,64128.0,11.068652,3.3434079,9299.0,9.13777,0.48481706,False,False,3,2.034370807024951,-0.18350114714560198,-0.14400571735218318,1.6837725698947907,-0.07441366314888001,-0.20587339064087531,0.4789778467398792,0.0,Astrocyte,Astrocyte,-0.6211578847967921
178G2_S207,Hippocampus,178,2H,AST1,2471,7.812782818577581,1.009295e+06,13.824763,45967.0,10.735701,4.554367,18032.0,9.799959,1.7865936,3086.0,8.034955,0.30575797,False,False,3,3.3168319190134765,-0.04812545392980527,-0.20157581989211265,-1.3392074918746948,-0.09611361265182496,-0.2729520424447878,0.035632985920163174,0.0,Astrocyte,Astrocyte,-0.14846119030887173
178G3_S215,Hippocampus,178,2H,AST1,2808,7.940583827104244,1.221983e+06,14.015986,46272.0,10.742314,3.786632,26040.0,10.167427,2.1309626,5304.0,8.576406,0.43404862,False,False,2,3.4105064842870334,-0.17407717806610032,-0.3177564526447142,1.8975864666700364,-0.18715058505535126,-0.17156317920395822,-1.1418198874248333,0.0,Astrocyte,Astrocyte,-0.4028186898100157
178G4_S223,Hippocampus,178,2H,AST1,1814,7.503840746698951,771213.0,13.555721,23437.0,10.062114,3.0389788,35740.0,10.484054,4.6342583,2001.0,7.601902,0.2594614,False,False,3,2.436012294123082,-0.0800883003215694,-0.26374644462508384,-0.7838356971740723,-0.09583060503005982,-0.07966226038306651,0.15098730703095087,0.0,Astrocyte,Astrocyte,-0.5815201601719419
178G5_S231,Hippocampus,178,2H,AST3,1879,7.539027055823995,811497.0,13.606637,31946.0,10.371834,3.936675,24093.0,10.089718,2.9689574,2555.0,7.846199,0.3148502,False,False,3,4.560026295849534,-0.22985218757361023,-0.1592253843943278,2.253869425058365,-0.1507108736038208,-0.21040316302366932,-0.6938945839752504,0.0,Astrocyte,Astrocyte,-0.4090108130630945
178G6_S239,Hippocampus,178,2H,AST2,2218,7.704811922932594,1.072603e+06,13.8856,36745.0,10.511785,3.4257782,36148.0,10.495404,3.3701193,4090.0,8.316545,0.38131535,False,False,1,3.233518153591886,-0.10674476623535156,-0.33089576345501526,-1.3188648319244385,-0.19902908325195312,-0.1689421913840554,-1.2012995834925666,0.0,Astrocyte,Astrocyte,-0.6097681802978898
178G7_S247,Hippocampus,178,2H,AST1,2144,7.6708948313621175,1.401649e+06,14.153161,55419.0,10.922696,3.9538429,61077.0,11.019907,4.3575106,5346.0,8.5842905,0.38140792,False,False,3,3.864057975388615,-0.0784948414294564,-0.23009944774887778,-0.9100607949495315,-0.2238695764541626,-0.15717056062486437,-1.0017065363912727,0.0,Astrocyte,Astrocyte,-0.08216475781196342
178G8_S255,Hippocampus,178,2H,AST1,1887,7.543273346705446,879453.0,13.687057,42914.0,10.666977,4.879624,45044.0,10.715417,5.12182,3489.0,8.157657,0.39672387,False,False,3,3.3674469801897553,-0.11244233768789014,1.647835160746719,1.249470043182373,-0.13296146869659423,-0.07200547179790458,0.36304619264363036,-0.12479278564453125,Astrocyte,Astrocyte,-0.682211548736776
178H11_S280,Hippocampus,178,2H,AST3,2705,7.903226808730733,1.592017e+06,14.280513,103282.0,11.545228,6.487493,52479.0,10.868188,3.2963843,4463.0,8.403801,0.2803362,False,False,3,3.412137983275241,-0.18429635817082085,0.13929399697467534,-1.2627443873882294,-0.29985188722610473,-0.3085809849729442,-1.1180523226608583,-0.08049336433410645,Astrocyte,Astrocyte,0.22674286499843377
178H4_S224,Hippocampus,178,2H,AST4,2584,7.85748078694253,866140.0,13.671803,55262.0,10.919859,6.3802614,21272.0,9.965194,2.455954,5555.0,8.622634,0.6413513,False,False,6,1.3614231546719866,-0.1331162710285666,-0.32399414705507684,-1.1117548191547393,-0.25862436413764955,-0.3765134329747672,-1.0953769629924142,0.0,Astrocyte,Astrocyte,-0.06634171682725565
178H5_S232,Hippocampus,178,2H,AST4,2512,7.829232537543592,753401.0,13.532354,28182.0,10.246474,3.7406373,22758.0,10.032716,3.0207021,5006.0,8.518592,0.66445357,False,False,6,3.3671413321312667,1.739993961013142,-0.22441946677487307,-1.7837508594989777,-0.08723740577697754,-0.29985678436780216,-1.3297453286060736,0.0,Astrocyte,Astrocyte,-0.34657187424040403
178H6_S240,Hippocampus,178,2H,AST4,2720,7.908754738783246,879152.0,13.686714,35267.0,10.470732,4.0114794,38268.0,10.552396,4.352831,4579.0,8.429454,0.5208428,False,False,6,1.4099381237082138,-0.13567286040914717,1.2449231876267328,-0.9909707856178284,-0.10852471351623535,-0.20156175319594566,-1.0979549986633224,0.0,Astrocyte,Astrocyte,-0.2806150956524035
178H9_S264,Hippocampus,178,2H,AST1,3035,8.01829613851552,1.345667e+06,14.112401,36814.0,10.51366,2.7357438,28230.0,10.248176,2.0978444,7030.0,8.858085,0.52241755,False,False,2,3.1201487512536383,-0.14078141007591133,1.0915658016397496,1.3297099018096923,-0.2864832431077957,-0.2779680815610019,-1.199261975647816,-0.07000210762023926,Astrocyte,Astrocyte,-0.034050731358424624
185A10_S265,Cortex,185,2C,AST2,2232,7.711101251840158,1.475544e+06,14.204538,76809.0,11.24909,5.20547,66450.0,11.10422,4.5034237,8182.0,9.009814,0.5545074,False,False,2,1.8542447559169082,-0.07219450917076226,0.4403113162878788,-1.2453325581550598,-0.031397285461425783,-0.007176779737376204,-0.643981536429132,0.0,Astrocyte,Astrocyte,-0.2148581067090839
185A12_S281,Cortex,185,2C,AST3,2851,7.955775781534187,2.177543e+06,14.593708,66077.0,11.098591,3.034475,61083.0,11.020005,2.805134,9621.0,9.171807,0.44182822,False,False,4,3.420168663308919,-0.09791645153083993,1.1209808630172653,-0.23456295132637028,-0.08681577444076538,-0.07721614837646484,-0.27369565041220967,-0.0352524733543396,Astrocyte,Astrocyte,1.3643014254374974
185A1_S193,Cortex,185,2C,AST2,1567,7.357556200910353,1.200813e+06,13.99851,48299.0,10.785187,4.0221915,95455.0,11.466421,7.9491982,5220.0,8.560444,0.43470547,False,False,1,2.914645967587748,-0.11166289703330802,-0.19132082149235888,-0.7910424184799194,-0.05718827724456787,-0.055782961122917404,-0.6264316891905052,0.0,Astrocyte,Astrocyte,-0.5800740464103838
185A2_S201,Cortex,185,2C,AST3,2635,7.877017895622398,1.880021e+06,14.4467945,73231.0,11.201387,3.8952224,45489.0,10.725247,2.4196007,12213.0,9.410338,0.6496204,False,False,2,1.9247414323150132,-0.08084538474154832,-0.28529783752229476,-1.4638086152076721,-0.15846815586090088,-0.2730057660979454,-0.9996711644695033,0.0,Astrocyte,Astrocyte,0.7766483537044271
185A3_S209,Cortex,185,2C,AST3,3121,8.046229101075378,1.853257e+06,14.432456,91113.0,11.419867,4.9163713,47711.0,10.772938,2.5744407,5471.0,8.6074,0.29521,False,False,1,2.0442363903170726,-0.1449910779694217,-0.37596558260195184,-1.7052281367778779,-0.3441750431060791,-0.1428749007408065,0.02778949150487997,-0.14466543912887572,Astrocyte,Astrocyte,-0.5599260635686438
185A7_S241,Cortex,185,2C,AST3,2975,7.998335395952982,2.252689e+06,14.627636,57952.0,10.967387,2.57257,131925.0,11.789996,5.856334,15757.0,9.665104,0.69947517,False,False,2,2.217004692619616,-0.10380858632188346,-0.15835193552152074,-1.4974210953712463,-0.15167093515396118,-0.06313556011277016,0.47937825397031397,0.0,Astrocyte,Astrocyte,-1.0161383669444037
185A8_S249,Cortex,185,2C,AST3,2959,7.992944547318106,1.375486e+06,14.134318,18884.0,9.846124,1.3728966,141531.0,11.860281,10.289527,5232.0,8.56274,0.38037464,False,False,2,3.0862351063170728,-0.11382094100492085,-0.47319134919330325,1.4557951068878174,-0.11923347473144531,-0.2540026072299842,0.47292256115668985,-0.015610461235046386,Astrocyte,Astrocyte,-0.5993310852420947
185A9_S257,Cortex,185,2C,AST2,2262,7.724446645633537,1.58862e+06,14.278377,59362.0,10.991426,3.7367024,65663.0,11.092306,4.133336,4803.0,8.477204,0.30233788,False,False,1,3.847634423625925,-0.10421749964431302,-0.187541030874156,-1.2152434939146042,-0.1860052490234375,-0.0816768335573601,-0.9621441837531238,0.0,Astrocyte,Astrocyte,-0.7372475497312657
185B11_S274,Cortex,185,2C,AST2,2354,7.764296006450518,2.131108e+06,14.572153,122854.0,11.7187605,5.764795,158481.0,11.973396,7.436554,13406.0,9.503532,0.6290624,False,False,1,3.193155719934266,-0.1656000766921882,-0.2128891812430488,1.9401584637165068,-0.16170397758483887,-0.1401910095503836,1.4627752609588391,0.0,Astrocyte,Astrocyte,-0.3819553601323862
185B12_S282,Cortex,185,2C,AST2,2621,7.871692664323645,1.328851e+06,14.099826,49746.0,10.814706,3.7435348,58621.0,10.978866,4.411405,4355.0,8.37931,0.32772672,False,False,1,3.320151161626388,-0.06261859497233252,-0.25371511325691687,-1.0686282521486283,-0.29465733528137206,-0.13859176274501916,-0.9873384419997134,0.0,Astrocyte,Astrocyte,0.35087238306891744
185B1_S194,Cortex,185,2C,AST2,1337,7.198931240688173,1.324485e+06,14.096535,44539.0,10.704143,3.362741,97335.0,11.485924,7.348894,8912.0,9.095266,0.6728653,False,False,1,3.0645694348330057,-0.01612939307438069,0.9220959607398871,-0.4183868098258972,-0.03723616361618042,-0.033016340901153254,1.287148795535217,0.0,Astrocyte,Astrocyte,-0.3415125886068519
185B2_S202,Cortex,185,2C,AST3,3030,8.016647877057803,1.84905e+06,14.430183,59445.0,10.992824,3.2148943,95675.0,11.468722,5.1742787,7873.0,8.971321,0.4257862,False,False,1,2.9332389584004543,-0.090764122392664,-0.25654865093905516,-0.547682386636734,-0.20780572414398193,-0.15107693515642726,-1.2117339824911337,0.0,Astrocyte,Astrocyte,-0.5691270780483749
185B3_S210,Cortex,185,2C,AST2,1610,7.384610383176974,1.636186e+06,14.307879,100877.0,11.5216675,6.1653748,125906.0,11.743299,7.695091,3090.0,8.03625,0.18885383,False,False,1,3.390644207678206,1.6588567552255027,-0.08011814319726193,-0.9465175408124924,-0.006759043335914611,-0.10884422665894633,-0.8189136391908081,-0.13006805419921874,Astrocyte,Astrocyte,-0.41969004517206565
185B4_S218,Cortex,185,2C,AST2,1906,7.553286605600419,1.273369e+06,14.057178,66358.0,11.102835,5.2112155,80546.0,11.296597,6.325425,6159.0,8.725832,0.48367754,False,False,3,3.5053367093612584,-0.11808690293949453,-0.17538386824155094,0.6152269482612609,-0.31527050971984866,-0.40322315813315035,0.45263589566676465,-0.0475618839263916,Astrocyte,Astrocyte,0.29382426894964875
185B6_S234,Cortex,185,2C,AST2,1732,7.457609289715606,1.437528e+06,14.178436,83036.0,11.327042,5.7763047,119435.0,11.690536,8.30836,5836.0,8.671972,0.4059747,False,False,3,4.156602225017026,-0.08103712120247845,-0.2759883873390429,-1.4096012449264526,-0.1295277214050293,-0.05492883258395725,-0.6579201916354386,0.0,Astrocyte,Astrocyte,-0.5129375147302083
185B7_S242,Cortex,185,2C,AST1,2104,7.652070746116482,1.801583e+06,14.404177,90850.0,11.416976,5.042787,87553.0,11.380011,4.8597817,12154.0,9.405496,0.6746289,False,False,2,2.175608273738069,-0.0783435300966004,-0.10482980837725629,-1.2906288874149323,0.695782533288002,-0.18350084863527857,-1.116528097109579,-0.025353801250457764,Astrocyte,Astrocyte,0.020358030182093367
185B8_S250,Cortex,185,2C,AST3,2782,7.931284761525891,1.961293e+06,14.489115,59667.0,10.9965515,3.0422277,65142.0,11.08434,3.3213801,14880.0,9.607841,0.75868315,False,False,2,3.1946089358929086,-0.04953726092774664,-0.3381516867213779,1.3596949648857117,-0.14143514573574067,-0.1043779639282612,-1.0338812737009633,0.0,Astrocyte,Astrocyte,-0.43705634630980195
185B9_S258,Cortex,185,2C,AST5,1732,7.457609289715606,1.332282e+06,14.102405,53185.0,10.881551,3.9920225,81601.0,11.309609,6.124904,10527.0,9.261794,0.790148,False,False,1,1.6939712300326661,-0.037299707906330054,-0.11481974943719729,2.404420027732849,-0.22289743185043334,-0.08630216964567551,-0.7882029584903812,0.0,Astrocyte,Astrocyte,-0.5376377430105448
185C10_S267,Cortex,185,2C,AST2,2134,7.666221925662725,1.806058e+06,14.406658,79912.0,11.288693,4.424664,105797.0,11.569287,5.857896,6379.0,8.760923,0.35320017,False,False,1,2.616692816462021,-0.17688975771467888,-0.21767798216656,-1.2780781203508378,-0.1115759801864624,-0.22994603051079643,-0.9266968977511229,0.0,Astrocyte,Astrocyte,-0.6490006437882756
185C11_S275,Cortex,185,2C,AST3,2132,7.665284718471351,2.031258e+06,14.524166,83176.0,11.328726,4.0948024,72595.0,11.192665,3.5738938,7939.0,8.979669,0.39084154,False,False,4,2.7185263536015496,-0.025419440700780206,-0.24597397717562589,-1.2151454836130142,-0.011130106449127198,-0.15954146662143745,-0.798672456238138,0.0,Astrocyte,Astrocyte,1.7226012721284603
185C12_S283,Cortex,185,2C,AST3,2341,7.758760544157663,2.246175e+06,14.62474,62820.0,11.048045,2.7967544,75095.0,11.226522,3.343239,9226.0,9.1298895,0.4107427,False,False,3,3.2619828956374715,-0.049591516729575305,0.47861117184764207,-1.432825381755829,-0.055669937133789066,-0.07853248625090628,-1.0920142013223926,0.0,Astrocyte,Astrocyte,-0.7396875124343847
185C2_S203,Cortex,185,2C,AST3,2386,7.77779262633883,1.660677e+06,14.322737,45653.0,10.728847,2.7490594,72563.0,11.1922245,4.369483,10154.0,9.225721,0.6114374,False,False,1,1.065546751999464,-0.07862908965978191,-0.3222409983476003,-1.2781355422735214,-0.31462161242961884,-0.2039361951327083,0.5151208474408442,0.0,Astrocyte,Astrocyte,-0.7662455469419642
185C5_S227,Cortex,185,2C,AST2,1856,7.526717561352706,1.609583e+06,14.291487,72527.0,11.191728,4.50595,95007.0,11.461717,5.9025846,5942.0,8.689969,0.36916393,False,False,1,3.5846464839137973,-0.12774958592563418,-0.24994574833397915,-1.2347102266550065,-0.06474662601947784,-0.006813028244057087,-0.7890117692587962,0.0,Astrocyte,Astrocyte,-0.5711559430386666
185C6_S235,Cortex,185,2C,AST2,1952,7.577121930876679,1.564353e+06,14.262983,52772.0,10.873755,3.3734076,83956.0,11.33806,5.3668194,8294.0,9.023408,0.53018725,False,False,1,3.6789053294176606,-0.0505807519558087,-0.16376407098288487,-0.9582919526100159,-0.19893229484558106,-0.2251616054111057,1.2092401921449594,0.0,Astrocyte,Astrocyte,-0.31287928326102055
185C7_S243,Cortex,185,2C,AST1,1735,7.459338895220296,2.208097e+06,14.607642,94685.0,11.458322,4.2880816,174051.0,12.067109,7.8823986,9135.0,9.119978,0.41370466,False,False,1,3.3110214536958704,0.038774348683093665,-0.15855736563904116,-1.2630649864673615,0.0,-0.005461849347509519,-0.8110464356053415,0.0,Astrocyte,Astrocyte,-0.5824566225774698
185C8_S251,Cortex,185,2C,AST1,1528,7.332369205929062,1.329973e+06,14.10067,94797.0,11.459503,7.127739,108480.0,11.594331,8.156557,11389.0,9.340491,0.85633314,False,False,1,4.509982834748231,-0.17188540175931538,-0.3579873340298431,-1.022499451637268,-0.046477251052856446,-0.11159085866176721,-0.542317326943479,0.0,Astrocyte,Astrocyte,-0.39402051839685204
185C9_S259,Cortex,185,2C,AST3,2178,7.68662133494462,1.742755e+06,14.370978,61377.0,11.024807,3.5218377,146953.0,11.897875,8.432223,7467.0,8.918383,0.42845953,False,False,2,2.763969271886544,-0.12423479047851946,-0.35354344471536503,-1.0169517660140992,-0.22978496730327605,-0.2104352598238473,-1.0104221479976596,0.0,Astrocyte,Astrocyte,-0.41743309415242513
185D11_S276,Cortex,185,2C,AST3,2596,7.862112211662748,2.603711e+06,14.772449,77884.0,11.262989,2.9912689,120331.0,11.6980095,4.621519,9560.0,9.165447,0.36716825,False,False,1,2.913452530493502,-0.049710422305006476,-0.23955796373010885,1.6829613947868347,-0.40757249772548676,-0.10955508670421561,-1.1904682106708162,0.0,Astrocyte,Astrocyte,-0.38555139940051686
185D1_S196,Cortex,185,2C,AST2,1407,7.249925536717988,1.243347e+06,14.0333185,41210.0,10.62646,3.3144407,82314.0,11.318309,6.6203566,5451.0,8.603738,0.43841338,False,False,1,2.26636680488378,0.0,-0.2046698524494364,-0.5965276193618775,-0.0871687626838684,-0.1045911613136831,-0.6983787357507638,0.0,Astrocyte,Astrocyte,-0.4675655583905457
185D2_S204,Cortex,185,2C,AST2,2467,7.811163385025279,1.749015e+06,14.374564,56250.0,10.937579,3.216096,58297.0,10.973323,3.333133,12433.0,9.42819,0.7108572,False,False,1,3.2188997692097736,-0.11616153393558522,-0.33322830272443366,1.8733607697486878,0.0,-0.1799102226893107,-0.7726432150931813,0.0,Astrocyte,Astrocyte,-0.7783625565705594
185D3_S212,Cortex,185,2C,AST2,2385,7.777373602657861,2.126142e+06,14.56982,77059.0,11.252339,3.624358,75841.0,11.236407,3.5670712,6736.0,8.81537,0.31681797,False,False,1,2.7574861140850464,-0.18662811463801704,-0.3446030794370054,1.935939953327179,-0.06972251892089844,-0.22536564234531287,0.7350712942717662,-0.12712095260620118,Astrocyte,Astrocyte,0.28365863120814594
185D4_S220,Cortex,185,2C,AST3,2806,7.939871576361883,2.158279e+06,14.584823,73731.0,11.208192,3.416194,63761.0,11.062913,2.954252,9820.0,9.192278,0.45499215,False,False,1,3.111085963379491,-0.04486509723279943,0.10314247674412197,1.8470197713375092,-0.18063794136047362,-0.12862893306847775,0.8724574958858777,-0.03000741720199585,Astrocyte,Astrocyte,-0.20024474303491524
185D5_S228,Cortex,185,2C,AST2,2006,7.604396348796338,1.674273e+06,14.330891,70400.0,11.1619625,4.20481,75374.0,11.230231,4.501894,4803.0,8.477204,0.28687078,False,False,1,2.8897595145011854,-0.0471076641849537,-0.2234869593321675,2.000636261701584,-0.20387383937835693,-0.13055210643344456,-1.0853374878964832,-0.10088822364807129,Astrocyte,Astrocyte,-0.6911990847531861
185D6_S236,Cortex,185,2C,AST2,2064,7.632885505395133,1.521597e+06,14.235271,69341.0,11.146806,4.55712,57041.0,10.951543,3.7487588,6199.0,8.732305,0.4074009,False,False,1,1.7161816221768742,-0.06858149904701578,-0.0998739040259159,-1.5175382208824157,1.5347807961702347,-0.1652355133885085,-0.6668391647051327,0.0,Astrocyte,Astrocyte,-0.3669235275464384
185D7_S244,Cortex,185,2C,AST2,2663,7.88758403166028,2.368136e+06,14.677614,111231.0,11.619373,4.6969852,74398.0,11.217197,3.141627,10492.0,9.258464,0.44304886,False,False,1,1.6201638823649924,-0.05409053537114781,-0.32442324706400283,-1.5400938910245896,-0.10976773262023926,-0.14307336343659294,-1.0068905829784258,-0.09594332695007324,Astrocyte,Astrocyte,-0.945744685766494
185D8_S252,Cortex,185,2C,AST2,1995,7.59890045687141,1.502625e+06,14.222725,58095.0,10.969852,3.866234,120228.0,11.697153,8.001198,4859.0,8.488793,0.32336745,False,False,1,2.2749130608605554,-0.05355273778714127,-0.23942934985112663,-1.035052740573883,-0.1847609043121338,-0.22274158699343902,-0.829142707077103,0.0,Astrocyte,Astrocyte,-0.695904687569416
185D9_S260,Cortex,185,2C,AST2,2500,7.824445930877619,2.104002e+06,14.559352,75189.0,11.227774,3.5736184,81574.0,11.3092785,3.8770876,7823.0,8.9649515,0.37181523,False,False,1,1.0928946661818877,-0.050406739340355645,2.6835763550767995,-1.3821643090248108,-0.2731368410587311,0.0178394510288431,0.3029973141512079,0.0,Astrocyte,Astrocyte,-0.8410529071505559
185E10_S269,Cortex,185,2C,AST2,2177,7.686162303492906,1.373144e+06,14.132614,41926.0,10.643685,3.053285,72618.0,11.192982,5.2884474,5637.0,8.637284,0.41051778,False,False,1,1.7495994821923677,-0.07968090377261292,-0.3119378312669619,-1.2378636831045151,-0.07545942962169647,-0.2652994490633107,-0.9073931541874181,-0.029473273754119872,Astrocyte,Astrocyte,-0.7538132111297824
185E11_S277,Cortex,185,2C,AST3,2508,7.827639546366422,2.618064e+06,14.777946,78450.0,11.270229,2.996489,83262.0,11.32976,3.1802888,14857.0,9.606294,0.5674804,False,False,1,3.3670091824453383,-0.07964987221674703,-0.2006152148800667,-1.827921769618988,-0.2692356193065643,-0.28399100688972856,-0.26034249312913604,-0.009092901945114135,Astrocyte,Astrocyte,-0.3010618075206005
185E1_S197,Cortex,185,2C,AST3,2804,7.9391588179567965,1.744421e+06,14.371934,71458.0,11.176879,4.0963736,52033.0,10.8596525,2.9828236,7381.0,8.9068,0.42312032,False,False,4,2.602693555133591,-0.11838405425824113,-0.4754494202859474,1.5630473399162292,-0.23928590297698973,-0.09022731431806931,-1.182911950140143,0.0,Astrocyte,Astrocyte,0.27804357271162616
185E2_S205,Cortex,185,2C,AST5,1181,7.074963197966044,1.022384e+06,13.837648,45583.0,10.727312,4.458501,70150.0,11.158405,6.861414,8916.0,9.095715,0.8720794,False,False,1,2.235880717553728,-0.021775481988437213,-0.11898422542244497,-0.8628167641162873,-0.009288249611854553,-0.0093820703150046,-0.6942504476662257,0.0,Astrocyte,Astrocyte,-0.27408165953593183
185E3_S213,Cortex,185,2C,AST2,2907,7.97522083865341,1.907672e+06,14.461394,89041.0,11.396864,4.6675215,59860.0,10.999781,3.137856,9080.0,9.113939,0.4759728,False,False,1,2.999539302346485,-0.09834620581200375,1.220859700983221,-1.4105414426326752,-0.15938467979431153,-0.21977726136795198,-1.176028715306191,-0.011637845039367677,Astrocyte,Astrocyte,-0.9380850435696381
185E4_S221,Cortex,185,2C,AST1,2562,7.848933726364071,1.258007e+06,14.04504,58065.0,10.969336,4.615634,54248.0,10.90134,4.3122177,8200.0,9.012012,0.65182465,False,False,1,2.2767800770170696,-0.10867418775606395,-0.3541413118140866,-1.6367433393001556,-0.19286548733711242,-0.13931603142709442,-0.9117829368342107,0.0,Astrocyte,Astrocyte,-0.397796960923827
185E5_S229,Cortex,185,2C,AST2,1805,7.498869733976931,1.801829e+06,14.404313,138126.0,11.835929,7.665877,102420.0,11.536847,5.684224,8521.0,9.050406,0.47290838,False,False,1,2.2223328762367123,-0.14636428841394394,1.2563858152639986,-1.1661316281557084,-0.13243283927440644,-0.006262617279784848,0.3747708147494637,-0.13876282691955566,Astrocyte,Astrocyte,-0.3713099909744199
185E6_S237,Cortex,185,2C,AST3,2799,7.937374696163295,2.073966e+06,14.544973,64016.0,11.066904,3.0866466,73404.0,11.203748,3.539306,7850.0,8.968396,0.37850186,False,False,1,2.8650234032198387,-0.12594082547192598,-0.3641502489947309,1.5995417857170104,-0.30558255791664124,-0.08571158876322736,-0.012350894098904774,-0.010951147079467774,Astrocyte,Astrocyte,0.0130347959038013
185E7_S245,Cortex,185,2C,AST3,3182,8.065579427282092,2.549227e+06,14.751301,113344.0,11.638191,4.446211,82057.0,11.315182,3.2188973,16220.0,9.694062,0.6362713,False,False,1,1.658853877600425,-0.12469129376675016,-0.35154518710844446,-0.5575833320617676,-0.11043536812067031,-0.1700950993431939,0.2468322241426113,0.0,Astrocyte,Astrocyte,-0.6007691574514609
185E8_S253,Cortex,185,2C,AST2,1961,7.581719640125308,1.638399e+06,14.309231,54520.0,10.906342,3.3276386,114185.0,11.645584,6.9693036,9050.0,9.110631,0.55236846,False,False,3,3.820970206964211,-0.08306112241505378,-0.30931961054753776,-1.1530951589345932,-0.2413676631450653,-0.28882710018543284,-0.7819366122610006,0.0,Astrocyte,Astrocyte,-0.6237911248644923
185E9_S261,Cortex,185,2C,AST1,2309,7.745002803515839,1.999272e+06,14.508294,73842.0,11.209697,3.6934443,80041.0,11.290307,4.003507,12464.0,9.43068,0.6234269,False,False,2,2.4753402880306448,-0.031293678822828894,0.7945036015125236,-1.0912476122379302,-0.28604948401451114,-0.1275113568161473,-0.7301700378782187,0.0,Astrocyte,Astrocyte,-0.2706476911181003
185F2_S206,Cortex,185,2C,AST3,1820,7.507141079727608,1.712916e+06,14.353708,34362.0,10.444736,2.0060527,102587.0,11.538476,5.989027,6034.0,8.705331,0.3522648,False,False,1,4.190934111511772,-0.08605461054710886,-0.30654116802745396,-1.1612062412500381,0.0,0.0,-0.8813855063975157,0.0,Astrocyte,Astrocyte,-0.3025052340977976
185F3_S214,Cortex,185,2C,AST2,2098,7.649216319820633,1.650373e+06,14.316512,51660.0,10.852458,3.1302016,190824.0,12.159112,11.562477,5277.0,8.571302,0.3197459,False,False,1,2.554119773249809,-0.043766155913846576,-0.23685761292775473,-1.5871121501922607,-0.05686975479125977,-0.09574585731583413,-0.9756004283176595,-0.05991464614868164,Astrocyte,Astrocyte,-0.6231174500836355
185F4_S222,Cortex,185,2C,AST2,2214,7.703007682479236,1.505003e+06,14.224306,85725.0,11.3589115,5.696002,73786.0,11.208938,4.9027147,9017.0,9.106977,0.59913504,False,False,2,1.459283624516159,-0.10645392971422205,-0.22349863160740246,2.18742746591568,-0.15548454403877257,-0.20301542137608383,-0.6999641567019362,0.0,Astrocyte,Astrocyte,-0.5458463849826328
185F5_S230,Cortex,185,2C,AST2,2015,7.60887062919126,1.886219e+06,14.450086,94265.0,11.453876,4.997564,71910.0,11.183185,3.8123887,12131.0,9.403602,0.64313847,False,False,1,1.997484997973416,-0.08582180109455358,0.08050460872626064,-1.4125374782085418,-0.13227237224578858,-0.14926462161420573,-0.9640043803195858,0.0,Astrocyte,Astrocyte,-0.17110542179348076
185F6_S238,Cortex,185,2C,AST2,2033,7.617759576608505,1.544354e+06,14.250117,67962.0,11.1267185,4.400675,110084.0,11.609008,7.128158,10084.0,9.218804,0.6529591,False,False,1,4.565311081422483,-0.14211167702123748,-0.13683608023807256,2.2517504930496215,-0.19313153624534607,-0.20001824094791604,-0.8820842133095516,0.0,Astrocyte,Astrocyte,-0.40632839403884835
185F8_S254,Cortex,185,2C,AST1,1366,7.220373836723949,1.366574e+06,14.127818,103842.0,11.550635,7.59871,106123.0,11.572364,7.765624,2475.0,7.8143997,0.18110985,False,False,1,2.8714123775398797,-0.10831024658739866,-0.06573977133240362,-0.4779427456855774,-0.07479705333709717,-0.08401118384467231,-0.660107310093827,0.0,Astrocyte,Astrocyte,-0.47070369756281477
185G10_S271,Cortex,185,2C,AST1,2045,7.6236419465115715,2.025396e+06,14.521276,73621.0,11.206699,3.6348944,77989.0,11.264336,3.850556,9499.0,9.159047,0.46899474,False,False,2,3.9514910197648847,-0.10820067797473927,-0.03875176774130927,-1.4343107169866562,-0.10532967209815979,-0.07993667535107545,-0.6149396806506057,-0.011179364919662475,Astrocyte,Astrocyte,0.13162212240477034
185G11_S279,Cortex,185,2C,Mural,1358,7.214504414151143,1.139969e+06,13.946512,14310.0,9.568784,1.2552973,135709.0,11.818275,11.904622,13451.0,9.506883,1.1799444,False,False,0,-2.26308792731801,-0.15147226419880164,-0.11058121136944703,-0.6701073634624481,-0.23958451747894288,-0.018140229311856357,6.1603973415029705,0.0,Mural,Mural,1.464092550895648
185G3_S215,Cortex,185,2C,AST2,1643,7.404887575616125,1.458511e+06,14.192927,47840.0,10.775639,3.2800574,123770.0,11.726189,8.486052,3450.0,8.14642,0.23654261,False,False,1,2.925428550751483,-0.06257037301758427,-0.22430828785655474,2.7506712758541108,-0.0903810453414917,-0.08473334408769703,-0.8621081305508638,0.0,Astrocyte,Astrocyte,-0.4828720988335713
185G5_S231,Cortex,185,2C,AST3,2113,7.656337166430183,1.677524e+06,14.33283,64507.0,11.074545,3.8453698,95079.0,11.462474,5.6678176,9475.0,9.156518,0.5648205,False,False,2,2.688931110126725,-0.042144569320295325,-0.1309256926931516,-1.2477561378479003,-0.17205966472625733,-0.2504785398040155,-1.0549774361615205,0.0,Astrocyte,Astrocyte,-0.6574405863607468
185G6_S239,Cortex,185,2C,AST2,1640,7.403061091090091,1.309648e+06,14.08527,59541.0,10.994437,4.546336,94047.0,11.451561,7.1810904,8903.0,9.094255,0.679801,False,False,1,3.9560720230060857,-0.0542945987615154,-0.12177959114614159,-0.3038990259170533,-0.052868545055389404,-0.20815329599862148,-0.5806003263847312,-0.015774922370910646,Astrocyte,Astrocyte,-0.4458536031051152
185G7_S247,Cortex,185,2C,AST2,2510,7.828436359157585,2.274625e+06,14.637326,131886.0,11.7897005,5.7981424,58884.0,10.983341,2.5887344,9265.0,9.134107,0.4073199,False,False,1,3.355988882278483,-0.1377064660565937,-0.20842990730748032,2.234692063331604,-0.11858180284500122,-0.09584953206958192,1.0638434024312389,-0.042184739112854,Astrocyte,Astrocyte,-0.7591596253726239
185G9_S263,Cortex,185,2C,AST3,2334,7.755767170102998,2.17922e+06,14.594478,83640.0,11.33429,3.8380704,155516.0,11.954511,7.1363153,7284.0,8.893573,0.33424804,False,False,1,3.611705681665348,-0.06683339725187676,-0.17580529595866348,-1.5359293192625045,0.0,-0.09915820877961438,-1.0923764639763376,0.0,Astrocyte,Astrocyte,-0.3535695324258533
185H10_S272,Cortex,185,2C,AST2,2264,7.725330037917135,1.111866e+06,13.921551,48782.0,10.795137,4.387399,56221.0,10.937063,5.0564547,4874.0,8.491876,0.43836218,False,False,1,2.104130415968556,1.3146541325291197,-0.2666380763655961,2.181003565788269,-0.0667103099822998,0.0,-0.9978576964469411,0.0,Astrocyte,Astrocyte,-0.8808178094671246
185H1_S200,Cortex,185,2C,AST3,2810,7.941295570906532,1.777839e+06,14.39091,51315.0,10.8457575,2.8863692,41331.0,10.629393,2.3247886,7795.0,8.961366,0.4384536,False,False,1,3.3130287817918536,-0.08785857507331886,-0.2955268910436919,1.0895829713344574,-0.16132109642028808,-0.03874683018886682,0.19965437668651798,0.0,Astrocyte,Astrocyte,-0.473282714469206
185H2_S208,Cortex,185,2C,AST1,1793,7.492203042618741,1.52597e+06,14.238142,65567.0,11.090843,4.2967424,63553.0,11.059646,4.164761,6210.0,8.734077,0.40695426,False,False,1,3.4966824458596495,-0.1392964759663721,-0.2927669380048309,1.0426551139354707,-0.23259444236755372,0.12550809828922005,-0.787966789612219,0.0,Astrocyte,Astrocyte,-0.18861850135911484
185H3_S216,Cortex,185,2C,AST2,1895,7.547501682814967,1.757957e+06,14.379663,28978.0,10.274326,1.6483907,78220.0,11.267294,4.449483,5988.0,8.6976795,0.34062266,False,False,1,2.299633379190997,-0.03758798771767161,-0.19100977074016223,-0.9521039891242981,-0.32238183498382567,-0.1295566703333999,-0.9142795226082729,-0.128007390499115,Astrocyte,Astrocyte,-0.6274530873672791
185H4_S224,Cortex,185,2C,AST3,2528,7.835579246669965,1.73561e+06,14.36687,40775.0,10.615849,2.3493183,82925.0,11.325704,4.777859,7596.0,8.935509,0.4376559,False,False,1,3.1002131632116976,-0.11699409970087023,0.5477109018600348,1.6525308346748353,-0.2212054580450058,-0.28609944594026815,0.2643094260488923,0.0,Astrocyte,Astrocyte,-0.46044731040629794
185H6_S240,Cortex,185,2C,AST2,2101,7.650644551436897,1.64122e+06,14.310951,91149.0,11.420261,5.5537343,73431.0,11.204115,4.4741716,6977.0,8.850517,0.42511058,False,False,3,2.036889752403635,-0.10739653553794976,-0.3440202263870625,-1.4688110506534577,-0.08744446635246277,-0.0887950345723316,-0.9403091028108069,-0.21785223007202148,Astrocyte,Astrocyte,-0.6792486282018867
185H7_S248,Cortex,185,2C,Endothelial,1746,7.465655310134056,1.697005e+06,14.344377,60066.0,11.003216,3.5395298,131520.0,11.7869215,7.7501245,26643.0,10.190319,1.5700012,False,False,5,-2.696600874916452,-0.37638969277616724,-0.41806583392499674,-1.0289701926708221,-0.2983543622493744,9.048320433106085,4.924389005306378,-0.26753983497619627,Endothelial,Endothelial,1.1702394619310441
185H8_S256,Cortex,185,2C,AST2,1672,7.422373700986824,1.442619e+06,14.181972,62781.0,11.047423,4.3518767,111731.0,11.623858,7.7450113,3979.0,8.289037,0.27581778,False,False,1,2.4503156155184964,-0.04145434633571299,-0.05780235866103509,-1.3667078244686126,-0.12191908955574035,-0.0837362872229682,-0.6252908856425453,0.0,Astrocyte,Astrocyte,-0.5590875849923825
185H9_S264,Cortex,185,2C,AST2,2682,7.894690850425624,1.774567e+06,14.389068,87021.0,11.373917,4.9037876,58987.0,10.985089,3.324022,9947.0,9.205127,0.56053114,False,False,1,1.9022503856752744,-0.061282811452395954,-0.28170576360490585,2.240097324848175,-0.2183507776260376,-0.1544761886500349,-1.0038262854269402,0.0,Astrocyte,Astrocyte,-0.8705408924410061
188A11_S369,Hippocampus,188,2H,AST3,1955,7.578656850594762,2.251281e+06,14.62701,75267.0,11.22881,3.3432965,108772.0,11.597018,4.83156,9736.0,9.183688,0.4324649,False,False,3,2.639076789220174,-0.04635029222497988,-0.25397217905882635,0.2656325370073318,-0.07336211204528809,-0.07696852720145023,-0.6897348491989788,0.0,Astrocyte,Astrocyte,-0.0889251409331725
188A1_S289,Hippocampus,188,2H,Mural,1737,7.460490305825338,1.421752e+06,14.167401,23502.0,10.064883,1.6530309,142951.0,11.870264,10.054566,12601.0,9.441611,0.88630086,False,False,0,-2.919178626576408,-0.0867581541214756,-0.4027231209205859,3.1300484955310823,-0.05334243059158325,-0.1491909015058267,6.388993175784547,-0.01523308277130127,Mural,Mural,2.33282491303545
188A4_S313,Hippocampus,188,2H,AST1,2793,7.935229539816907,1.950255e+06,14.483471,79608.0,11.284883,4.081928,62214.0,11.038351,3.1900444,9032.0,9.10864,0.4631189,False,False,3,3.123229224825165,-0.16924331236125237,-0.21274645250253002,-1.7113510477542877,-0.2352055561542511,-0.07982222419796568,-0.92987975732765,0.0,Astrocyte,Astrocyte,0.3169251097263597
188A5_S321,Hippocampus,188,2H,AST1,2404,7.785305182539862,1.971778e+06,14.494447,51099.0,10.841539,2.5915189,65896.0,11.095848,3.3419583,8334.0,9.028219,0.42266423,False,False,2,2.1414615192699946,-0.13124942899349346,-0.2033742539810412,2.27367044210434,-0.18295802891254426,-0.1667281738435379,-0.7358088409481336,-0.08450013160705566,Astrocyte,Astrocyte,-0.2888136445381406
188A7_S337,Hippocampus,188,2H,AST4,2771,7.927324360309794,1.577688e+06,14.271472,93735.0,11.448237,5.941289,58325.0,10.9738035,3.6968653,16571.0,9.715469,1.0503345,False,False,6,2.604733391863401,-0.21232762198951377,-0.42580007212330595,-1.6440391331911086,-0.2494274127483368,-0.3472759151699567,-1.5013975264439032,-0.06079730153083801,Astrocyte,Astrocyte,-0.5510097025133334
188A8_S345,Hippocampus,188,2H,AST1,1763,7.475339236566737,1.325688e+06,14.097443,35854.0,10.487238,2.704558,77842.0,11.262449,5.871819,2274.0,7.7297354,0.17153357,False,False,2,3.112670046384217,-0.13124578442405815,-0.19699718253781098,2.4835621166229247,-0.05371143102645874,-0.34260631691325794,1.4765564173310246,0.0,Astrocyte,Astrocyte,-0.6835123095568114
188B11_S370,Hippocampus,188,2H,Mural,1488,7.305860032684009,1.333748e+06,14.103504,30196.0,10.315498,2.263996,88387.0,11.389491,6.6269646,13084.0,9.479222,0.98099494,False,False,0,-2.349806644551741,-0.1621861221203253,-0.3645677509331944,-0.8269449055194855,-0.22756074190139772,-0.2658433637233696,5.780517876447744,0.0,Mural,Mural,0.3473170331006058
188B12_S378,Hippocampus,188,2H,AST3,1829,7.512071245835466,1.829479e+06,14.419542,67600.0,11.121378,3.695041,77536.0,11.258511,4.238147,6142.0,8.723068,0.335724,False,False,3,3.968741628641639,-0.11113411098269362,-0.1570747774658781,2.1999779081344606,-0.01211525797843933,-0.13675110508697202,-0.6153918369930593,0.0,Astrocyte,Astrocyte,0.21714449968680316
188B1_S290,Hippocampus,188,2H,Mural,1480,7.300472814267799,1.247336e+06,14.036522,25361.0,10.141007,2.0332131,85671.0,11.358281,6.8683176,11441.0,9.345046,0.91723484,False,False,0,-2.4612787847961886,-0.18227145480151152,-0.23147029467303343,1.3313289177417755,-0.16176623821258546,-0.07633394544774835,5.550294163838104,-0.098576819896698,Mural,Mural,2.192320670689983
188B2_S298,Hippocampus,188,2H,AST2,1461,7.2875606403097235,1.103129e+06,13.913662,44071.0,10.69358,3.9950902,101908.0,11.531836,9.238085,1860.0,7.528869,0.16861129,False,False,3,3.821616361050007,-0.11744004278326753,-0.212025098126344,-0.7944580936431884,-0.13366472244262695,-0.09925964866021666,-0.6155153303290132,0.0,Astrocyte,Astrocyte,-0.4179645693162845
188B3_S306,Hippocampus,188,2H,AST4,2430,7.796057974316123,1.509017e+06,14.22697,78774.0,11.274351,5.2202196,52945.0,10.8770275,3.5085757,29328.0,10.286332,1.943517,False,False,6,1.0274744952311279,-0.1173395074192603,1.270404161828937,-0.9568600952625275,-0.1809527826309204,-0.33712955075080947,-1.0211828569671018,5.001003913879394,Astrocyte,Astrocyte,-0.32588040077427594
188B4_S314,Hippocampus,188,2H,AST1,3178,8.064321960910803,2.016918e+06,14.517081,76223.0,11.241431,3.779182,66579.0,11.106159,3.3010266,8869.0,9.09043,0.43973035,False,False,2,3.606957213474753,-0.09724818731672201,-0.24292206643807768,1.5783673352003098,1.2769757479429245,-0.16490122946825894,-1.1619473252464179,-0.09381994605064392,Astrocyte,Astrocyte,-0.6067845292501338
188B5_S322,Hippocampus,188,2H,AST1,2088,7.644440761556566,2.06819e+06,14.542185,59460.0,10.993076,2.8749776,88348.0,11.3890505,4.2717547,4896.0,8.496378,0.23672874,False,False,1,3.804898221636078,-0.1160336274597513,-0.13862052228715685,-0.8442312973737717,-0.12862791001796722,-0.1228444299312553,0.8610323146360004,0.0,Astrocyte,Astrocyte,1.123333680516541
188B6_S330,Hippocampus,188,2H,AST1,2170,7.682943169878292,1.830617e+06,14.420164,60509.0,11.010564,3.3053882,88014.0,11.3852625,4.807887,6762.0,8.8192215,0.36938366,False,False,3,3.224196258138438,-0.060114353745426966,-0.1186961778486618,2.0799574011564257,-0.2250164645910263,-0.11154236456360479,-0.9951848019307582,-0.13565105438232422,Astrocyte,Astrocyte,-0.47275181607232863
188B7_S338,Hippocampus,188,2H,Mural,1682,7.428333194190806,1.336373e+06,14.105471,42085.0,10.64747,3.1491957,79206.0,11.27982,5.926938,12220.0,9.410912,0.91441536,False,False,0,-2.9127028095917624,-0.16209698921471985,-0.3555379275119666,3.022770874500275,-0.29815104842185974,1.9152828298433864,5.808276485857652,0.0,Mural,Mural,0.34632610466847435
188B8_S346,Hippocampus,188,2H,AST1,2463,7.80954132465341,1.827747e+06,14.418595,53620.0,10.889696,2.9336665,66702.0,11.108006,3.649411,8751.0,9.077038,0.47878617,False,False,2,3.35834250749786,-0.042324166801107586,-0.3057709516900958,-1.475037968158722,-0.23350043177604676,-0.14560336777658173,-1.10568208191263,0.0,Astrocyte,Astrocyte,0.23476868620350688
188B9_S354,Hippocampus,188,2H,AST3,2274,7.729735331385051,1.423747e+06,14.168803,57073.0,10.952104,4.0086474,61147.0,11.021052,4.294794,4374.0,8.383662,0.3072175,False,False,3,3.9292263971651833,0.9997678231354334,-0.1706437829769019,0.9293993735313415,-0.16363750100135804,-0.06834603198850998,-0.5958282731885287,0.0,Astrocyte,Astrocyte,-0.39858541007033965
188C11_S371,Hippocampus,188,2H,AST1,1666,7.418780882750794,1.540529e+06,14.247637,54529.0,10.906507,3.5396283,73168.0,11.200527,4.7495375,6671.0,8.805675,0.43303305,False,False,2,4.46877268624436,-0.060454634266283044,-0.06113037918553208,-0.94372554063797,-0.09080409824848175,-0.05558841878717596,-0.5706345564755962,0.0,Astrocyte,Astrocyte,-0.5159909168945529
188C12_S379,Hippocampus,188,2H,AST1,2202,7.697575346802343,2.095601e+06,14.555351,72823.0,11.195801,3.4750414,164503.0,12.01069,7.84992,7367.0,8.9049015,0.35154593,False,False,3,2.8800381718437533,-0.10311245678657263,-0.23752755619058705,-1.4996289014816284,-0.14349645972251893,-0.1376796792251895,-0.798796087054152,0.0,Astrocyte,Astrocyte,-0.2847348811829429
188C1_S291,Hippocampus,188,2H,AST3,2445,7.802209316247118,1.380162e+06,14.1377125,32251.0,10.381335,2.3367546,51257.0,10.844627,3.7138395,6229.0,8.737132,0.4513238,False,False,2,2.71022282011522,-0.13317882475541465,-0.295062435997857,-1.6126857590675354,-0.1380140733718872,-0.15838370178685043,-0.7699009383743133,-0.12365021705627441,Astrocyte,Astrocyte,-0.3207267785510157
188C2_S299,Hippocampus,188,2H,AST1,2243,7.716015266642587,1.45895e+06,14.193229,33230.0,10.411239,2.2776654,121570.0,11.708254,8.332705,4835.0,8.483843,0.33140272,False,False,3,3.5932737230603164,-0.10534136978226091,0.5808745219249918,2.8264845001697543,-0.11875133752822876,-0.0660313403967655,-0.9721546550491946,-0.10026830673217774,Astrocyte,Astrocyte,-0.18262453137186418
188C4_S315,Hippocampus,188,2H,AST1,2354,7.764296006450518,1.8168e+06,14.412588,51219.0,10.843885,2.8191876,122418.0,11.715205,6.7381105,8329.0,9.027618,0.4584434,False,False,2,2.126537267301903,-0.21186644707492847,-0.2603716765991365,-1.2126018512248993,-0.1065587443113327,-0.1546045132357665,-0.9552529478192928,0.0,Astrocyte,Astrocyte,-0.479110727674376
188C5_S323,Hippocampus,188,2H,Mural,1513,7.322510433997394,1.39437e+06,14.147954,25177.0,10.133726,1.8056182,124946.0,11.735645,8.96075,11401.0,9.341544,0.81764525,False,False,0,-2.4130205639073106,-0.22973443754953354,0.8640563162890347,2.8794358253479,-0.2265170097351074,-0.24752725254405628,6.0472093185587745,-0.2696977996826172,Mural,Mural,3.6659051993852465
188C7_S339,Hippocampus,188,2H,Mural,1241,7.124478262493424,1.358394e+06,14.121815,29104.0,10.278666,2.1425302,131633.0,11.787781,9.69034,11682.0,9.3658905,0.8599861,False,False,0,-2.5756561901074293,-0.05006451403076325,-0.18238141319968484,-0.3929266804456711,0.1884219789505005,-0.30976103411780465,6.627127442228135,0.0,Mural,Mural,5.358176660358607
188C8_S347,Hippocampus,188,2H,AST1,2619,7.8709295967551425,1.915624e+06,14.465554,88036.0,11.385512,4.5956826,52322.0,10.865191,2.7313294,7796.0,8.961494,0.4069692,False,False,2,3.7213059181724084,-0.11903333544132098,-0.36459142361024416,-1.2856220042705535,-0.26051140487194063,-0.21903656588660347,-1.1673472233154067,0.0,Astrocyte,Astrocyte,-0.8911697406116531
188C9_S355,Hippocampus,188,2H,AST1,1552,7.347943823148687,1.082041e+06,13.894361,39948.0,10.595359,3.6919117,67683.0,11.122605,6.2551236,3835.0,8.252186,0.35442278,False,False,3,3.1106532121616635,-0.056059444669503064,-0.22832834269061233,2.5225230729579926,-0.20744184970855714,-0.07608365530919547,-0.6053103684779987,0.0,Astrocyte,Astrocyte,-0.389732576427804
188D10_S364,Hippocampus,188,2H,AST1,2560,7.848153086199526,2.145045e+06,14.578671,106677.0,11.57757,4.9731827,74113.0,11.21336,3.455079,15697.0,9.661288,0.7317795,False,False,2,3.3964366515477504,-0.19594158419412583,-0.23285765569619457,-1.3708080291748046,-0.09362622261047364,-0.09450545515676942,-0.7929456069241816,-0.010663074254989625,Astrocyte,Astrocyte,-0.8070532884542054
188D11_S372,Hippocampus,188,2H,AST1,1610,7.384610383176974,1.277204e+06,14.0601845,70428.0,11.16236,5.5142326,69993.0,11.156165,5.480174,4183.0,8.339023,0.3275123,False,False,1,2.6020412171473266,-0.07455206965681296,-0.17973999212486574,2.5438126212358476,-0.1333853554725647,-0.235074591155004,-0.5236627321746481,-0.0422167158126831,Astrocyte,Astrocyte,-0.21233329982908822
188D12_S380,Hippocampus,188,2H,AST1,1937,7.569411792450712,2.101484e+06,14.558155,61797.0,11.031627,2.9406364,111468.0,11.621502,5.3042517,9023.0,9.107643,0.42936328,False,False,3,3.907079196367108,-0.03173342182408625,-0.14365339640415076,-1.16493681371212,-0.08315869748592376,-0.19196580154727202,1.149630400703181,0.0,Astrocyte,Astrocyte,-0.6215421680815033
188D1_S292,Hippocampus,188,2H,AST3,1968,7.585281078639126,1.569904e+06,14.266525,68016.0,11.127513,4.3324943,90946.0,11.418033,5.793093,3235.0,8.082093,0.20606355,False,False,3,2.3785535351174776,1.2539943884964564,-0.0987210933006171,0.2527227628231048,-0.020635016560554505,-0.21861809492111206,-0.9066717888242636,0.0,Astrocyte,Astrocyte,-0.577449019146284
188D2_S300,Hippocampus,188,2H,AST1,1968,7.585281078639126,1.588654e+06,14.2783985,54067.0,10.897998,3.4033213,67234.0,11.11595,4.2321362,5779.0,8.662159,0.36376706,False,False,3,3.6809158299138645,-0.10619658561208141,-0.07954267540363351,-0.9102283668518066,-0.11982138633728028,-0.06992547198979542,-0.9010549753754582,0.0,Astrocyte,Astrocyte,-0.4483595316816053
188D4_S316,Hippocampus,188,2H,AST3,2750,7.919719760924575,1.971438e+06,14.494274,82367.0,11.318953,4.178016,72126.0,11.186184,3.6585476,8743.0,9.076123,0.44348338,False,False,3,3.167217977385703,-0.059743505027425946,-0.2788254841409548,2.3723510485887527,-0.15649676859378814,-0.019859788393733476,-1.0936877188371055,0.0,Astrocyte,Astrocyte,-0.5111262083476493
188D5_S324,Hippocampus,188,2H,AST4,2505,7.826443135456014,1.468675e+06,14.199872,84591.0,11.345595,5.759681,75514.0,11.232086,5.141641,12710.0,9.450223,0.8654059,False,False,3,2.424892589042747,-0.09636730554714874,-0.28477504126953357,-1.5618294179439545,-0.17016998291015628,-0.1169345270503651,-1.1389527216029527,0.0,Astrocyte,Astrocyte,-0.4437597392496959
188D7_S340,Hippocampus,188,2H,AST2,1471,7.294377299288821,1.659221e+06,14.321859,92044.0,11.430033,5.5474224,108927.0,11.598442,6.564948,3999.0,8.294049,0.24101672,False,False,1,4.920273433617554,-0.020836765143140475,-0.16071434815724692,-0.44353674590587616,-0.05707997798919678,-0.11722160409195255,-0.5253211754051286,0.0,Astrocyte,Astrocyte,0.04300345706820291
188D9_S356,Hippocampus,188,2H,AST1,2157,7.67693714581808,1.740772e+06,14.36984,72074.0,11.185463,4.140347,81609.0,11.309707,4.688092,7347.0,8.902184,0.4220541,False,False,2,3.670457804789309,-0.03587634359771882,-0.14567198416199348,2.0445112788677218,-0.2312150478363037,-0.06939107239848435,1.182115403851073,-0.03371106147766113,Astrocyte,Astrocyte,-0.6929882631477012
188E10_S365,Hippocampus,188,2H,AST1,1299,7.170119543449628,1.683814e+06,14.336573,61083.0,11.020005,3.6276572,119220.0,11.688734,7.0803547,5508.0,8.614139,0.3271145,False,False,1,3.7758384649870824,-0.0609335072675542,1.2119351354512302,-0.3372907793521881,-0.15725434482097625,-0.21696131157152582,-0.5784216418338182,-0.040381364822387696,Astrocyte,Astrocyte,0.5155133820435838
188E12_S381,Hippocampus,188,2H,Mural,1795,7.493317248862145,2.121776e+06,14.567764,18319.0,9.815748,0.86338043,104101.0,11.553126,4.9063144,15153.0,9.6260195,0.71416587,False,False,0,-1.5787809188248683,-0.23453382211713936,-0.3554452160994212,2.839930258989334,-0.5773447102308273,-0.35974727917199184,6.302461601681446,-0.10829419136047364,Mural,Mural,3.9441350480550916
188E1_S293,Hippocampus,188,2H,AST1,1465,7.290292882446597,931012.0,13.744028,34669.0,10.45363,3.7237973,73779.0,11.208843,7.924602,3679.0,8.210668,0.3951614,False,False,2,2.8740360391595976,0.0,-0.194464567935828,-0.966567941904068,-0.13973090767860413,0.0,-0.6036547494294057,0.0,Astrocyte,Astrocyte,-0.5217243224034126
188E2_S301,Hippocampus,188,2H,AST3,1995,7.59890045687141,1.49339e+06,14.21656,68814.0,11.139177,4.6079054,64080.0,11.0679035,4.290909,3589.0,8.185907,0.24032569,False,False,3,3.936987568120488,-0.09068231247178274,-0.2038845738979301,0.6340618896484376,-0.06299664497375489,-0.05595553523362285,-0.8651933340571034,0.0,Astrocyte,Astrocyte,-0.18360855657986686
188E3_S309,Hippocampus,188,2H,AST1,1937,7.569411792450712,1.335613e+06,14.104901,45687.0,10.729591,3.4206767,59066.0,10.986427,4.422389,5243.0,8.56484,0.3925538,False,False,3,3.381623483746429,-0.1726113635690967,-0.28044723200075555,1.1048114490509033,0.25633195638656614,-0.08489451023063274,-0.736580525810395,-0.12761222839355468,Astrocyte,Astrocyte,-0.5217830203286993
188E4_S317,Hippocampus,188,2H,AST1,1802,7.497207223203318,1.136276e+06,13.943268,36885.0,10.515588,3.2461305,98781.0,11.50067,8.693398,6839.0,8.830543,0.60187846,False,False,3,3.080173036439822,-0.06972067380071285,-0.12934176789389717,-0.7998411941528321,-0.19147826194763184,-0.05130702558189931,-0.6600602535746205,0.0,Astrocyte,Astrocyte,-0.5463448573830529
188E5_S325,Hippocampus,188,2H,AST3,1767,7.477604243197589,1.579359e+06,14.272531,60033.0,11.002666,3.8010993,80873.0,11.300648,5.1206217,4775.0,8.471358,0.30233786,False,False,3,2.4899789153552447,-0.12230061106945402,-0.18471123774846396,-0.9555158543586731,-0.05296083450317383,-0.013731486869580818,-0.6792929196477535,-0.061060683727264406,Astrocyte,Astrocyte,-0.5607042617113244
188E6_S333,Hippocampus,188,2H,AST1,1839,7.517520850603031,1.628347e+06,14.303077,109529.0,11.603953,6.726392,110532.0,11.61307,6.7879877,7001.0,8.853951,0.4299452,False,False,3,2.672951633161534,-0.025079873339015634,-0.127212230906342,-1.1142016071081162,-0.05789904713630676,-0.04142056992559722,-0.5760702633827774,0.0,Astrocyte,Astrocyte,-0.6279156848862891
188E8_S349,Hippocampus,188,2H,Mural,1341,7.201916317531627,1.364767e+06,14.126495,14337.0,9.570668,1.050509,126370.0,11.746978,9.259456,10191.0,9.229359,0.7467209,False,False,0,-1.4905489305329451,-0.09247537354129044,-0.217159183338435,3.597139654159546,0.125010769367218,-0.27677913265998916,5.720048886447696,-0.10820843696594239,Mural,Mural,2.944194064613973
188E9_S357,Hippocampus,188,2H,AST1,1984,7.59337419312129,1.679806e+06,14.334189,45531.0,10.726171,2.7104917,86534.0,11.368304,5.151428,6601.0,8.795128,0.39296207,False,False,1,2.224044684503899,-0.031267600742416767,-0.19860165648990208,0.6170609694719316,-0.010409612655639649,-0.07394597686902442,0.41857536803537876,0.0,Astrocyte,Astrocyte,-0.17153077456907362
188F10_S366,Hippocampus,188,2H,AST2,1739,7.461640392208575,1.426501e+06,14.170736,54060.0,10.897868,3.7896924,85567.0,11.357067,5.9983835,4379.0,8.384804,0.30697492,False,False,1,2.9270461035556483,-0.1139369609966949,3.557601501243283,2.7408203029632565,1.5482106804847717,-0.05588557985093859,-0.5771061676231461,0.0,Astrocyte,Astrocyte,-0.5964081944129702
188F11_S374,Hippocampus,188,2H,AST2,2415,7.789868559054706,2.180753e+06,14.595181,88513.0,11.390916,4.0588274,76923.0,11.250573,3.5273597,10369.0,9.246673,0.475478,False,False,3,3.945693194540471,-0.0849817811544217,-0.2720964563013327,2.0230007243156436,-0.08332397818565368,-0.03264348073439165,-0.9563773906410639,0.0,Astrocyte,Astrocyte,-0.27454147867248935
188F1_S294,Hippocampus,188,2H,AST1,1338,7.199678345691172,1.008674e+06,13.824148,26877.0,10.199063,2.6645875,65126.0,11.084094,6.4565954,966.0,6.8741984,0.0957693,False,False,3,3.2855348678234497,-0.06630991781177233,-0.14674149739621867,-0.3630449885129929,-0.08179132461547851,-0.0641664085966168,-0.6123360587124849,0.0,Astrocyte,Astrocyte,-0.3196139322696425
188F4_S318,Hippocampus,188,2H,AST5,1390,7.237778191923443,1.272548e+06,14.056533,97327.0,11.485842,7.648199,84512.0,11.344661,6.641164,5913.0,8.685078,0.4646583,False,False,2,3.2146143372593032,-0.004024586785378767,-0.11590949754522305,-0.6936955851316452,-0.008008927702903748,-0.10868272697082673,-0.4200046436121715,0.0,Astrocyte,Astrocyte,-0.486251773539688
188F6_S334,Hippocampus,188,2H,AST1,1253,7.134093721192866,1.175964e+06,13.9776,52158.0,10.862052,4.43534,100534.0,11.518261,8.549071,2550.0,7.8442407,0.21684337,False,False,1,3.5095354943978982,-0.12254560652689718,-0.31804311516309025,-0.6445940017700196,-0.13538263797760008,-0.09657221611100014,1.174448126524537,-0.11385169982910157,Astrocyte,Astrocyte,0.3315940258747747
188F7_S342,Hippocampus,188,2H,AST4,2434,7.79770203551669,1.385223e+06,14.141373,74110.0,11.213319,5.350041,80562.0,11.296795,5.8158145,7853.0,8.968779,0.56691235,False,False,3,0.9049357117199506,-0.08197758784845247,-0.17170159624080467,-1.5493301451206207,-0.16118480682373046,-0.2245304741040625,0.5695395619425941,0.0,Astrocyte,Astrocyte,-0.6501807907537148
188F8_S350,Hippocampus,188,2H,Microglial,2022,7.612336837167746,1.77523e+06,14.3894415,26834.0,10.197462,1.5115788,105952.0,11.570751,5.9683537,27557.0,10.224049,1.5523059,False,False,9,-1.054788930331423,-0.3698989188850825,-0.397631899877028,-1.0548733013868332,9.052476372718811,-0.28440076835227734,-0.5823868495884852,0.0,Microglia/macrophage,Microglial,3.7994895808473355
188F9_S358,Hippocampus,188,2H,AST4,2619,7.8709295967551425,2.248217e+06,14.6256485,68630.0,11.136499,3.0526412,68369.0,11.132689,3.041032,11551.0,9.354614,0.5137849,False,False,4,1.6562774614558187,-0.10667956144965474,-0.26499859010330357,2.164811624288559,-0.12989136517047883,-0.16366925685092656,-1.2244399531402779,0.0,Astrocyte,Astrocyte,2.506685776782155
188G10_S367,Hippocampus,188,2H,Neuronal,2877,7.964850887447313,1.933882e+06,14.47504,30755.0,10.33384,1.5903245,74496.0,11.218514,3.852148,37200.0,10.524091,1.923592,False,False,7,-2.576669526881859,5.340769105221159,-0.29862797982764966,-1.513641627430916,-0.42335205793380737,-0.617779623980474,-1.2014631260579556,0.0,Neuron,Neuronal,1.1980945239580534
188G11_S375,Hippocampus,188,2H,AST1,1802,7.497207223203318,1.5821e+06,14.274264,65868.0,11.095424,4.163327,109734.0,11.6058235,6.9359713,4817.0,8.480114,0.30446875,False,False,2,3.7413058906305032,-0.03723637063299591,-0.1909700632095337,-0.9072794055938721,-0.05416674017906189,-0.03108765862204812,-0.5802605921898655,0.0,Astrocyte,Astrocyte,-0.008503385721542633
188G1_S295,Hippocampus,188,2H,AST1,1801,7.496652438168283,1.162532e+06,13.966112,42394.0,10.654786,3.6466951,66787.0,11.109279,5.7449603,5553.0,8.622273,0.47766426,False,False,2,2.783435575297622,-0.10981639186341559,-0.2126169517786816,-0.8893353915214539,-0.008468437194824218,-0.051884029850815284,-0.6056726661758807,0.0,Astrocyte,Astrocyte,-0.17187477202964746
188G3_S311,Hippocampus,188,2H,AST1,1919,7.560080465021827,1.467437e+06,14.199029,27807.0,10.233079,1.8949366,66784.0,11.109234,4.551064,8475.0,9.044994,0.5775376,False,False,2,4.065298327982752,-0.08851117943998557,-0.11097910548701431,2.142030084133148,-0.08154061317443848,-0.0946483298985645,-0.7224597954869869,-0.014283075332641601,Astrocyte,Astrocyte,-0.5384481598021391
188G4_S319,Hippocampus,188,2H,AST4,2130,7.664346632098617,1.426261e+06,14.1705675,51689.0,10.85302,3.6240914,73433.0,11.204143,5.148637,9815.0,9.191769,0.688163,False,False,3,1.3090549909351958,-0.1358501096466678,-0.4481915024795918,-0.6042902648448945,-0.08949317812919616,-0.1971813729315093,-0.9676156990492164,0.0,Astrocyte,Astrocyte,-0.324627469348191
188G7_S343,Hippocampus,188,2H,(none),1144,7.0431599159883405,1.313278e+06,14.0880375,52580.0,10.8701105,4.0037217,86832.0,11.371742,6.611852,2582.0,7.8567066,0.19660728,False,False,3,4.2072446001032,-0.050814433313494355,-0.29359329469276196,-0.7483425271511078,-0.05717750549316406,-0.02374210140921853,-0.5964689781917399,0.0,Astrocyte,(none),-0.25636363347902125
188G8_S351,Hippocampus,188,2H,AST1,1512,7.321849713788356,1.07523e+06,13.888046,59419.0,10.992386,5.5261664,132956.0,11.797781,12.365355,3405.0,8.133294,0.31667644,False,False,2,4.073192084421877,-0.09304942078326815,-0.14680409913111214,1.1949503916501998,0.23388291895389557,-0.03441427512602373,-0.40752180654499404,-0.1293913459777832,Astrocyte,Astrocyte,-0.5260869149174634
188G9_S359,Hippocampus,188,2H,AST1,2418,7.791109510610028,1.763271e+06,14.382682,51283.0,10.845134,2.9084015,55898.0,10.931302,3.1701312,5903.0,8.683386,0.33477554,False,False,2,2.1642269254382196,-0.13262295693009343,-0.2456149094634586,-1.168229730129242,-0.2468960839509964,-0.15935508771376175,-1.2375374376474313,-0.01993299722671509,Astrocyte,Astrocyte,-0.608735441583176
188H10_S368,Hippocampus,188,2H,Mural,1627,7.395107546562485,1.688935e+06,14.339609,25219.0,10.135392,1.4931895,96458.0,11.476873,5.711173,10041.0,9.214532,0.59451663,False,False,0,-2.2727640434041048,-0.13289639218967764,-0.22019075805490668,-1.2014778184890746,-0.12550376415252684,-0.10198898267264318,6.308828175666943,0.0,Mural,Mural,5.176930435163549
188H11_S376,Hippocampus,188,2H,AST1,1583,7.367708572374371,1.725164e+06,14.360833,36148.0,10.495404,2.095337,151025.0,11.925207,8.75424,5774.0,8.661294,0.3346928,False,False,2,4.483711129329244,-0.15970196975535483,-0.22730437252256605,-0.817679488658905,0.0850344729423523,-0.15792181997588187,-0.7626734109380138,0.0,Astrocyte,Astrocyte,-0.4239328417037684
188H1_S296,Hippocampus,188,2H,AST4,2771,7.927324360309794,1.750452e+06,14.375385,97981.0,11.492539,5.5974684,54210.0,10.90064,3.0969145,25164.0,10.133209,1.4375715,False,False,6,1.27942070902371,-0.05325018101601146,-0.42126924582202024,-1.1807361590862273,-0.05406309247016908,-0.5167748867863357,-1.1365120997980012,-0.14586931705474854,Astrocyte,Astrocyte,-0.1364165887311225
188H2_S304,Hippocampus,188,2H,AST1,2010,7.606387389772652,1.454455e+06,14.190143,62839.0,11.048347,4.32045,85363.0,11.35468,5.869071,5132.0,8.543446,0.35284695,False,False,3,2.7392409118146848,-0.05672743661918832,-0.15521180328696665,2.960851770043373,-0.027255350947380064,-0.10351485676235622,-0.6192183383745165,0.0,Astrocyte,Astrocyte,-0.03707695251116172
188H3_S312,Hippocampus,188,2H,AST4,2638,7.878155336503324,1.982596e+06,14.499918,72482.0,11.191108,3.6559138,62861.0,11.048697,3.1706407,13360.0,9.500095,0.67386395,False,False,6,2.361530541070824,-0.17952132494605366,-0.21605719189451197,-1.2197403740882873,-0.06583922266960145,-0.21482948040721392,-1.3475393970408032,0.0,Astrocyte,Astrocyte,-0.43755757699227693
188H4_S320,Hippocampus,188,2H,AST4,2568,7.851271997109883,2.073638e+06,14.544816,92108.0,11.430728,4.4418554,69653.0,11.151296,3.358976,13549.0,9.514142,0.65339273,False,False,6,2.3874533827839004,-0.17152166366577148,-0.13233080957875107,-0.9129004245996475,-0.43822105050086974,-0.31410515248173415,-1.2370289195722073,0.0,Astrocyte,Astrocyte,-0.006106774538805149
188H6_S336,Hippocampus,188,2H,AST1,1903,7.55171221535131,1.685371e+06,14.337497,75650.0,11.233886,4.488626,78329.0,11.268686,4.647582,3705.0,8.217709,0.2198329,False,False,3,2.6490027174923583,-0.0756108341504581,-0.20892687638600668,2.0842716217041017,-0.006458473205566406,-0.17277064467921402,-0.631969744236625,-0.012916946411132812,Astrocyte,Astrocyte,-0.34001050929294807
188H7_S344,Hippocampus,188,2H,AST4,2487,7.81923445385907,1.741783e+06,14.37042,37536.0,10.533082,2.155033,104819.0,11.559999,6.017914,15893.0,9.6736965,0.91245586,False,False,6,1.5601889852617612,-0.057075233615223486,-0.255023682358289,-1.1161224514245986,-0.05739186763763428,-0.39529013934761587,-0.9378693235579447,-0.07391931533813477,Astrocyte,Astrocyte,1.0777473573779721
188H8_S352,Hippocampus,188,2H,AST4,2743,7.917171988845776,1.798879e+06,14.402675,75376.0,11.230257,4.190165,85032.0,11.350795,4.726944,10431.0,9.252633,0.5798611,False,False,6,2.7918949283537318,-0.12782104500574082,-0.3170797590053443,-1.673759136199951,-0.226690810918808,-0.06892764688742284,-1.0609614849090576,0.0,Astrocyte,Astrocyte,-0.268369603336156
188H9_S360,Hippocampus,188,2H,AST1,1591,7.3727463664043285,1.55132e+06,14.254618,33313.0,10.4137335,2.147397,82008.0,11.314585,5.286337,4202.0,8.343554,0.2708661,False,False,3,4.155854535233129,-0.039986342041935755,-0.17100155052512583,-1.2494148087501527,-0.046713255643844605,-0.0370920884488809,-0.6187474847438946,0.0,Astrocyte,Astrocyte,-0.3714759922734087
18A3_S113,Hippocampus,18,1H,Mural,1409,7.251344983372214,943495.0,13.757347,22285.0,10.011714,2.3619628,64137.0,11.068792,6.79781,11649.0,9.363062,1.2346648,False,False,0,-1.608256469333107,-0.2289924094425374,-0.38714017229850844,3.027977179288864,-0.1601899540424347,-0.32672163211938104,5.394970698572283,0.0,Mural,Mural,5.722481257429903
18A6_S137,Hippocampus,18,1H,AST3,2034,7.618251097876695,1.476542e+06,14.2052145,69875.0,11.154477,4.732341,117279.0,11.672319,7.9428153,3470.0,8.152198,0.23500857,False,False,1,3.9055573028293455,-0.03914854574443108,-0.11538576718532678,2.21204580783844,-0.21003638982772826,-0.00736695829063955,-0.7449552359892495,-0.014586577415466309,Astrocyte,Astrocyte,-0.5252604804970387
18A7_S145,Hippocampus,18,1H,AST1,2314,7.747164966520335,1.882533e+06,14.44813,72706.0,11.194193,3.862137,62285.0,11.039492,3.3085742,6571.0,8.790573,0.349051,False,False,2,3.7897392231258547,-0.08504393591952683,-0.30687287600353513,-1.151308296918869,-0.19819520711898803,-0.1341741831615718,1.1006452875520716,4.50824499130249,Astrocyte,Astrocyte,-0.6859353555860822
18A8_S153,Hippocampus,18,1H,AST1,1666,7.418780882750794,1.103361e+06,13.913873,29277.0,10.284592,2.653438,55515.0,10.924427,5.031445,2937.0,7.9854846,0.26618668,False,False,2,2.727610489058365,-0.06245333225882832,-0.2892815115475895,-0.706925630569458,-0.06506058692932129,-0.03512065579192807,-0.5908897498145176,0.0,Astrocyte,Astrocyte,0.5058822029819074
18A9_S161,Hippocampus,18,1H,AST1,2153,7.675081857716334,1.277737e+06,14.060602,34880.0,10.459698,2.7298262,77310.0,11.255591,6.050541,3784.0,8.238801,0.2961486,False,False,2,3.594282323545446,-0.11130875678517711,-0.19016565457739013,0.8940913224220276,-0.2514133667945862,-0.2770532285324251,-0.5862355885194175,-0.12950329780578612,Astrocyte,Astrocyte,0.0762134275969758
18B10_S170,Hippocampus,18,1H,Mural,1749,7.4673710669175595,1.174519e+06,13.97637,40299.0,10.604107,3.4311068,89473.0,11.401704,7.6178417,4846.0,8.486115,0.41259444,False,False,0,-2.236658146146868,-0.09389024583538573,-0.30741166917964663,-1.0049881851673126,-0.2568314504623413,-0.21653768691149625,6.061069121013334,0.0,Mural,Mural,-0.5944653120582212
18B11_S178,Hippocampus,18,1H,AST3,1943,7.572502985020384,1.956303e+06,14.4865675,104207.0,11.554144,5.326731,71593.0,11.178766,3.6596072,6442.0,8.77075,0.3292946,False,False,3,3.0669413166619393,-0.10999741236768176,1.6821589322403223,2.7530082005262377,-0.0057351309061050414,-0.08694656810375175,-0.7009966160783816,0.0,Astrocyte,Astrocyte,-0.7815713086390933
18B12_S186,Hippocampus,18,1H,AST3,1623,7.392647520721623,1.572382e+06,14.268103,41004.0,10.621449,2.6077633,68958.0,11.141268,4.385576,2777.0,7.9294868,0.17661104,False,False,3,4.959372695026501,-0.003407718248702773,-0.009697156121032406,-0.5554407948255539,0.0,-0.07052646140859585,-0.609147113471774,0.0,Astrocyte,Astrocyte,-0.07408123725841753
18B1_S98,Hippocampus,18,1H,AST4,3057,8.025516386489008,1.42668e+06,14.170861,75853.0,11.236566,5.316749,52659.0,10.871612,3.691017,17146.0,9.749578,1.2018112,False,False,6,0.7155057498014683,-0.21388675849042346,-0.40178199940257603,1.4107570374011993,-0.2541346722841263,-0.2990350073034113,-1.4850720406776696,0.0,Astrocyte,Astrocyte,-0.26663489472463053
18B2_S106,Hippocampus,18,1H,AST1,1858,7.527793987721444,1.130833e+06,13.938466,46846.0,10.7546425,4.14261,45079.0,10.716194,3.9863534,2929.0,7.9827576,0.2590126,False,False,3,3.4169092282571425,-0.06760678578860796,-0.12075121113748262,2.599467258453369,-0.07617674589157104,-0.12502890885478318,-0.8557992376873841,0.0,Astrocyte,Astrocyte,-0.5676486723013036
18B3_S114,Hippocampus,18,1H,Microglial,1987,7.59488438721652,1.437195e+06,14.178205,24010.0,10.086267,1.6706154,72908.0,11.196967,5.072937,18938.0,9.848979,1.3177056,False,False,9,-1.2079306671528218,-0.3636504549476969,-0.3086668180696892,-0.7652607226371765,8.44449835538864,-0.15239569153448548,-0.8055761651178102,-0.014641103744506835,Microglia/macrophage,Microglial,4.44663954358268
18B4_S122,Hippocampus,18,1H,AST1,1509,7.31986492980897,701546.0,13.461043,37518.0,10.532602,5.3479033,39852.0,10.592953,5.680597,1386.0,7.2348986,0.19756366,False,False,3,3.974480631572952,-0.07605003711566254,-0.28756915439258923,-0.9513910460472107,-0.10095306873321533,-0.17170490399755614,-0.5107561140204194,-0.09851173400878906,Astrocyte,Astrocyte,-0.018048271213429612
18B6_S138,Hippocampus,18,1H,AST2,1957,7.579678823090456,1.399929e+06,14.151933,21354.0,9.969041,1.5253631,83515.0,11.332793,5.9656596,5542.0,8.620291,0.39587724,False,False,3,2.506579919590976,-0.1630890698888194,-0.13038123888198774,2.6597933065891266,-0.13816863894462586,-0.2673890253510138,-0.7638832881822059,0.0,Astrocyte,Astrocyte,-0.6776474924611926
18B7_S146,Hippocampus,18,1H,AST1,1918,7.5595594960077,1.107153e+06,13.917303,73070.0,11.199187,6.5998106,82488.0,11.32042,7.4504604,4499.0,8.411833,0.40635756,False,False,3,2.817077161835843,-0.06885141104310002,-0.17019271338828887,-1.0847146129608154,-0.20109777867794038,-0.09224284056461218,-0.8355314150527494,0.0,Astrocyte,Astrocyte,0.6145866131643222
18B8_S154,Hippocampus,18,1H,AST4,2724,7.9102237070973445,1.37833e+06,14.136384,38335.0,10.554145,2.7812643,104628.0,11.558176,7.5909247,12386.0,9.424403,0.89862365,False,False,6,0.5567606996968797,-0.14747599650867022,-0.43060261462674,-1.3883452504873275,-0.3330157446861267,-0.2879989472302524,-0.9177944342694689,0.0,Astrocyte,Astrocyte,0.6190359471039303
18B9_S162,Hippocampus,18,1H,AST3,1870,7.534228326274089,1.315594e+06,14.0898,25444.0,10.144275,1.9340314,60342.0,11.0078,4.5866737,2086.0,7.643483,0.15855956,False,False,1,2.7999748740691306,-0.05151293505376308,-0.08070016509354716,-0.8484793281555176,0.1064325213432312,-0.03269357873935892,-0.6647290260947529,-0.1277629566192627,Astrocyte,Astrocyte,0.036696989717387996
18C10_S171,Hippocampus,18,1H,AST1,2201,7.697121317282625,1.58421e+06,14.275597,44198.0,10.696458,2.789908,63385.0,11.056998,4.0010476,2783.0,7.931644,0.17567115,False,False,1,4.117016366270722,-0.13168397800407217,-0.18735759426849058,1.8095132946968078,-0.14613402724266053,-0.21216857192492244,0.5554324711986522,0.0,Astrocyte,Astrocyte,-0.2376825777139011
18C12_S187,Hippocampus,18,1H,AST1,2193,7.693481640835175,1.633043e+06,14.305956,58200.0,10.971658,3.5638988,50802.0,10.835711,3.1108794,5236.0,8.563504,0.32062843,False,False,2,3.6285286066962072,-0.07131789856819651,-0.3668781001158435,-1.1970934510231017,-0.06012725830078125,-0.048066343924011844,-0.7564405355621223,0.0,Astrocyte,Astrocyte,-0.042240536148241636
18C1_S99,Hippocampus,18,1H,AST1,1381,7.231287004327616,792594.0,13.583068,60810.0,11.015526,7.6722765,55510.0,10.924336,7.003586,2004.0,7.6033993,0.25284067,False,False,2,3.2142730658171605,-0.04963049037971688,-0.20963448767710213,3.170056722164154,-0.08001221776008606,-0.18500705680461846,0.4807544748986786,0.0,Astrocyte,Astrocyte,-0.42462329912265273
18C2_S107,Hippocampus,18,1H,AST3,1848,7.522400231387125,862127.0,13.667159,48514.0,10.789628,5.627245,63813.0,11.063728,7.4018097,2901.0,7.9731555,0.33649334,False,False,3,4.2952667774398465,-0.0870571346139189,-0.15938183213725235,2.7844834041595456,-0.10678286075592042,-0.13348311727697199,-0.6016119958168298,0.0,Astrocyte,Astrocyte,-0.22322989535053106
18C4_S123,Hippocampus,18,1H,AST1,2375,7.773173680482536,1.445736e+06,14.18413,25121.0,10.131499,1.7375926,54970.0,10.914561,3.8022156,6338.0,8.754477,0.43839264,False,False,2,3.4378418218894087,-0.027152543690935452,-0.22922830027763288,-1.1256212639808654,-0.10519731998443603,-0.06442159474498094,-1.0963725492582848,0.0,Astrocyte,Astrocyte,-0.4130079854211346
18C5_S131,Hippocampus,18,1H,Endothelial,2018,7.610357618312838,1.112697e+06,13.922298,37020.0,10.51924,3.3270512,47024.0,10.758434,4.226128,13644.0,9.521129,1.2262099,False,False,5,-2.2648114304724936,-0.2414485773249487,-0.39195582782379307,-0.976225380897522,-0.4598083758354187,8.240165922376844,2.952557125882288,0.0,Endothelial,Endothelial,5.107409444396604
18C6_S139,Hippocampus,18,1H,AST1,2364,7.768533300926033,1.339773e+06,14.108011,49902.0,10.817837,3.7246606,40551.0,10.61034,3.0267067,5706.0,8.649448,0.425893,False,False,3,1.8631787951526748,-0.06109071197222225,-0.2791460186544091,-0.8013463127613067,-0.14244940638542175,-0.2776818407906426,-0.8634272795825747,0.0,Astrocyte,Astrocyte,-0.7024261041953289
18C9_S163,Hippocampus,18,1H,Endothelial,2885,7.9676267393338165,1.726527e+06,14.361623,27282.0,10.214019,1.5801665,55304.0,10.920619,3.2031934,23019.0,10.044119,1.3332546,False,False,5,-3.5584820000851742,-0.3611826123903744,-0.43230019554947363,-1.316112197637558,-0.3306365180015564,7.803225749670858,5.404240668718539,-0.13337864875793456,Endothelial,Endothelial,3.089288650823754
18D11_S180,Hippocampus,18,1H,Mural,1375,7.226936018493289,1.220374e+06,14.014668,20657.0,9.935858,1.6926779,77783.0,11.261691,6.373702,11100.0,9.314791,0.9095572,False,False,0,-2.366767698624095,-0.1142082430010465,-0.11757344790179321,2.2008284735679626,-0.19868871212005615,-0.16988651318983597,5.938451137374993,-0.016456096172332763,Mural,Mural,6.987274889058382
18D12_S188,Hippocampus,18,1H,Mural,1197,7.088408778675395,891396.0,13.700545,23814.0,10.078071,2.67154,85255.0,11.353414,9.564212,4827.0,8.482187,0.54151016,False,False,0,-2.9164318960221087,-0.1118738375716473,-0.2115369854551373,3.43843008518219,-0.2181857442855835,-0.02878717461017647,6.361421571904091,0.0,Mural,Mural,0.05522411589033416
18D2_S108,Hippocampus,18,1H,AST3,1963,7.582738488914411,1.041887e+06,13.856545,33134.0,10.408345,3.1801913,35792.0,10.485508,3.4353056,4501.0,8.412277,0.43200463,False,False,3,3.5190782312486997,-0.11777872775667277,1.42414498449576,2.4169651186466217,-0.08026912331581115,-0.14917715270109852,-0.9198746076181307,0.0,Astrocyte,Astrocyte,-0.5901719986496863
18D3_S116,Hippocampus,18,1H,AST1,1355,7.212294468500341,1.069678e+06,13.882869,18919.0,9.847975,1.7686632,77211.0,11.254311,7.218154,1225.0,7.111512,0.11452044,False,False,3,4.957259919474033,-0.08875711239762042,-0.08231476099804194,-0.8284936261177063,-0.056868305206298826,-0.0856228717649826,-0.25516520043713364,0.0,Astrocyte,Astrocyte,0.03814178899253945
18D4_S124,Hippocampus,18,1H,AST3,2343,7.759614150696903,1.593782e+06,14.281621,31949.0,10.371927,2.004603,43688.0,10.684852,2.7411528,5596.0,8.629986,0.3511145,False,False,3,2.296825847990526,-0.16286622249900395,-0.2463265193833245,2.372302720546722,-0.1444239014387131,-0.12670068969630233,-0.6165064084320212,0.0,Astrocyte,Astrocyte,-0.4636935727773406
18D5_S132,Hippocampus,18,1H,AST1,1901,7.550661243105336,1.350641e+06,14.116091,44790.0,10.709763,3.316203,65769.0,11.093919,4.8694654,4988.0,8.514991,0.36930612,False,False,2,3.2244492300221177,-0.1494676144278828,1.610823630082487,-0.7907626724243164,-0.18417390465736388,-0.04896951685048113,-0.9301418401488107,0.0,Astrocyte,Astrocyte,-0.25325891738741946
18D6_S140,Hippocampus,18,1H,Mural,1743,7.463936604468925,1.211119e+06,14.007056,27862.0,10.235055,2.300517,87696.0,11.381643,7.240907,11981.0,9.391161,0.9892505,False,False,0,-2.958725173942378,-0.15906697931002134,-0.5013381402299861,2.0627715468406675,-0.5398464798927307,0.3484180587710756,6.035593527645322,-0.13560129284858705,Mural,Mural,0.3722112189250717
18D7_S148,Hippocampus,18,1H,AST3,1872,7.5352967024440884,1.209604e+06,14.005804,35476.0,10.47664,2.9328606,52964.0,10.877387,4.378623,4731.0,8.462103,0.39111972,False,False,3,3.9305427628136718,-0.0795460879503183,-0.20293664480700638,1.8724047011137008,-0.09352917134761811,-0.08476678229341603,-0.6664108022972567,0.0,Astrocyte,Astrocyte,-0.5561997159096553
18D8_S156,Hippocampus,18,1H,AST1,1961,7.581719640125308,1.218291e+06,14.01296,43284.0,10.675562,3.552846,50732.0,10.8343315,4.164194,3441.0,8.143808,0.28244483,False,False,3,2.1458780908845165,-0.08039280337903967,-0.26380198471473926,2.197567572593689,-0.05335045278072357,-0.12465798252760762,-0.9836322569367874,0.0,Astrocyte,Astrocyte,-0.6523573153803066
18D9_S164,Hippocampus,18,1H,AST1,1750,7.467942332285852,1.478516e+06,14.206551,69862.0,11.154291,4.7251434,71504.0,11.177523,4.8362007,8700.0,9.071194,0.58842784,False,False,2,3.3045867420936537,-0.05894208313831732,-0.22541682948969832,-1.179107381105423,-0.11866109371185303,-0.1560227485618206,1.117097797855061,0.0,Astrocyte,Astrocyte,-0.5559752974565917
18E10_S173,Hippocampus,18,1H,AST3,2365,7.768956044538332,1.808673e+06,14.408105,75635.0,11.233687,4.181795,60269.0,11.00659,3.332222,6570.0,8.7904215,0.36324975,False,False,3,1.8816188665035645,-0.031551506651106793,-0.08560091076475201,1.9805654525756835,-0.0060658323764801025,-0.19744680264983513,-0.8732268510751389,-0.02506932020187378,Astrocyte,Astrocyte,-0.308604075435008
18E11_S181,Hippocampus,18,1H,AST1,1772,7.480428306074208,1.462647e+06,14.195759,42212.0,10.650483,2.8860004,52200.0,10.862857,3.568872,4712.0,8.45808,0.32215565,False,False,3,2.7564922180332125,-0.02807694823298622,-0.137685209211677,-0.938890517950058,0.8115442311763763,-0.014343146121863163,-0.8359735539211101,0.0,Astrocyte,Astrocyte,-0.5713338971337014
18E12_S189,Hippocampus,18,1H,AST3,2295,7.738923757439457,1.611743e+06,14.292828,47005.0,10.758031,2.916408,81212.0,11.304831,5.0387683,5199.0,8.556414,0.32257006,False,False,3,3.7312418450423284,-0.12714826521561973,-0.2811328720564794,1.849022217988968,-0.25851609945297244,-0.28194407019952333,1.0194918031069502,0.0,Astrocyte,Astrocyte,0.6026063930610186
18E3_S117,Hippocampus,18,1H,AST2,1691,7.433666540166168,1.251294e+06,14.03969,75628.0,11.233595,6.0439835,64238.0,11.070366,5.1337256,3640.0,8.200014,0.29089886,False,False,4,1.774356677558253,-0.04917499408050997,-0.18159179645355303,1.6957412350177765,-0.09160329699516297,-0.015601480850065597,-0.8064981770874867,0.0,Astrocyte,Astrocyte,0.8359447020123121
18E4_S125,Hippocampus,18,1H,AST1,1592,7.373374309910049,1.308097e+06,14.0840845,42796.0,10.664224,3.271623,60758.0,11.01467,4.6447625,4553.0,8.423761,0.34806287,False,False,2,4.124398313584875,-0.042237868560618494,-0.2263264177423535,-0.8720677608251571,-0.1070626938343048,-0.015650254307371197,-0.47309047530344384,0.0,Astrocyte,Astrocyte,0.06298153856162836
18E5_S133,Hippocampus,18,1H,AST1,2022,7.612336837167746,1.131064e+06,13.93867,87923.0,11.384228,7.7734766,60978.0,11.018285,5.3912067,5087.0,8.53464,0.4497535,False,False,2,2.680341089683804,-0.1938488031152505,-0.2235842560878908,0.45515503823757175,-0.10628596425056458,0.18823102206894846,1.0171845525353398,0.0,Astrocyte,Astrocyte,-0.5612863286123152
18E7_S149,Hippocampus,18,1H,Mural,1217,7.1049654482698426,1.109622e+06,13.919531,17283.0,9.757537,1.5575575,113284.0,11.637662,10.209242,5596.0,8.629986,0.50431585,False,False,0,-2.789270584374829,-0.08786499560178823,-0.21586946947406035,-1.256094355583191,-0.1300493323802948,-0.16386916420676492,5.1007377813808885,-0.10158313751220703,Mural,Mural,5.29125873331534
18E8_S157,Hippocampus,18,1H,AST4,2626,7.87359778968554,1.14689e+06,13.952565,39247.0,10.577656,3.4220371,31221.0,10.348878,2.7222314,12647.0,9.445254,1.1027213,False,False,6,0.5438124938089341,-0.06992603546410948,-0.31727508282420613,-1.4121125328540802,-0.1831016731262207,-0.3336761744335444,-1.0412214329494305,0.0,Astrocyte,Astrocyte,-0.5222757142254824
18F10_S174,Hippocampus,18,1H,AST4,2061,7.631431664576906,1.443061e+06,14.182278,47430.0,10.767032,3.2867632,68951.0,11.141166,4.778107,9933.0,9.203718,0.6883285,False,False,3,1.4863541582243043,-0.12739052904311138,0.11449440922399964,-1.1993232262134552,-0.18108005523681642,-0.3055162285313462,-0.6990905532884837,-0.06838440895080566,Astrocyte,Astrocyte,-0.2793579308039358
18F2_S110,Hippocampus,18,1H,AST1,1648,7.407924322559599,638287.0,13.366545,31379.0,10.353926,4.916127,37529.0,10.532896,5.8796434,2199.0,7.696213,0.34451586,False,False,2,4.326205802745506,-0.012391014913817746,1.275594260957506,-0.6783048832416534,-0.18369048714637756,-0.08635788493686253,-0.4806042316570953,-0.0828221607208252,Astrocyte,Astrocyte,-0.28883458543351176
18F3_S118,Hippocampus,18,1H,Mural,1400,7.244941546337007,1.01621e+06,13.831592,30903.0,10.338641,3.0410054,78623.0,11.272432,7.7368846,6152.0,8.724695,0.6053867,False,False,0,-2.9233044815845175,-0.17529708236905198,-0.32911139365398523,1.4873793995380402,-0.23993809819221495,-0.11518541008535058,4.196400594471687,0.0,Mural,Mural,-0.36146871391092994
18F5_S134,Hippocampus,18,1H,AST1,1761,7.474204806496124,1.463169e+06,14.1961155,81354.0,11.306578,5.560123,131160.0,11.784181,8.964105,2764.0,7.924796,0.18890503,False,False,3,2.7351942453228055,-0.03571283397962101,-0.1487221633545076,1.9890414023399352,-0.1744863522052765,-0.07823034970447271,-0.8097110465543353,-0.12204546928405761,Astrocyte,Astrocyte,-0.5535815739273428
18F6_S142,Hippocampus,18,1H,AST5,2420,7.791935956938058,1.68513e+06,14.337354,64609.0,11.076124,3.8340662,58360.0,10.974403,3.4632344,15021.0,9.617271,0.8913852,False,False,2,1.7096616296820297,-0.11283641364706222,-0.0052447746498416326,-1.1304224491119386,-0.08535502135753631,-0.2399319139393893,-0.8867727976348532,0.0,Astrocyte,Astrocyte,-0.7248900051108983
18F7_S150,Hippocampus,18,1H,AST3,1915,7.557994958530806,1.559988e+06,14.260189,28770.0,10.267123,1.844245,73387.0,11.203516,4.7043314,2937.0,7.9854846,0.18827067,False,False,2,3.982620564966254,-0.13915650449206482,1.1415092114246252,-1.5666216039657592,0.0,-0.08928930639016508,-0.6593675253978327,0.0,Astrocyte,Astrocyte,-0.12278900077824606
18F8_S158,Hippocampus,18,1H,AST1,1835,7.515344571180436,1.017466e+06,13.832827,28819.0,10.268825,2.8324287,64620.0,11.076295,6.3510723,2569.0,7.851661,0.25249,False,False,2,3.910777164938671,0.07691955603846354,-0.2586270101142652,-1.373728005886078,-0.023316492438316346,-0.2523411199299976,-0.6048201613090746,0.0,Astrocyte,Astrocyte,-0.1578078004772555
18G10_S175,Hippocampus,18,1H,AST1,2102,7.6511201757027,1.616792e+06,14.295955,25619.0,10.151129,1.5845577,68957.0,11.1412525,4.265051,5247.0,8.565602,0.32453156,False,False,3,2.807078115275649,-0.09837825394155991,-0.23190614129557754,-1.2141163039207459,-0.15935079574584962,0.11414234084312362,0.36069320853631104,0.0,Astrocyte,Astrocyte,-0.6711966149596021
18G11_S183,Hippocampus,18,1H,AST4,2324,7.751475318021456,1.953295e+06,14.485029,76597.0,11.246326,3.9214249,76079.0,11.239541,3.8949058,9800.0,9.19024,0.5017163,False,False,6,2.3804941437934923,-0.12296625866961838,-0.2803996539477146,-1.596845560669899,-0.20313400149345398,-0.18855236034200648,-0.7955027039925656,-0.011499096155166626,Astrocyte,Astrocyte,0.5411948569131415
18G1_S103,Hippocampus,18,1H,AST4,2243,7.716015266642587,1.48276e+06,14.209416,27822.0,10.233619,1.8763658,56281.0,10.93813,3.795692,5367.0,8.588211,0.3619601,False,False,6,1.9378675416193367,-0.09222320755522455,-0.15826356922737275,-1.3475725424289704,-0.3459826588630676,-0.1804092809407398,-0.9554825503023425,-0.014099262952804566,Astrocyte,Astrocyte,1.0391797476101399
18G3_S119,Hippocampus,18,1H,AST1,1373,7.2254814727822945,985148.0,13.800549,40252.0,10.60294,4.0858836,60825.0,11.015773,6.174199,3113.0,8.043663,0.31599313,False,False,2,4.258407410376711,-0.022486401562714697,-0.048758683782635315,-0.8055480551719666,-0.04685102939605713,-0.12936514555805861,0.9399261037308966,0.0,Astrocyte,Astrocyte,-0.09074307060201892
18G5_S135,Hippocampus,18,1H,AST1,2353,7.763871287820222,1.772652e+06,14.387988,51234.0,10.844178,2.890246,53833.0,10.893661,3.0368621,6068.0,8.710949,0.34231198,False,False,2,2.484734175309458,-0.1512332163264404,-0.15604090600302725,-1.166596800684929,-0.2209695041179657,-0.13508829986206208,-0.8763525542901389,-0.024584710597991943,Astrocyte,Astrocyte,-0.370477622110577
18G6_S143,Hippocampus,18,1H,AST1,2377,7.774015077250727,1.691147e+06,14.340919,51778.0,10.85474,3.061709,59906.0,11.000548,3.5423293,9115.0,9.117786,0.5389833,False,False,2,1.9554940129889813,-0.0892833045978642,-0.2890590965145766,-1.2226788985729218,-0.19410694122314454,-0.13452787712366895,-1.0093867670950578,0.0,Astrocyte,Astrocyte,-0.6667232724382404
18G7_S151,Hippocampus,18,1H,AST1,2391,7.779885115070522,1.406479e+06,14.156601,42718.0,10.662399,3.03723,46399.0,10.745055,3.2989473,9571.0,9.166597,0.6804936,False,False,2,3.5363683674504856,-0.14124300851294744,-0.2672137651178572,-1.1579372745752334,-0.10745160460472107,-0.22216765025649407,0.2294181067140857,0.0,Astrocyte,Astrocyte,-0.7614591544577992
18G9_S167,Hippocampus,18,1H,AST4,2184,7.68937110752969,1.352613e+06,14.11755,29558.0,10.294144,2.1852517,100373.0,11.516659,7.420674,15891.0,9.673572,1.1748371,False,False,6,-0.07270178035960129,-0.15879664049675715,-0.2579043817640555,-1.0575427526235581,-0.25071242928504944,-0.2068590551915795,-0.8277578517869488,0.0,Astrocyte,Astrocyte,-0.21920660727086771
18H10_S176,Hippocampus,18,1H,AST1,2812,7.9420068084898565,1.69408e+06,14.342651,44171.0,10.695847,2.607374,52306.0,10.864885,3.0875754,8010.0,8.988571,0.47282302,False,False,2,2.2636782640967867,-0.0617772328793703,-0.27169007664979106,-1.4312480008602142,-0.39641736447811127,-0.13624559327809496,0.4184429016544591,0.0,Astrocyte,Astrocyte,-0.4037105445073722
18H11_S184,Hippocampus,18,1H,Mural,2332,7.75491027202143,1.580867e+06,14.273484,16776.0,9.727764,1.0611898,84426.0,11.343642,5.340487,12376.0,9.423595,0.7828616,False,False,0,-3.413171377338347,-0.150136061050185,-0.2852002839849453,-0.35514854133129115,-0.1940363597869873,1.69208137736176,6.256416824894335,0.0,Mural,Mural,0.7231211923746912
18H2_S112,Hippocampus,18,1H,AST1,2827,7.947325027016463,1.058692e+06,13.872546,29444.0,10.290279,2.7811675,24532.0,10.107775,2.317199,3507.0,8.162802,0.33125782,False,False,2,3.4321557074948084,-0.06931329851773516,-0.236121087363272,-1.615866700410843,-0.239868643283844,-0.3181347365331168,-1.129911015381166,-0.017595620155334474,Astrocyte,Astrocyte,-0.6050689316701411
18H4_S128,Hippocampus,18,1H,AST2,2126,7.6624678152002375,1.294661e+06,14.07376,49709.0,10.813961,3.8395379,74278.0,11.215584,5.7372546,7498.0,8.922525,0.57914776,False,False,1,0.9296527700346022,-0.0805524207239774,-0.2268637828152589,-1.140693081021309,-0.03661890089511871,-0.0384842711265641,-0.754669852891759,-0.11105939865112305,Astrocyte,Astrocyte,0.35209449842721474
18H8_S160,Hippocampus,18,1H,AST1,1462,7.288244401020124,1.04641e+06,13.860877,30499.0,10.325482,2.9146318,79794.0,11.287216,7.6255007,1364.0,7.2189097,0.13035044,False,False,3,3.0836819729518377,-0.20747692501125622,-0.11951955881985751,-0.7045846676826477,-0.08551424026489257,-0.06674658409272781,-0.4247305584912324,-0.018399100303649902,Astrocyte,Astrocyte,-0.3805501886918668
18H9_S168,Hippocampus,18,1H,AST1,1569,7.358830898342354,1.158365e+06,13.962521,40227.0,10.602319,3.4727395,74665.0,11.22078,6.445723,3135.0,8.050703,0.27064008,False,False,3,4.579887761444342,-0.13268884162806985,-0.07986780007680257,0.8677546060085297,-0.08038405537605285,-0.21340302867118757,-0.6762311937820972,0.0,Astrocyte,Astrocyte,-0.4697136924740468
25A11_S273,Cortex,25,1C,AST3,2145,7.671360923190644,1.981443e+06,14.499336,76586.0,11.246182,3.865163,93715.0,11.448024,4.729634,7197.0,8.881558,0.36322013,False,False,2,2.4037211508047385,-0.04949818693812768,-0.21359594873707705,-1.4282027852535248,-0.17667122244834899,-0.034101955216340345,-0.8604418674306055,0.0,Astrocyte,Astrocyte,0.10830507980961235
25A1_S193,Cortex,25,1C,AST2,2722,7.909489492673759,1.861281e+06,14.436776,63778.0,11.063179,3.426565,61987.0,11.034697,3.3303406,11027.0,9.308193,0.59244144,False,False,1,3.793819159106479,-0.11027235122182262,-0.2894898135252673,2.2114649295806883,-0.1378720235824585,-0.11778379449940692,-1.0603972397856976,-0.019278564453125,Astrocyte,Astrocyte,-0.8640102693353949
25A2_S201,Cortex,25,1C,AST3,3039,8.019612794400267,2.413576e+06,14.696621,63420.0,11.05755,2.6276362,60953.0,11.017875,2.5254228,12751.0,9.453444,0.52830327,False,False,2,2.863427757565441,-0.08051318379502799,-0.33340776357987917,-1.7778737950325012,-0.1342261528968811,-0.17700895636972755,-0.9177529461419762,0.0,Astrocyte,Astrocyte,0.21187976691778598
25A3_S209,Cortex,25,1C,AST2,2829,7.948031990637284,1.8365e+06,14.423372,63552.0,11.059629,3.4604955,51577.0,10.85085,2.80844,11186.0,9.322508,0.60909337,False,False,1,2.4146540806593144,-0.09356730098101362,-0.3962113688690494,-1.2765613782405854,-0.059000319838523864,-0.31662482384479407,-0.28154125704837196,-0.24641530632972716,Astrocyte,Astrocyte,-0.6924334125646168
25A4_S217,Cortex,25,1C,AST3,2792,7.934871565945177,1.709958e+06,14.35198,42614.0,10.659962,2.492108,61073.0,11.019841,3.5716083,8283.0,9.022081,0.48439786,False,False,3,2.779499866271932,-0.09943113255141368,-0.31837967489704944,1.6534842491149901,-0.14265399932861328,-0.20515316062503391,-1.1808680451695044,0.0,Astrocyte,Astrocyte,-0.9119789578480793
25A5_S225,Cortex,25,1C,AST1,2153,7.675081857716334,1.730143e+06,14.363715,36831.0,10.514122,2.1287837,68786.0,11.13877,3.975741,6490.0,8.778172,0.3751135,False,False,3,2.115651508498062,-0.059531048913696906,-0.15961505909158727,2.013881195783615,-0.18875006556510926,-0.11958889768581198,-0.8882631494771296,0.0,Astrocyte,Astrocyte,-0.2778750838142803
25A6_S233,Cortex,25,1C,AST3,2167,7.681560362559537,1.47066e+06,14.201222,37973.0,10.544657,2.582038,131167.0,11.784234,8.9189205,6869.0,8.834919,0.4670692,False,False,3,2.636619695223094,-0.1264638151954766,-0.2823991956132831,-0.3299505519866943,-0.1763225942850113,-0.10246543751822577,-0.4401763956151416,-0.12055344581604004,Astrocyte,Astrocyte,-0.2260000409188374
25A7_S241,Cortex,25,1C,AST2,2470,7.81237820598861,2.089213e+06,14.552299,99896.0,11.511895,4.781513,72083.0,11.185588,3.4502466,7697.0,8.948716,0.36841625,False,False,1,3.4106754914658968,-0.057888311656875226,-0.28483187881383026,-1.3488290637731553,-0.07260107040405274,-0.12016715485640246,0.20689816181384146,-0.010881282091140747,Astrocyte,Astrocyte,-0.7948700715982058
25A8_S249,Cortex,25,1C,AST3,2345,7.76046702921342,1.488767e+06,14.21346,47271.0,10.763674,3.1751778,76063.0,11.23933,5.109127,4044.0,8.305237,0.27163416,False,False,1,2.0458073570428645,-0.20720103038615317,-0.2536740953272039,-1.296391031742096,-0.1319248867034912,-0.17602590358618533,0.8305378355572571,-0.014188919067382812,Astrocyte,Astrocyte,0.2469875109762899
25A9_S257,Cortex,25,1C,AST3,2258,7.7226775164680035,1.475543e+06,14.204537,40318.0,10.604578,2.7324178,58931.0,10.984139,3.9938517,3997.0,8.29355,0.27088332,False,False,1,3.220033795455766,-0.1409160995004165,-0.1483125084578389,-1.2237188911437988,-0.15917932748794555,-0.1946563937447288,0.5647927971940543,0.0,Astrocyte,Astrocyte,-0.1628088758316183
25B10_S266,Cortex,25,1C,AST2,1998,7.6004023345004,1.546935e+06,14.251787,98392.0,11.496725,6.3604484,83138.0,11.328269,5.3743696,6855.0,8.832879,0.4431343,False,False,1,3.2316103020652394,-0.10779529720095533,-0.20449506604310239,2.5668744659423828,-0.14224720299243926,-0.09352459570374151,-0.835420665728986,0.0,Astrocyte,Astrocyte,-0.35480756492965015
25B11_S274,Cortex,25,1C,AST3,2604,7.865187954187467,2.333815e+06,14.663015,64920.0,11.080927,2.7817116,91935.0,11.428848,3.9392583,11934.0,9.387231,0.5113516,False,False,1,3.2004132140529604,-0.07325398023404069,-0.18460936317540177,-1.415940443277359,-0.05954496860504151,-0.12946336076717185,-0.9147509725848634,0.0,Astrocyte,Astrocyte,-0.6448665063249845
25B1_S194,Cortex,25,1C,AST3,2543,7.841492924460013,1.985098e+06,14.50118,75971.0,11.23812,3.8270657,43484.0,10.680171,2.1905215,6968.0,8.849227,0.35101542,False,False,1,3.536698242028555,-0.14944117542487292,-0.3445447084277567,1.8504199230670928,-0.06338638961315154,-0.17446080301747177,-0.33611420830290517,-0.01120521903038025,Astrocyte,Astrocyte,-0.4076910099023968
25B2_S202,Cortex,25,1C,AST1,1804,7.498315870766981,1.556274e+06,14.257806,30287.0,10.318507,1.9461225,125994.0,11.743998,8.095876,4093.0,8.317278,0.26299995,False,False,2,4.300410937741805,-0.0399696928771896,-0.05457356481841116,-0.6293550026416779,-0.050236291885375976,0.11849344378769999,0.2948363977461006,0.0,Astrocyte,Astrocyte,-0.5397742530439851
25B3_S210,Cortex,25,1C,AST2,2025,7.613818684808629,1.656883e+06,14.320449,42650.0,10.660806,2.5741105,92910.0,11.439398,5.6075172,6888.0,8.837681,0.41572037,False,False,1,4.437590731949102,-0.16052019116866528,-0.17455612469201137,-1.2581166350841522,1.5349313712120056,-0.054533284119885374,0.7832287160595458,-0.013179352283477783,Astrocyte,Astrocyte,-0.31427697377133246
25B4_S218,Cortex,25,1C,Oligodendrocytic,2780,7.930565854233965,2.038911e+06,14.527927,79938.0,11.28902,3.920622,54701.0,10.909656,2.6828537,17233.0,9.75464,0.8452061,False,False,8,-0.9094108753517025,-0.22448025157104184,9.353943243773296,3.145706686973572,-0.2562735331058502,-0.29481721044790865,-0.47691836533834,0.0,Oligodendrocyte,Oligodendrocytic,-0.21510592344308732
25B5_S226,Cortex,25,1C,AST2,1866,7.532088143541722,1.345852e+06,14.112538,28980.0,10.274396,2.1532829,114488.0,11.648234,8.50673,5744.0,8.656085,0.42679283,False,False,1,4.563293177573407,-0.05555341890708885,-0.29209555218918154,0.4946998369693756,-0.12950428009033202,-0.15188715433833574,0.7559581918632565,0.0,Astrocyte,Astrocyte,-0.5562434250205904
25B6_S234,Cortex,25,1C,AST2,1707,7.443078374348516,1.420965e+06,14.166847,35124.0,10.466668,2.4718413,81327.0,11.306246,5.723364,3926.0,8.275631,0.2762911,False,False,1,2.314426820460565,-0.17517398559867436,-0.15046827209116231,2.1558467227220532,-0.1274924111366272,-0.25015546035284947,0.07587980954491313,-0.014734710454940797,Astrocyte,Astrocyte,-0.2178461282997577
25B8_S250,Cortex,25,1C,AST2,2205,7.698936199813447,1.678716e+06,14.33354,62213.0,11.038336,3.7059875,66001.0,11.097441,3.931636,6137.0,8.722254,0.36557704,False,False,1,2.6514503108999117,-0.0448370135609229,-0.1816690678548331,2.031881684064865,-0.26152183771133425,-0.04572335999421399,-0.8504556099973132,0.0,Astrocyte,Astrocyte,-0.1218560254434512
25B9_S258,Cortex,25,1C,AST3,2740,7.916078096302786,1.701717e+06,14.347149,67396.0,11.118356,3.9604704,46100.0,10.73859,2.7090285,6211.0,8.734239,0.3649843,False,False,4,2.182500562706932,-0.12446446574513037,-0.25382384386929596,0.9135484206676483,-0.11966755151748658,-0.2292366148245455,-1.423996910977004,0.0,Astrocyte,Astrocyte,2.279805125895645
25C10_S267,Cortex,25,1C,AST3,2250,7.719129840906732,1.754773e+06,14.377851,52510.0,10.868778,2.99241,107579.0,11.58599,6.1306505,9793.0,9.189526,0.5580779,False,False,3,3.6224331940458114,1.5390520886560182,-0.2097122861881449,-1.2062633514404297,-0.0631020450592041,-0.1921309329042531,0.8269482761172194,0.0,Astrocyte,Astrocyte,-0.598061643976202
25C12_S283,Cortex,25,1C,AST2,2842,7.952615111651,2.010009e+06,14.51365,41820.0,10.641154,2.0805876,66277.0,11.101613,3.2973483,10861.0,9.293026,0.54034585,False,False,1,3.8878488097685926,-0.21695335186905598,-0.05222246261558147,-1.7127294313907624,-0.07332486629486085,-0.0584905171635175,-1.1649951701188208,-0.1140513515472412,Astrocyte,Astrocyte,-0.3845416816924768
25C1_S195,Cortex,25,1C,AST3,2246,7.717351272185329,1.667102e+06,14.326598,44461.0,10.702391,2.6669633,122714.0,11.71762,7.360917,6343.0,8.755265,0.38048062,False,False,2,3.6128085258879956,-0.107291277928568,0.9883324425629896,-1.5712273001670838,-0.15909778594970703,-0.14902983169363002,-0.9007397728349695,-0.09157797813415527,Astrocyte,Astrocyte,-0.2632985357972537
25C3_S211,Cortex,25,1C,AST2,2420,7.791935956938058,1.551311e+06,14.254612,69025.0,11.142239,4.4494624,54616.0,10.9081,3.5206351,6715.0,8.812248,0.4328597,False,False,1,3.569695775626136,-0.04949337214081731,-0.2528248597877194,1.2095550894737244,-0.12428586721420289,-0.042930104515769285,-0.9597044224715113,0.0,Astrocyte,Astrocyte,-0.7830202462080126
25C5_S227,Cortex,25,1C,AST2,2268,7.727094484779841,1.263141e+06,14.049113,35800.0,10.485731,2.8342047,49000.0,10.799596,3.8792186,7821.0,8.964696,0.6191708,False,False,3,3.6652628489530805,-0.11774466744619398,-0.36468794008698124,-1.2885818231105803,-0.20133693814277648,-0.17832175529364383,-0.9098823537778615,0.0,Astrocyte,Astrocyte,-0.788950165444503
25C6_S235,Cortex,25,1C,AST2,1998,7.6004023345004,1.620468e+06,14.298226,64099.0,11.0682,3.9555855,67912.0,11.125983,4.190888,7566.0,8.931552,0.46690214,False,False,3,3.4400176116026167,-0.1653332033349042,-0.19900013340844047,-0.8133401072025299,-0.285457056760788,-0.21749566420160157,-0.6211783526530817,0.0,Astrocyte,Astrocyte,-0.5654621273527958
25C7_S243,Cortex,25,1C,AST3,3009,8.009695357742922,1.942183e+06,14.479323,65157.0,11.08457,3.3548334,41450.0,10.632267,2.1341965,10393.0,9.248984,0.53511953,False,False,2,1.887266065253586,-0.16217259246500293,-0.2885111299428073,-1.8221091759204864,-0.13121798753738403,-0.2543490848155937,0.4640295532480556,-0.011393284797668457,Astrocyte,Astrocyte,0.5434268710758531
25C8_S251,Cortex,25,1C,AST3,2685,7.895808377083183,1.749658e+06,14.374931,39776.0,10.591044,2.2733586,59862.0,10.999814,3.4213543,7814.0,8.9638,0.44660157,False,False,4,2.0712604828871006,-0.07914292123449508,0.698310516699396,-1.5623547971248626,-0.024443079829216004,-0.07762123057336519,-1.059814707118662,-0.020067656040191652,Astrocyte,Astrocyte,2.5822655811582464
25C9_S259,Cortex,25,1C,AST2,1936,7.5688956634069955,1.450546e+06,14.187451,44606.0,10.7056465,3.075118,68218.0,11.130479,4.7029185,6326.0,8.752582,0.43611163,False,False,2,3.7241290540643073,-0.003619484865485723,-0.054671167424230865,-1.0516207659244536,-0.08563166558742523,-0.12757808933354386,-0.8450438293380353,-0.06619266510009765,Astrocyte,Astrocyte,-0.6380932185805103
25D10_S268,Cortex,25,1C,AST2,2345,7.76046702921342,1.843999e+06,14.427447,60259.0,11.006424,3.2678432,72571.0,11.192334,3.9355226,12506.0,9.434044,0.67819995,False,False,1,2.2693946745877707,-0.11554600006371886,-0.15217900818044489,0.5099455714225769,-0.20328042030334473,-0.18685617892429082,-0.8412008926497033,0.0,Astrocyte,Astrocyte,-0.7406075876423831
25D11_S276,Cortex,25,1C,AST3,2935,7.984803389734406,2.428276e+06,14.702693,89287.0,11.399622,3.6769707,49928.0,10.818357,2.056109,10760.0,9.283684,0.4431127,False,False,2,2.6041553178445884,-0.07951299449307235,-0.24638870704655697,-1.5508949697017669,-0.02914527803659439,-0.20705586370795664,-1.1505622583717556,0.0,Astrocyte,Astrocyte,-0.1572164456812487
25D12_S284,Cortex,25,1C,AST1,2178,7.68662133494462,1.978516e+06,14.497858,104809.0,11.559904,5.297354,79339.0,11.281498,4.010026,7507.0,8.923724,0.3794258,False,False,1,1.9896337503943942,-0.07297989890803044,1.4789957964059077,-1.3105964416265488,1.5282206803560257,-0.04891061301183219,-0.4525435478543517,0.0,Astrocyte,Astrocyte,-0.5884689081690347
25D1_S196,Cortex,25,1C,AST2,2499,7.824046010856292,1.863797e+06,14.438127,61662.0,11.029439,3.3084075,58757.0,10.981183,3.1525428,4342.0,8.376321,0.23296529,False,False,1,3.4662336101297475,-0.040288660993528125,-0.207042054395483,-1.4993927085399628,-0.08915319681167602,-0.06916967726717091,-1.0331017449872577,-0.011845420598983764,Astrocyte,Astrocyte,-0.8905747872163139
25D2_S204,Cortex,25,1C,AST2,1962,7.5822291942764615,1.554847e+06,14.256888,27281.0,10.213983,1.7545779,95119.0,11.462894,6.1175795,6669.0,8.805375,0.42891678,False,False,2,4.064808255010615,-0.11286507239892854,-0.32663237687313196,-0.9229168820381165,-0.02484433650970459,-0.20131063280683575,-0.7098589662331433,0.0,Astrocyte,Astrocyte,-0.4959670650541086
25D4_S220,Cortex,25,1C,AST3,2180,7.687538766201629,1.516206e+06,14.231723,51913.0,10.857344,3.423875,53258.0,10.882922,3.5125833,4219.0,8.34759,0.27826035,False,False,3,4.083028387502242,-0.10326352760420372,1.266299450939352,-1.1238083171844482,-0.13086743772029877,-0.09736107033912582,0.3921724150528261,0.0,Astrocyte,Astrocyte,-0.6774841676371325
25D5_S228,Cortex,25,1C,AST3,2591,7.860185057472165,1.677257e+06,14.332671,57082.0,10.952262,3.4032948,52908.0,10.876328,3.154436,10302.0,9.2401905,0.61421716,False,False,2,2.764468107067171,-0.07795438844354907,-0.33247392165540446,-1.2895900064706802,-0.23656067848205567,-0.07356810389143048,-0.6004085124437533,0.0,Astrocyte,Astrocyte,-0.3962243756089664
25D6_S236,Cortex,25,1C,AST2,2179,7.687080155783135,1.755447e+06,14.378235,118495.0,11.682634,6.750133,70052.0,11.157007,3.9905508,6430.0,8.768886,0.36628848,False,False,1,3.870257028465062,0.7517086141672565,-0.20226398080286354,-1.2320022904872894,-0.25732748687267304,-0.11507875329316264,-0.7998217515010929,0.0,Astrocyte,Astrocyte,-0.7094411487770399
25D7_S244,Cortex,25,1C,AST1,1898,7.549082710812286,1.704663e+06,14.348879,52037.0,10.85973,3.0526268,63551.0,11.059614,3.7280684,9122.0,9.118554,0.5351204,False,False,2,2.680422031162867,-0.1392373673280879,0.37799623819312667,-1.0102402365207672,1.634811761379242,-0.012848138809204102,0.38088627676268916,0.0,Astrocyte,Astrocyte,-0.6687315884909169
25D8_S252,Cortex,25,1C,AST2,1538,7.338888133838879,1.034965e+06,13.849879,55343.0,10.921324,5.3473306,85118.0,11.351806,8.224239,9317.0,9.139704,0.9002237,False,False,1,4.2866598217865155,-0.042409237305722644,-0.157089433284721,-0.7809665030241013,0.0,-0.17910797306985565,-0.1639966350703982,0.0,Astrocyte,Astrocyte,-0.123858476869252
25E10_S269,Cortex,25,1C,AST3,2760,7.923348211930154,3.082087e+06,14.941118,76955.0,11.250989,2.4968472,112297.0,11.628911,3.6435378,9371.0,9.145482,0.30404723,False,False,1,1.9836617724491603,-0.041981772412007776,-0.1982066747215059,1.5856431698799134,-0.21922972768545151,-0.034497964261758204,0.6271157862253525,0.0,Astrocyte,Astrocyte,-0.25258579867610553
25E12_S285,Cortex,25,1C,AST3,2304,7.742835955430749,2.241866e+06,14.62282,39266.0,10.57814,1.7514874,85937.0,11.361382,3.83328,8614.0,9.06126,0.3842335,False,False,4,4.165182259564843,-0.056090469935431556,-0.2465312610370944,-1.4760652619600296,-0.026769580841064452,-0.16992285215493405,-1.1369723758505816,-0.010340603590011597,Astrocyte,Astrocyte,2.8180232431385077
25E1_S197,Cortex,25,1C,AST2,1924,7.562681246721884,1.48368e+06,14.210037,79027.0,11.277557,5.3264184,96339.0,11.475639,6.4932466,8071.0,8.996157,0.54398525,False,False,1,3.1204632940839545,0.9670960864230017,-0.16159004665384388,-1.2652931010723114,-0.06190183639526367,-0.2377984830827424,-0.861002485656259,-0.01437334418296814,Astrocyte,Astrocyte,0.2165236209390159
25E2_S205,Cortex,25,1C,AST1,2423,7.793174347189205,1.489749e+06,14.214119,81008.0,11.302316,5.4376945,45872.0,10.733632,3.0791764,4859.0,8.488793,0.3261623,False,False,2,3.341470280305935,-0.15579676478352378,-0.24187882259638624,-1.4522957265377046,-0.1716715431213379,-0.05837456144467749,0.31159282449501835,-0.02210939884185791,Astrocyte,Astrocyte,-0.645873053145528
25E3_S213,Cortex,25,1C,AST1,2005,7.603897968521881,1.642384e+06,14.31166,58799.0,10.981897,3.5801005,101815.0,11.530923,6.19922,5577.0,8.626586,0.33956736,False,False,3,1.8793936857108866,-0.07049876840869386,0.25435750954078906,-1.1312659120559692,-0.18510522842407226,-0.04694231832870329,-0.7648524010001715,-0.013325505256652832,Astrocyte,Astrocyte,-0.44358861154079043
25E5_S229,Cortex,25,1C,AST2,2064,7.632885505395133,1.52824e+06,14.239628,34457.0,10.447496,2.2546852,73406.0,11.203774,4.8033032,6231.0,8.7374525,0.4077239,False,False,1,2.5846689877614297,-0.20207757296873696,-0.26865380851909365,-1.1076156377792359,-0.19511835098266603,-0.0537965658939246,-1.120697202394955,0.0,Astrocyte,Astrocyte,-0.392379642726981
25E6_S237,Cortex,25,1C,AST1,2340,7.75833346749091,1.681769e+06,14.335358,66128.0,11.099362,3.9320502,98712.0,11.499972,5.869534,9460.0,9.154933,0.562503,False,False,1,3.6014527844600988,-0.10985038028889565,-0.17837813045039322,-1.2922857332229614,-0.27621554374694823,-0.08792758349216345,-1.0176264167431013,0.0,Astrocyte,Astrocyte,-0.3479353780539486
25E7_S245,Cortex,25,1C,AST3,1657,7.4133673356952405,1.846079e+06,14.4285755,68771.0,11.138552,3.7252467,79884.0,11.288343,4.327225,4639.0,8.44247,0.25128937,False,False,1,1.5734749644831876,-0.036865802266489923,-0.15405642865884184,-1.1802339148521424,-0.08046982645988464,-0.07058983619767006,-0.4599252424048419,0.0,Astrocyte,Astrocyte,-0.6480090699729218
25E8_S253,Cortex,25,1C,AST2,2500,7.824445930877619,1.865504e+06,14.439042,77030.0,11.251964,4.129179,169032.0,12.037849,9.060929,8962.0,9.100861,0.48040634,False,False,1,2.7837018145889534,-0.1139446658704748,1.4770991176065773,1.5714356625080108,-0.18686290979385375,-0.17189557744999123,0.5665055357631128,0.0,Astrocyte,Astrocyte,-0.8280174075462583
25E9_S261,Cortex,25,1C,AST2,2275,7.730174795246222,2.160512e+06,14.585856,55829.0,10.930067,2.5840635,93364.0,11.444272,4.321383,7675.0,8.945854,0.35523987,False,False,1,3.791017611821493,-0.0972679691698084,-0.19041732314861182,1.8828097689151764,-0.16034241318702697,-0.15128123639809965,-0.8459331219519802,0.0,Astrocyte,Astrocyte,-0.19378697782605636
25F10_S270,Cortex,25,1C,AST1,2476,7.814803429489359,2.672469e+06,14.798513,75718.0,11.234784,2.8332603,74988.0,11.225097,2.8059444,11657.0,9.363748,0.43618843,False,False,2,2.0142746258303115,-0.1116618094731815,-0.23392591903908083,-1.6101375478506088,-0.07498275637626647,-0.10201443204976092,-1.0142697736845543,-0.008917878866195678,Astrocyte,Astrocyte,-0.10390817880232461
25F11_S278,Cortex,25,1C,AST2,2103,7.651595573857601,2.504185e+06,14.733475,110461.0,11.612427,4.411056,64494.0,11.074343,2.5754488,4991.0,8.515592,0.19930635,False,False,1,3.7072704300854378,-0.03363539435755667,-0.2945323321554396,-1.2550379449129105,-0.10983816802501678,-0.07993852249299636,-0.7450744096358218,0.0,Astrocyte,Astrocyte,-0.6904704039403313
25F1_S198,Cortex,25,1C,AST3,2469,7.8119734296220225,2.004673e+06,14.510992,50028.0,10.820358,2.4955692,74197.0,11.214493,3.7012022,5954.0,8.691986,0.29700607,False,False,1,1.827133622977252,-0.14613660705748516,-0.24093851778242323,-1.249507920742035,-0.3815905237197876,-0.35042090608616067,-0.7807275753973717,-0.011254342794418335,Astrocyte,Astrocyte,0.12272144821729003
25F2_S206,Cortex,25,1C,AST1,2956,7.9919305198524775,2.117319e+06,14.565661,64740.0,11.07815,3.0576403,67810.0,11.124479,3.202635,12906.0,9.465525,0.60954446,False,False,2,3.264042972866955,-0.08564170760725012,-0.2422256638305356,0.15113733410835262,-0.14702781200408935,-0.2738297226453068,-0.8173403386494622,-0.010756592750549316,Astrocyte,Astrocyte,-0.4713402008871005
25F3_S214,Cortex,25,1C,AST1,2253,7.720461694599722,1.712529e+06,14.353482,82760.0,11.323712,4.832619,59278.0,10.99001,3.4614305,10958.0,9.301916,0.6398724,False,False,2,2.6423111040084084,-0.0951719613530528,-0.1357465765692971,1.9519938898086548,-0.1468554401397705,-0.1486709178096116,0.7807072628682582,-0.09628742694854736,Astrocyte,Astrocyte,-0.21442335535568469
25F4_S222,Cortex,25,1C,AST2,2202,7.697575346802343,1.687597e+06,14.338817,58076.0,10.969525,3.441343,75292.0,11.229142,4.461492,7515.0,8.924789,0.44530773,False,False,3,3.4520580221395027,-0.1039277213302689,1.4351174897617764,2.1807802844047544,-0.27603309631347656,-0.15526227999215175,0.6540276423171537,0.0,Astrocyte,Astrocyte,-0.5799796345934446
25F5_S230,Cortex,25,1C,AST3,3082,8.03365842788615,2.323896e+06,14.658756,64565.0,11.075443,2.7783084,58138.0,10.970592,2.5017471,7803.0,8.962392,0.33577234,False,False,4,3.2358360088588114,-0.14571673666412507,1.0756604448713438,0.21928932905197152,-0.17222309947013856,0.053092956542968764,-1.2879911798927652,-0.0099383544921875,Astrocyte,Astrocyte,0.4292029828977506
25F7_S246,Cortex,25,1C,Mural,2112,7.655864017616056,2.072736e+06,14.54438,45171.0,10.718233,2.1792936,96657.0,11.478934,4.6632566,16370.0,9.703267,0.7897774,False,False,0,-3.7058594490660997,-0.2125495872904907,-0.3850286973245216,2.342715617418289,-0.34959472954273224,1.8680408416372356,6.074900636121855,0.0,Mural,Mural,1.2118133464719298
25F8_S254,Cortex,25,1C,AST5,1656,7.4127640174265625,1.690274e+06,14.340402,125420.0,11.739431,7.420099,114360.0,11.647116,6.765767,15656.0,9.658673,0.9262403,False,False,3,2.0675875880027723,1.1218974746052344,-0.13959213519337202,-1.1676829373836517,-0.15793266355991364,-0.08862827040932396,-0.5020666248235272,0.0,Astrocyte,Astrocyte,-0.5514072166174302
25F9_S262,Cortex,25,1C,AST2,1343,7.203405521083095,1.27846e+06,14.061168,46625.0,10.749913,3.6469657,84357.0,11.342825,6.5983295,5625.0,8.635154,0.43998247,False,False,1,3.5103749864088387,-0.07914877057674542,2.3125905027293197,-0.7038219648599625,-0.06727704048156738,-0.008062071872479988,-0.3676469362710588,0.0,Astrocyte,Astrocyte,-0.6211997849714378
25G10_S271,Cortex,25,1C,AST2,2287,7.7354333524996886,2.206045e+06,14.606712,40772.0,10.615775,1.8481944,124110.0,11.728931,5.625905,5066.0,8.530504,0.22964172,False,False,4,2.5001042188842444,-0.051482073625727515,-0.44187309645643136,-1.5903389942646027,-0.3024395203590393,-0.09097728825578785,-0.8303156863504918,-0.10268946409225464,Astrocyte,Astrocyte,0.3190850998727427
25G11_S279,Cortex,25,1C,AST5,2167,7.681560362559537,2.269727e+06,14.635171,38016.0,10.545789,1.6749151,122128.0,11.712833,5.3807354,11956.0,9.389072,0.5267594,False,False,1,2.232043473121247,-0.03337731373369993,-0.20999615662025684,1.3892636048793792,-0.15239990293979644,-0.05922858401982471,-0.8508153971116147,0.0,Astrocyte,Astrocyte,-0.5771533143341243
25G1_S199,Cortex,25,1C,AST5,1528,7.332369205929062,1.231556e+06,14.023789,31125.0,10.3457985,2.5272908,75916.0,11.237396,6.1642346,8231.0,9.015784,0.6683415,False,False,1,0.5813473352317606,-0.061842334929423114,-0.1434813816137988,-1.231094969511032,-0.06717072010040283,-0.12989482915762698,-0.5759589576241958,0.0,Astrocyte,Astrocyte,-0.5556675575810403
25G2_S207,Cortex,25,1C,AST2,1846,7.52131798019924,1.031996e+06,13.847007,46638.0,10.750193,4.5192037,65799.0,11.094376,6.375897,4553.0,8.423761,0.4411839,False,False,1,2.7665092691046294,-0.11302557902120465,-0.18209701054023975,0.21457818269729612,-0.15222445845603944,-0.13176199161645138,-0.7728313495166338,0.0,Astrocyte,Astrocyte,-0.6144494835243798
25G3_S215,Cortex,25,1C,AST3,2172,7.6838639802564295,1.685832e+06,14.33777,68311.0,11.131841,4.0520644,55486.0,10.923904,3.2913127,4953.0,8.507951,0.29380152,False,False,4,3.443728441097697,-0.10235074566836333,-0.15924389856030244,-1.281718185544014,-0.12534704446792602,-0.2157813310623169,0.7021931652447686,0.0,Astrocyte,Astrocyte,0.9393954719222448
25G4_S223,Cortex,25,1C,AST3,2698,7.900636613018005,1.852711e+06,14.432161,58344.0,10.974129,3.1491148,74627.0,11.220271,4.027989,8592.0,9.058703,0.46375287,False,False,2,2.420146110605021,-0.07423011921158987,-0.022955745308086112,-1.2257467144727707,-0.1833296412229538,-0.0355659711240518,-0.4722391388673878,0.0,Astrocyte,Astrocyte,-0.36646324931605034
25G5_S231,Cortex,25,1C,AST2,1856,7.526717561352706,1.455753e+06,14.191034,57474.0,10.9591055,3.94806,66810.0,11.109623,4.5893774,6870.0,8.835065,0.4719207,False,False,1,4.065497662851719,0.8324128605013517,-0.24991643669629338,-0.8903170645236969,-0.2738416957855225,-0.0713803515289769,-0.6854562268185256,-0.1070453667640686,Astrocyte,Astrocyte,-0.6090034889259403
25G6_S239,Cortex,25,1C,AST2,1894,7.546974117516527,1.696621e+06,14.34415,54835.0,10.912102,3.2320123,103459.0,11.546941,6.0979443,7317.0,8.898092,0.431269,False,False,3,1.1655738767378967,-0.13140378645317038,-0.09184728487573489,0.8498574531078338,-0.15431453943252563,-0.21732273005475902,0.555835638813038,0.0,Astrocyte,Astrocyte,-0.1493072663503816
25G7_S247,Cortex,25,1C,AST2,2936,7.98514393119862,2.208053e+06,14.607622,61511.0,11.026988,2.7857573,60167.0,11.004896,2.7248893,7786.0,8.960211,0.35261837,False,False,1,2.4548585115234713,1.4707323702136477,-0.3018363825600557,1.2283235639333725,-0.1598648762702942,-0.31358314704413365,-1.3198454646608937,-0.04284814715385437,Astrocyte,Astrocyte,-0.9451298314661335
25G8_S255,Cortex,25,1C,AST3,2159,7.67786350067821,1.707677e+06,14.350645,48630.0,10.792017,2.8477283,77013.0,11.251742,4.509811,8886.0,9.092345,0.520356,False,False,3,3.5360376196480834,-0.06262818772589142,-0.08836943573421902,0.06453203082084658,-0.02160143256187439,0.08583605530286076,-0.7371325588705552,-0.10073262214660644,Astrocyte,Astrocyte,-0.14568971608686132
25G9_S263,Cortex,25,1C,AST2,2154,7.675546002537848,1.686494e+06,14.338163,39624.0,10.587215,2.3494895,62034.0,11.035454,3.6782815,8567.0,9.05579,0.5079769,False,False,1,3.5897487988237478,-0.08215708229409989,-0.18968444279950075,2.068502309322357,-0.2042604660987854,-0.23239192818150375,-0.7792197322126609,0.0,Astrocyte,Astrocyte,-0.2644326877414882
25H10_S272,Cortex,25,1C,AST3,2792,7.934871565945177,2.317627e+06,14.6560545,87845.0,11.383341,3.7902992,73972.0,11.211455,3.1917129,12246.0,9.413036,0.5283853,False,False,1,2.7955586962361156,-0.06913516868898018,-0.05447778436872694,1.8144358837604522,-0.05566277265548706,-0.09806394456612944,-0.9507498058242414,0.0,Astrocyte,Astrocyte,-0.7988682617130184
25H11_S280,Cortex,25,1C,Mural,1604,7.380879035564116,1.532311e+06,14.242289,26544.0,10.186597,1.7322855,131783.0,11.788919,8.600278,11624.0,9.360913,0.7585927,False,False,0,-2.99380966385857,-0.23945169323053792,-0.32543656440696334,2.267615354061127,-0.33774982929229735,-0.312431245741218,6.469672358814796,-0.09435524940490722,Mural,Mural,4.851225184080795
25H1_S200,Cortex,25,1C,AST3,2838,7.951207156472972,1.798473e+06,14.402449,28599.0,10.261162,1.5901823,75371.0,11.230191,4.190833,6353.0,8.75684,0.3532441,False,False,4,3.279463754325617,-0.07671388908846294,-0.3207121527556217,-0.33668783903121957,-0.13274203181266786,-0.09843829545107755,0.6237517517415723,0.0,Astrocyte,Astrocyte,0.9499131553807919
25H2_S208,Cortex,25,1C,AST2,2985,8.001689978099135,1.812492e+06,14.410213,36986.0,10.518322,2.0406158,40746.0,10.615137,2.2480652,10612.0,9.2698345,0.58549225,False,False,1,3.315276043011191,-0.10236438315118378,-0.3481293191211392,1.558232118487358,-0.21307264328002928,-0.05125370109924162,-0.43522284677879286,0.0,Astrocyte,Astrocyte,-1.1002904916048448
25H3_S216,Cortex,25,1C,AST3,2561,7.848543482456679,1.757944e+06,14.379656,93158.0,11.442063,5.2992587,42250.0,10.651383,2.4033756,5050.0,8.527342,0.28726742,False,False,1,2.730623275530143,-0.17508042367858503,-0.20658561617437035,-1.6321820360422135,-0.13162973403930664,1.4023948871728147,0.14524882672420092,0.0,Astrocyte,Astrocyte,-0.07208469808599194
25H4_S224,Cortex,25,1C,AST2,2258,7.7226775164680035,1.59661e+06,14.283394,29511.0,10.292552,1.8483536,64120.0,11.068527,4.016009,5886.0,8.680502,0.3686561,False,False,1,3.3483753204345703,-0.0869756535669068,-0.20239523263892742,1.6715252792835236,-0.09186039447784423,-0.31652108105746185,-0.8382902349059905,0.0,Astrocyte,Astrocyte,-0.6636579064574584
25H5_S232,Cortex,25,1C,AST3,3014,8.011355109161286,2.066862e+06,14.541543,117905.0,11.677643,5.7045417,53929.0,10.895442,2.609221,7573.0,8.932477,0.36640087,False,False,1,2.4613009645639226,-0.033897743752254315,-0.2468833935381186,1.7654174202680588,-0.3075694316625595,-0.02244313256909149,-1.0305706532157246,-0.010901449918746949,Astrocyte,Astrocyte,-0.12814603971693672
25H6_S240,Cortex,25,1C,AST3,2924,7.981049759665957,1.991175e+06,14.504236,43565.0,10.682033,2.1879041,109435.0,11.603095,5.4960012,8913.0,9.095378,0.44762516,False,False,4,2.525399299267212,-0.12086582004125394,-0.3816090256276757,1.733304464817047,-0.1850700056552887,-0.0638585500042848,-1.3583318357491614,-0.01147919774055481,Astrocyte,Astrocyte,1.2037904968793085
25H7_S248,Cortex,25,1C,AST2,3145,8.053887083618223,2.409479e+06,14.6949215,105984.0,11.571053,4.3986273,56108.0,10.935052,2.3286362,7033.0,8.858511,0.29188883,False,False,1,3.1289430161317195,-0.09662503842732414,-0.32893131989421265,1.4516229671239853,-0.06057400971651077,-0.17577148778269988,-1.2152643852197944,0.0,Astrocyte,Astrocyte,0.3775583311592
25H8_S256,Cortex,25,1C,AST2,1666,7.418780882750794,1.363538e+06,14.125594,63566.0,11.05985,4.661843,57790.0,10.964588,4.238239,3941.0,8.279444,0.2890275,False,False,1,2.654858269652382,-0.0728387784718269,-0.06734293398230967,-0.7415586924552917,-0.0522253942489624,-0.12025462557571102,-0.54614905676051,0.0,Astrocyte,Astrocyte,-0.07817321884537576
25H9_S264,Cortex,25,1C,AST3,2593,7.860956364876389,1.924243e+06,14.470044,36535.0,10.506053,1.8986688,71938.0,11.183574,3.7385092,10027.0,9.213137,0.521088,False,False,2,3.5409278752373865,-0.0551585617975973,-0.4187033814613265,-1.366612865924835,-0.10809118628501892,-0.1861187641066734,0.3198490819739337,-0.04973556041717529,Astrocyte,Astrocyte,0.08625127057947579
28A11_S177,Hippocampus,28,1H,Endothelial,2024,7.613324979540639,2.175482e+06,14.592761,54728.0,10.910149,2.5156724,103352.0,11.545906,4.7507634,35952.0,10.489968,1.6525993,False,False,5,-2.4173368186247153,-0.2920657291484238,-0.36195126687637486,-0.8957559317350388,-0.4853323590755463,6.498564967001328,1.9399739163904335,-0.13512402534484863,Endothelial,Endothelial,3.5807914008419086
28A12_S185,Hippocampus,28,1H,AST1,1918,7.5595594960077,2.068207e+06,14.542193,80256.0,11.29299,3.880463,189868.0,12.15409,9.180319,7968.0,8.9833145,0.38526124,False,False,3,3.076850679402794,-0.008937563428926707,-0.14476997111782883,-0.75429842710495,-0.20772279143333436,-0.41564580527218903,-0.5425341392881308,0.0,Astrocyte,Astrocyte,-0.21934758591930537
28A1_S97,Hippocampus,28,1H,AST1,2015,7.60887062919126,1.740688e+06,14.369792,45512.0,10.725754,2.6145983,198474.0,12.198419,11.402043,9113.0,9.117567,0.52352864,False,False,2,2.541228951000776,-0.14414584576784067,-0.2664737111390239,2.49304572224617,-0.013321115970611572,-0.03263757566008905,-0.6993159199479836,-0.013321115970611572,Astrocyte,Astrocyte,-0.5867051166763688
28A3_S113,Hippocampus,28,1H,AST3,2255,7.721348612617949,2.00062e+06,14.508968,96614.0,11.478489,4.829203,88161.0,11.386931,4.406684,7288.0,8.894122,0.36428708,False,False,3,3.182212834801179,-0.08800413081394368,-0.21148085232936975,0.4703150004148484,-0.012559032440185552,-0.10651974545584784,-0.8083305056370682,0.0,Astrocyte,Astrocyte,-0.7528514865045755
28A4_S121,Hippocampus,28,1H,AST1,2713,7.906178840394815,2.115851e+06,14.564968,62432.0,11.041849,2.9506805,77794.0,11.261832,3.676724,10324.0,9.242324,0.48793605,False,False,2,3.355165947981871,-0.06687469937693534,-0.23700326921963932,1.7258903408050537,-0.24081214606761933,-0.1405889813346092,-0.039586281656619926,-0.01079916000366211,Astrocyte,Astrocyte,-0.924874228607235
28A5_S129,Hippocampus,28,1H,AST4,2851,7.955775781534187,1.961815e+06,14.489381,62733.0,11.0466585,3.197702,69681.0,11.151697,3.551864,13632.0,9.520248,0.6948668,False,False,6,1.564110722046732,-0.1790135550738579,-0.4294199756901674,-1.3595570957660674,-0.11861604690551758,-0.4143880202312662,0.2572902372134991,-0.06495283126831054,Astrocyte,Astrocyte,2.3699117442079896
28A7_S145,Hippocampus,28,1H,AST3,2435,7.798112628829788,2.205233e+06,14.606344,73104.0,11.199652,3.3150237,68447.0,11.13383,3.1038442,5567.0,8.624791,0.25244498,False,False,2,2.0769846028968937,1.4916894112400074,-0.2432030945113211,2.2138208413124083,-0.1339478623867035,-0.09754777075064303,-0.9213054473675675,-0.045487565994262694,Astrocyte,Astrocyte,-0.7931257780883866
28A8_S153,Hippocampus,28,1H,AST4,2417,7.790696031174738,1.049088e+06,13.863433,56962.0,10.950157,5.4296684,50825.0,10.8361635,4.844684,4918.0,8.50086,0.46878812,False,False,6,1.7387926409153343,-0.1435272286285707,-0.3252349393536346,-1.377030552625656,-0.2111830496788025,-0.11567220904610374,-0.9629092851475854,-0.018012380599975585,Astrocyte,Astrocyte,-0.22880299728929698
28B10_S170,Hippocampus,28,1H,AST1,2137,7.6676260915849905,2.284954e+06,14.641857,125478.0,11.739894,5.4914894,125164.0,11.737389,5.477747,9207.0,9.127828,0.4029403,False,False,3,3.299261557925594,-0.1921289596126307,-0.25687087274561027,-0.8985494035482406,-0.08564301908016204,-0.3804717997107843,-0.7905307394176272,0.0,Astrocyte,Astrocyte,0.752533846113439
28B11_S178,Hippocampus,28,1H,AST1,2525,7.8343923029104365,2.568481e+06,14.758825,70178.0,11.158805,2.7322764,67691.0,11.122724,2.6354487,9626.0,9.172327,0.37477404,False,False,3,2.099299805411875,-0.09724897715314548,-0.15339215325586725,1.901944031715393,-0.08976721942424774,-0.10878668469612045,-0.9352306064648844,-0.009189701080322266,Astrocyte,Astrocyte,-0.3574535769592343
28B12_S186,Hippocampus,28,1H,Mural,1720,7.450660796211539,1.68501e+06,14.337283,25240.0,10.136225,1.497914,98362.0,11.49642,5.837473,9585.0,9.168059,0.5688394,False,False,0,-2.8435884069223873,-0.09878178816943911,-0.1862406212874133,1.6638112366199493,-0.06753819346427917,2.2352138528920182,5.86986619563558,0.0,Mural,Mural,4.969742297989399
28B1_S98,Hippocampus,28,1H,AST1,1875,7.53689712956617,1.43656e+06,14.177763,78507.0,11.270956,5.46493,75776.0,11.23555,5.274823,6894.0,8.8385515,0.47989643,False,False,3,4.110865969475502,-0.09264339993347474,-0.2000943928053885,-1.2150116991996764,-0.2003548848628998,-0.16486027866902978,-0.4551908892003735,0.0,Astrocyte,Astrocyte,-0.6634616969224806
28B2_S106,Hippocampus,28,1H,AST1,2833,7.949444420250626,2.257945e+06,14.629966,63386.0,11.057014,2.8072429,53409.0,10.885754,2.365381,11308.0,9.333354,0.5008094,False,False,1,2.6333293927823256,-0.20011053792196304,0.31845935998540936,-1.5162564933300018,-0.2107070392370224,-0.13390556068131418,0.39309410982994575,0.0,Astrocyte,Astrocyte,-0.8266336924842682
28B3_S114,Hippocampus,28,1H,AST1,2323,7.751045117971802,2.297992e+06,14.647547,81867.0,11.312863,3.562545,106151.0,11.572627,4.6192937,8997.0,9.104757,0.39151573,False,False,2,3.6235016616967215,-0.11946707424805991,1.5001264759386428,0.25036813735961916,-0.22506791055202485,-0.04248325571869359,-1.0308245938626965,0.0,Astrocyte,Astrocyte,-0.5655516644750095
28B4_S122,Hippocampus,28,1H,AST1,2356,7.7651449029361315,1.976406e+06,14.496791,45821.0,10.732519,2.3184001,80449.0,11.295391,4.0704694,8799.0,9.082507,0.44520205,False,False,2,3.2736630104278603,-0.08831889605402347,-0.16274429692162407,1.787793321609497,-0.27815310955047606,-0.13646590589272856,-0.8317748955146751,0.0,Astrocyte,Astrocyte,-0.3071485476223177
28B5_S130,Hippocampus,28,1H,AST1,2102,7.6511201757027,1.398408e+06,14.150846,81947.0,11.31384,5.860021,68286.0,11.1314745,4.8831244,6390.0,8.762646,0.45694822,False,False,2,4.267721020133118,-0.20133879106847485,-0.4142624654553153,2.0857067143917085,-0.2739205867052078,-0.24372756119930383,-0.7938127442819989,0.0,Astrocyte,Astrocyte,-0.10653140238534431
28B7_S146,Hippocampus,28,1H,AST1,2347,7.761319180947987,1.764244e+06,14.383233,138337.0,11.837456,7.841149,84431.0,11.343701,4.785676,8801.0,9.082734,0.4988539,False,False,3,3.721548615909014,-0.056716860239230206,-0.24427847308341902,-1.1162180936336517,-0.08181030988693237,-0.17795468099189526,-0.8943103012727134,0.0,Astrocyte,Astrocyte,-0.5989014250607244
28B8_S154,Hippocampus,28,1H,AST1,3107,8.041734711487537,2.416664e+06,14.697899,88489.0,11.390645,3.661618,63178.0,11.053727,2.614265,6520.0,8.7827835,0.2697934,False,False,2,3.046971499594182,-0.0814702582718739,1.030257767649612,-1.8200765866041184,1.221263917684555,-0.2864156687500501,-1.3190013826192923,0.0,Astrocyte,Astrocyte,-0.7417762329263957
28B9_S162,Hippocampus,28,1H,AST1,3170,8.061802274538348,2.441902e+06,14.708288,100242.0,11.515352,4.1050787,58848.0,10.98273,2.4099247,11643.0,9.362546,0.47680047,False,False,2,3.0282190171747265,-0.11400066623136626,-0.37125775699663643,-1.5438554453849793,-0.09429472625255585,-0.19989877608087328,-1.3039214497235552,0.0,Astrocyte,Astrocyte,-0.9251949504042707
28C10_S171,Hippocampus,28,1H,AST1,2304,7.742835955430749,2.510657e+06,14.736055,57700.0,10.96303,2.2982032,108821.0,11.597468,4.3343635,8521.0,9.050406,0.33939323,False,False,2,3.575130190354228,-0.10930343938233265,-0.4122434458648316,-1.1395459553599359,-0.11681152671575547,-0.15623696675204268,0.6586901943887298,0.0,Astrocyte,Astrocyte,-0.6524681123175685
28C11_S179,Hippocampus,28,1H,AST1,1698,7.4377951216719325,1.619784e+06,14.297804,72937.0,11.197365,4.5028844,131484.0,11.786648,8.117378,4387.0,8.386629,0.27083856,False,False,3,2.743926518601798,-0.12435064543431727,-0.07876596938480031,2.2292018669843676,0.9371653175354004,-0.10402561919857757,-0.4596362799855333,0.0,Astrocyte,Astrocyte,-0.5422818373161087
28C1_S99,Hippocampus,28,1H,AST3,2746,7.918264686095274,2.045512e+06,14.531159,58281.0,10.973048,2.8492131,58457.0,10.976064,2.8578174,11824.0,9.377972,0.57804596,False,False,3,2.7840596196429983,-0.14927481167280493,-0.22222686596591062,1.8424127805233002,-0.1777336311340332,-0.2229794432418515,-0.9365618318768602,0.0,Astrocyte,Astrocyte,-0.4552662133772505
28C3_S115,Hippocampus,28,1H,AST1,2539,7.8399193600125825,2.141523e+06,14.577028,34628.0,10.452447,1.6169801,65039.0,11.082758,3.0370443,10767.0,9.284334,0.50277305,False,False,2,2.891117562361754,-0.05084769300479985,-0.2138812563034019,1.7631427365541459,1.477968816757202,-0.2592189396270598,-1.0824022663747845,-0.010639899969100952,Astrocyte,Astrocyte,-0.8005454850714274
28C5_S131,Hippocampus,28,1H,AST1,1970,7.58629630715272,1.50778e+06,14.22615,55395.0,10.922263,3.6739447,56364.0,10.939604,3.7382112,3233.0,8.081475,0.21442121,False,False,2,3.3485497623844873,-0.14231283580837537,-0.1865248406174207,2.5461554270982742,0.016973505616188045,-0.10645197015820128,-0.7450887863360458,0.0,Astrocyte,Astrocyte,-0.5873144828218451
28C6_S139,Hippocampus,28,1H,Mural,1605,7.381501894506707,1.184394e+06,13.984743,29279.0,10.28466,2.472066,106324.0,11.574256,8.97708,8853.0,9.088625,0.74747086,False,False,0,-3.027976921347321,-0.1435527513973677,-0.24052694469991356,-0.8397916746139527,-0.4140884566307068,-0.09505965011288421,5.492621687189418,0.0,Mural,Mural,5.591479024400496
28C7_S147,Hippocampus,28,1H,AST1,2240,7.714677473800927,1.643114e+06,14.312104,80651.0,11.297899,4.908424,75766.0,11.235418,4.6111226,7232.0,8.886409,0.4401399,False,False,1,2.4304902566586684,-0.0997841909303138,-0.34757918841911084,1.9217818796634674,-0.06594623327255249,-0.18097093731465966,-0.6644001672016316,0.0,Astrocyte,Astrocyte,-0.39787849281387455
28C8_S155,Hippocampus,28,1H,AST1,2949,7.989560449333865,2.168284e+06,14.589447,52782.0,10.873944,2.4342754,86680.0,11.36999,3.9976313,10102.0,9.220588,0.46589836,False,False,3,2.691213001970385,-0.20237316018971965,-0.2587137896605212,1.993090283870697,-0.12687471151351928,-0.15746029940518466,0.13541059098651065,-0.09723173141479492,Astrocyte,Astrocyte,-0.20775942700932137
28C9_S163,Hippocampus,28,1H,Mural,1828,7.511524648390866,1.630747e+06,14.304549,23195.0,10.051735,1.4223543,190107.0,12.155348,11.657663,12872.0,9.462888,0.78933156,False,False,0,-3.1602692027561,-0.042545350352723395,-0.1848427581064629,-1.0143119966983796,-0.33846076726913454,-0.10457747873633799,6.122888048090528,0.0,Mural,Mural,3.6637508337928577
28D10_S172,Hippocampus,28,1H,Mural,1496,7.311218384419629,1.576577e+06,14.270767,48718.0,10.793824,3.0901122,97675.0,11.489411,6.195384,15731.0,9.663452,0.9977946,False,False,0,-2.463976514306876,-0.18111702635060603,-0.267940800298344,2.703753200173378,-0.14514402329921722,0.7287592737361638,6.294120721781074,-0.1088405990600586,Mural,Mural,-0.3340880915597205
28D12_S188,Hippocampus,28,1H,AST1,2514,7.83002808253384,1.720251e+06,14.357982,121055.0,11.704008,7.0370545,69553.0,11.149858,4.043189,10814.0,9.28869,0.6286292,False,False,2,3.801944284165492,-0.09975515807693328,-0.24630766745769617,-1.642774636745453,-0.07133492469787597,-0.1589019274470782,0.8228316948042443,-0.15372715950012206,Astrocyte,Astrocyte,-0.7370518359397608
28D1_S100,Hippocampus,28,1H,AST2,1439,7.272398392570047,1.293018e+06,14.072491,32915.0,10.401714,2.5455947,78627.0,11.272483,6.0808897,2772.0,7.9276853,0.21438217,False,False,3,4.9300102995393065,-0.11641232212584222,-0.13139459039225723,-0.9639190953969955,-0.11780520021915436,-0.1480367864021147,-0.3893229449214648,0.0,Astrocyte,Astrocyte,-0.4255466243261487
28D2_S108,Hippocampus,28,1H,Mural,1664,7.417580402414544,1.279642e+06,14.062092,11809.0,9.376702,0.92283624,91009.0,11.418725,7.112067,11250.0,9.328213,0.8791521,False,False,0,-2.8317243776034786,-0.06526079249741444,-0.1725052498807811,2.560624496936798,-0.3254693126678467,-0.11866413463245738,5.62363085974401,0.0,Mural,Mural,5.578118150689964
28D3_S116,Hippocampus,28,1H,Mural,1696,7.436617265234227,1.390142e+06,14.1449175,26482.0,10.184258,1.9049853,92118.0,11.430837,6.6265173,12142.0,9.404509,0.8734359,False,False,0,-3.3372773186105196,-0.09110022010515682,-0.26637774886506976,2.8878971803188325,-0.1740577459335327,-0.16895224048633767,5.56395835433174,0.0,Mural,Mural,5.196464290652729
28D5_S132,Hippocampus,28,1H,Oligodendrocytic,2308,7.744569809354496,1.561105e+06,14.260905,80359.0,11.294271,5.147572,51608.0,10.851451,3.3058636,12645.0,9.445096,0.81000316,False,False,8,-2.1578185379179446,-0.13824323044350398,9.068653979385742,2.759690452814102,-0.09175664186477661,-0.6233017276031803,-1.1986217900137206,-0.33717782974243166,Oligodendrocyte,Oligodendrocytic,-0.7579537512663012
28D6_S140,Hippocampus,28,1H,AST5,1183,7.076653815443951,1.085516e+06,13.897567,53677.0,10.8907585,4.9448376,82623.0,11.322056,7.611403,6761.0,8.819074,0.6228374,False,False,3,4.0017747344866486,-0.01213096254435017,-0.03740658483119926,2.8337067079544065,-0.06026088237762451,-0.20598122447428077,-0.4775511032372863,0.0,Astrocyte,Astrocyte,-0.311485062855512
28D8_S156,Hippocampus,28,1H,Mural,1901,7.550661243105336,1.808338e+06,14.407919,35776.0,10.485061,1.9783912,95141.0,11.463126,5.26124,10000.0,9.210441,0.55299395,False,False,0,-3.3936415461243175,-0.1877297157019227,0.7067315855411568,2.7139831161499024,-0.24460158824920655,-0.2673765818277995,6.066458023972248,-0.21286213874816895,Mural,Mural,6.00020032451925
28D9_S164,Hippocampus,28,1H,Microglial,1856,7.526717561352706,1.686155e+06,14.337962,12372.0,9.423272,0.7337404,88557.0,11.391413,5.252008,11354.0,9.337414,0.6733663,False,False,9,-1.9832558651439478,-0.26676872866836626,-0.3654613211901501,-0.9158736991882325,9.326647233963012,-0.26762695384748053,-0.6732858437389585,-0.10669474601745606,Microglia/macrophage,Microglial,4.503511852732485
28E11_S181,Hippocampus,28,1H,AST1,1467,7.291656209174461,1.453542e+06,14.189514,81719.0,11.311054,5.62206,107086.0,11.581397,7.367245,7665.0,8.9445505,0.52733254,False,False,2,1.736088945565979,-0.09240405104268136,-0.13225525196152504,-0.7188815557956696,-0.14428837418556215,0.16144791877630985,-0.38926322975350386,0.0,Astrocyte,Astrocyte,-0.49314348984242284
28E1_S101,Hippocampus,28,1H,AST1,1729,7.455876687491824,2.040147e+06,14.528533,39723.0,10.589711,1.9470656,95195.0,11.463694,4.6660852,5234.0,8.563122,0.25655016,False,False,3,4.9314538429343635,-0.07261557015941371,-0.045548603992269496,-1.180309054851532,-0.005595097541809082,-0.11663522383179327,-0.7696800687205252,0.0,Astrocyte,Astrocyte,-0.4995565068144631
28E2_S109,Hippocampus,28,1H,AST1,1990,7.596392304064196,1.858534e+06,14.435299,71491.0,11.1773405,3.846634,62077.0,11.036147,3.3401058,6836.0,8.830104,0.3678168,False,False,3,3.290936809419935,-0.06066394660940122,-0.13817212587655192,0.30640382826328283,-0.18727298855781555,-0.0757457511593597,-0.709455688095572,0.0,Astrocyte,Astrocyte,-0.11617306186405563
28E3_S117,Hippocampus,28,1H,AST1,1279,7.154615356913663,1.080298e+06,13.892749,84833.0,11.348452,7.852741,76276.0,11.242126,7.060644,1826.0,7.5104303,0.16902743,False,False,3,2.6155643088570057,-0.03586427650259967,3.839037639926178,-1.1580128026008607,1.7264098882675172,-0.02943585617373688,-0.5890925715317079,0.0,Astrocyte,Astrocyte,-0.28284967224267565
28E6_S141,Hippocampus,28,1H,AST1,1904,7.552237287560802,1.839135e+06,14.424807,78129.0,11.2661295,4.2481384,84530.0,11.344873,4.5961823,4460.0,8.403129,0.24250531,False,False,1,3.7556330617008307,-0.04417208840499571,-0.15431159403589037,-0.6997617292404175,-0.08374694108963013,-0.00611281455165208,-0.7794197558158606,-0.14421563148498534,Astrocyte,Astrocyte,-0.628039568513383
28E7_S149,Hippocampus,28,1H,AST1,1573,7.3613754289773485,1.86772e+06,14.440229,43434.0,10.679021,2.325509,127586.0,11.756554,6.8311095,8789.0,9.08137,0.47057372,False,False,3,5.167750097363372,-0.03398032883303848,-0.0818222544410012,-0.9712030363082885,-0.24777897238731383,1.5779007757552947,-0.45709377018051534,0.0,Astrocyte,Astrocyte,-0.5042669775091945
28E8_S157,Hippocampus,28,1H,AST1,1750,7.467942332285852,1.476139e+06,14.204941,72347.0,11.189243,4.901097,114093.0,11.644778,7.7291503,9375.0,9.145908,0.6351028,False,False,3,1.5036515929008436,-0.12371337353883677,1.742584309192619,-0.9266776978969574,-0.28458343625068666,-0.03827079980060308,-0.6633910108451269,0.0,Astrocyte,Astrocyte,-0.06537492411562518
28E9_S165,Hippocampus,28,1H,AST1,2183,7.688913336864796,2.063741e+06,14.540031,70425.0,11.162318,3.4124923,81144.0,11.303993,3.9318886,7051.0,8.861067,0.3416611,False,False,3,2.84673351505415,-0.0704074223436902,-0.11858911616633637,1.7414176791906357,-0.005519751906394959,-0.1017747726103272,-0.9662989761362124,0.0,Astrocyte,Astrocyte,-0.697483994128907
28F10_S174,Hippocampus,28,1H,AST1,2657,7.885329239273191,2.268233e+06,14.634512,52014.0,10.859287,2.2931507,108067.0,11.590516,4.7643695,11560.0,9.355392,0.50964785,False,False,3,3.116939260659974,-0.15552253100141208,1.4051665103796758,2.0811035728454588,-0.07788854837417603,-0.20159014788540927,-0.9804179452771518,-0.12597442626953126,Astrocyte,Astrocyte,-0.7445633803464734
28F1_S102,Hippocampus,28,1H,AST1,1636,7.400620577371135,1.86487e+06,14.438703,43630.0,10.683523,2.3395731,103219.0,11.544618,5.534917,5856.0,8.675393,0.31401652,False,False,3,3.915821119735802,-0.2142129333774049,1.251412949778817,-0.467399570941925,-0.09579029321670532,-0.10250645574897227,-0.6988164719624735,0.0,Astrocyte,Astrocyte,-0.46938987407143007
28F2_S110,Hippocampus,28,1H,AST1,2749,7.919356190660617,2.392902e+06,14.688018,43879.0,10.689214,1.833715,93637.0,11.447191,3.9131145,10338.0,9.243678,0.43202773,False,False,2,2.940362273669634,-0.09318234093824224,-0.2602779112680994,-1.2039567363262176,-0.2148037564754486,-0.024187839994526873,0.7351186838581334,-0.009824143648147583,Astrocyte,Astrocyte,-0.12923574858097875
28F4_S126,Hippocampus,28,1H,AST1,2129,7.6638772587034705,2.035746e+06,14.526374,52702.0,10.872428,2.5888298,78802.0,11.274707,3.8709152,5145.0,8.545975,0.2527329,False,False,2,3.19170244404527,-0.03716022764618073,-0.09767603753793119,2.329724448919296,-0.12512086153030397,-0.07763680303939666,-0.7084654628032416,0.0,Astrocyte,Astrocyte,-0.634770870407754
28F5_S134,Hippocampus,28,1H,Mural,1314,7.181591944611865,1.211841e+06,14.007652,14537.0,9.584521,1.1995798,122228.0,11.713652,10.086142,11119.0,9.316501,0.9175296,False,False,0,-2.366386624633289,-0.10712727709631224,-0.423659906242833,-0.9233708477020264,-0.09068072319030762,-0.1818893702343257,5.553405073419887,-0.16955628395080566,Mural,Mural,-0.18762065781177784
28F6_S142,Hippocampus,28,1H,AST1,2353,7.763871287820222,1.86481e+06,14.43867,72849.0,11.196157,3.9065104,89875.0,11.406186,4.8195257,8386.0,9.034438,0.44969732,False,False,2,1.8811916145470624,-0.1440930288640698,-0.07648771218579226,-1.3611434495449066,-0.0537696647644043,-0.09262365042561232,-0.892567254191068,0.0,Astrocyte,Astrocyte,-0.2912743064218849
28F7_S150,Hippocampus,28,1H,AST3,1872,7.5352967024440884,1.846162e+06,14.42862,45302.0,10.721128,2.4538474,99232.0,11.505226,5.375043,4904.0,8.498011,0.26563215,False,False,3,2.594645840222718,-0.052631103812749665,-0.17333359068090265,2.451099042892456,-0.20549962997436524,-0.10736449559529622,-0.9045485359939498,0.0,Astrocyte,Astrocyte,-0.20140853220711963
28F9_S166,Hippocampus,28,1H,AST2,1935,7.568379267836522,1.793443e+06,14.399649,62277.0,11.039364,3.4724827,86184.0,11.364251,4.8055053,4425.0,8.395251,0.24673212,False,False,2,4.734027488635538,-0.09951168508385894,-0.23148118727134936,2.372434996366501,-0.0655419921875,-0.17659032103991268,-0.62587656148115,0.0,Astrocyte,Astrocyte,-0.200518841337481
28G10_S175,Hippocampus,28,1H,AST4,2874,7.963807953231451,2.325145e+06,14.659293,91908.0,11.428555,3.9527855,64512.0,11.074622,2.7745366,16028.0,9.682155,0.6893334,False,False,6,1.2779167252160164,0.7740016620063302,-0.30081862241330776,-1.8624398949742318,-0.2731595826148987,-0.3730205974795602,-0.931887585314075,0.0,Astrocyte,Astrocyte,0.1277804916758768
28G11_S183,Hippocampus,28,1H,AST3,1702,7.440146680662688,1.712766e+06,14.353621,67760.0,11.123742,3.9561737,126454.0,11.747642,7.3830285,4591.0,8.432071,0.26804596,False,False,3,2.6084436360604126,-0.023463793735408304,-0.18540241802581633,2.7031526935100554,-0.17452013492584229,-0.05558722549014621,-0.7996609420632598,-0.013040592670440674,Astrocyte,Astrocyte,0.7127038742071997
28G6_S143,Hippocampus,28,1H,AST1,2932,7.983781068977451,1.941735e+06,14.479093,46162.0,10.739934,2.3773584,47497.0,10.768443,2.4461112,8803.0,9.082961,0.45335746,False,False,2,3.4225921266065917,-0.07822141216028874,-0.2931398159325725,-1.8784273517131806,-0.005709880590438842,-0.2607415264303034,0.23612970263514677,0.0,Astrocyte,Astrocyte,-0.047854703585174074
28G7_S151,Hippocampus,28,1H,AST1,2061,7.631431664576906,1.680615e+06,14.334671,72859.0,11.196295,4.335258,108279.0,11.592476,6.44282,6748.0,8.81715,0.40151972,False,False,2,2.679743648226796,-0.06185141819805356,-0.21784799688994283,1.2668317413330077,-0.18050989508628845,-0.14552029575964417,-0.8920051901783775,-0.19942909240722656,Astrocyte,Astrocyte,-0.7092749819731673
28G8_S159,Hippocampus,28,1H,AST1,1836,7.515889085215125,1.70232e+06,14.347504,44912.0,10.712482,2.6382818,91532.0,11.424455,5.3768973,4906.0,8.498418,0.28819492,False,False,3,2.3165237669084897,-0.10291519955774049,-0.14340909924169984,-1.1055928111076354,-0.08680973768234253,-0.1744228806158509,-0.4604112538860072,0.0,Astrocyte,Astrocyte,-0.187739271502662
28G9_S167,Hippocampus,28,1H,AST1,2040,7.621195162809845,1.454994e+06,14.190513,36997.0,10.51862,2.5427597,70984.0,11.170224,4.8786454,6360.0,8.757941,0.43711522,False,False,3,2.236417416992083,-0.11531247295925964,-0.19279734353826503,2.514997775554657,-0.09641074538230895,-0.02183102658300689,-1.1331271628039565,-0.014408477544784547,Astrocyte,Astrocyte,-0.2422243133809212
28H11_S184,Hippocampus,28,1H,AST1,2417,7.790696031174738,2.024601e+06,14.520884,91888.0,11.428337,4.5385733,64556.0,11.075304,3.1885788,7955.0,8.981682,0.39291695,False,False,2,3.5927474342408727,-0.0773296529923252,-0.20763763454225329,1.1312337553501128,1.5321355843544007,-0.2635191835538305,0.7938310587825488,0.0,Astrocyte,Astrocyte,0.2246371807160481
28H5_S136,Hippocampus,28,1H,AST4,3035,8.01829613851552,1.840871e+06,14.42575,76157.0,11.240565,4.137009,56522.0,10.942403,3.0703943,14604.0,9.589119,0.7933201,False,False,6,2.448445697951187,-0.11922981331695863,-0.5773890132855888,2.3501076662540434,-0.37022698640823365,-0.2921367185284393,0.031070436664562218,-0.08418570280075073,Astrocyte,Astrocyte,-0.5834644725406309
28H6_S144,Hippocampus,28,1H,AST3,1870,7.534228326274089,1.553965e+06,14.256321,101949.0,11.532238,6.560572,75002.0,11.225284,4.8264923,5944.0,8.690306,0.38250542,False,False,3,1.6757796416517161,-0.10344673101626449,-0.27422668837537667,3.144289208650589,-0.07311891853809356,-0.08123710059156322,-0.7699150706655417,-0.013729368448257446,Astrocyte,Astrocyte,0.10219484587543592
28H7_S152,Hippocampus,28,1H,AST5,1483,7.302496423727326,1.358048e+06,14.12156,13917.0,9.540938,1.0247797,163596.0,12.005161,12.046408,13929.0,9.5418005,1.0256634,False,False,1,0.7842174175658512,-0.04729682536580455,-0.09938998113978993,-0.7448975026607514,-0.0735318386554718,-0.016127651387994938,-0.8237200328453103,0.0,Astrocyte,Astrocyte,-0.48015436107208814
28H8_S160,Hippocampus,28,1H,AST1,1733,7.458186157340487,1.430673e+06,14.173656,61273.0,11.023111,4.2828093,89719.0,11.404449,6.2711043,7971.0,8.98369,0.55715036,False,False,2,4.7352735540254525,-0.08585254031809131,-0.23978594758293845,-0.8550397598743439,-0.210046706199646,-0.12043990270055906,1.148105622535974,0.0,Astrocyte,Astrocyte,-0.38831644842342067
28H9_S168,Hippocampus,28,1H,AST1,2322,7.750614732770409,1.908167e+06,14.461655,45914.0,10.734548,2.4061835,86958.0,11.373192,4.5571485,11075.0,9.312536,0.58039993,False,False,2,3.3642197879937186,-0.19383895576898777,-0.1735973267844229,-1.2785965776443482,0.01134714365005493,-0.2018203048995047,-1.0283496918989785,0.0,Astrocyte,Astrocyte,-0.6227051220672557
38A10_S73,Hippocampus,38,1H,Neuronal,2620,7.8713112033234065,2.361732e+06,14.674907,30982.0,10.341194,1.3118339,125647.0,11.74124,5.320121,76480.0,11.244798,3.2383013,False,False,7,-2.958637730997117,3.572294931615417,-0.5090228466674535,-1.107640107870102,-0.55427121758461,-0.39037166581009375,-1.0253667627746736,-0.03204039573669434,Neuron,Neuronal,-0.45413584248450445
38A11_S81,Hippocampus,38,1H,AST1,1997,7.599901959208498,2.597333e+06,14.769996,108444.0,11.593998,4.1752057,136848.0,11.826633,5.2687893,12944.0,9.468465,0.49835736,False,False,3,2.0836181106463156,-0.08698474042978718,-0.20340221277391068,-1.4300856244564057,-0.2588784921169281,-0.14100840356614855,-0.8258973869247053,0.0,Astrocyte,Astrocyte,-0.6158064552061944
38A12_S89,Hippocampus,38,1H,AST1,1819,7.506591780070841,2.780648e+06,14.838195,115584.0,11.657762,4.1567287,114472.0,11.648094,4.1167383,7949.0,8.980927,0.28586861,False,False,3,2.987477640636632,-0.10162863300074285,-0.1523407625429558,-1.0888771605491638,0.5520167422294617,-0.15616667391073824,-0.6816614153397144,0.0,Astrocyte,Astrocyte,-0.5309773194968999
38A1_S1,Hippocampus,38,1H,AST1,2189,7.691656822810547,2.0516e+06,14.534131,123654.0,11.725251,6.0271983,83305.0,11.330276,4.060489,9306.0,9.138522,0.45359722,False,False,2,3.724189215996226,-0.005573577617281046,-0.08596832929837583,-1.2500166767835617,-0.17781101703643798,-0.12554844280686042,-0.9389349991951755,0.0,Astrocyte,Astrocyte,-0.12602503951607846
38A4_S25,Hippocampus,38,1H,AST1,1922,7.56164174558878,1.728176e+06,14.362577,47098.0,10.760007,2.725301,99364.0,11.506556,5.7496457,9586.0,9.168163,0.5546889,False,False,3,2.51202615753549,-0.11453164402563967,-0.14176678236084755,-0.5668796825408936,-0.15689066767692567,-0.10250749491681957,-0.9882996453711735,0.0,Astrocyte,Astrocyte,-0.554295103617622
38A5_S33,Hippocampus,38,1H,AST1,1521,7.3277805384216315,1.258116e+06,14.045127,53620.0,10.889696,4.261928,86494.0,11.367842,6.874882,1919.0,7.5600805,0.15252966,False,False,3,4.130028365739707,-0.08067215746970632,-0.07043423797145035,-1.0084985661506654,-0.028440475463867188,-0.026252419057518545,-0.5003470068600908,0.0,Astrocyte,Astrocyte,-0.5565888417981105
38A6_S41,Hippocampus,38,1H,AST1,2802,7.938445551164788,2.305501e+06,14.650809,69629.0,11.15095,3.0201244,74142.0,11.213751,3.2158737,10247.0,9.234838,0.4444587,False,False,2,2.091340458458239,-0.03387229406653936,-0.23143587871031326,-0.13381589651107784,-0.2078821086883545,-0.198642545276218,-0.0006408164249591675,-0.016720200777053832,Astrocyte,Astrocyte,-0.4625054869508505
38A8_S57,Hippocampus,38,1H,AST1,2131,7.664815785285735,2.260505e+06,14.6311,62830.0,11.048203,2.7794673,146051.0,11.891718,6.46099,8407.0,9.036939,0.37190804,False,False,1,4.048732239040521,-0.12074846059233699,-0.20979007988265067,2.503110535144806,-0.15037598967552185,-0.0515297506794785,0.8729208522106535,0.0,Astrocyte,Astrocyte,-0.5780530877423804
38B11_S82,Hippocampus,38,1H,AST1,2843,7.952966790923131,2.92172e+06,14.887684,92987.0,11.440226,3.1826117,79408.0,11.282367,2.7178512,12910.0,9.465835,0.441863,False,False,1,2.5871020718350435,-0.04498224207504311,1.0871787164548432,-1.8571522298455239,-0.11208748161792755,-0.16155830898670234,-0.8036946860989135,-0.12126191139221192,Astrocyte,Astrocyte,-0.15181605281535293
38B12_S90,Hippocampus,38,1H,AST4,2417,7.790696031174738,3.155159e+06,14.96455,104385.0,11.555851,3.308391,134047.0,11.805953,4.2485023,22405.0,10.017084,0.71010685,False,False,3,1.2967084989847386,-0.1261538991976024,-0.3682988066263873,-1.5554119789600371,-0.13925999134778977,-0.1699958542982737,-0.9988938273496963,0.0,Astrocyte,Astrocyte,-0.7238482878681813
38B3_S18,Hippocampus,38,1H,AST3,1620,7.390798521735676,2.049336e+06,14.533027,79807.0,11.287379,3.894286,184993.0,12.128078,9.026973,8408.0,9.037058,0.4102792,False,False,2,2.4930417290150793,-0.09854301675480215,1.572528514597151,1.127018586397171,0.0,-0.07048060195614593,-0.6835626028290945,0.0,Astrocyte,Astrocyte,-0.031023479363755158
38B5_S34,Hippocampus,38,1H,Mural,1706,7.442492722794441,1.957403e+06,14.48713,44329.0,10.699417,2.2646844,187822.0,12.143255,9.595469,19519.0,9.879195,0.99718857,False,False,0,-3.2682957756714743,-0.18976323928066235,-0.23624121149381003,0.0037094950675964355,-0.10703819990158081,2.1000536626035515,3.9174140473106998,-0.012046431303024291,Mural,Mural,-0.6014481797839246
38B6_S42,Hippocampus,38,1H,AST3,2600,7.8636512654486515,2.299734e+06,14.648305,72715.0,11.194317,3.1618874,71879.0,11.182754,3.1255352,6856.0,8.833025,0.29812142,False,False,4,3.280695483984191,-0.06366643654042153,-0.4023542042934533,-1.0916668343544007,-0.11948845863342285,-0.20508909586704138,0.2704293955510585,0.0,Astrocyte,Astrocyte,1.4080293092982399
38B8_S58,Hippocampus,38,1H,AST3,2897,7.971776122880628,2.376078e+06,14.680963,55756.0,10.928759,2.346556,112733.0,11.632787,4.744499,10640.0,9.2724695,0.44779676,False,False,1,2.517595047507781,-0.07882899255608794,-0.18129862558962118,-0.12586421847343443,-0.19313514471054077,-0.22152856383660827,-1.3142646796739281,-0.13820536613464354,Astrocyte,Astrocyte,-0.36001149118444165
38C10_S75,Hippocampus,38,1H,AST3,2784,7.932003152361385,2.626123e+06,14.781019,69320.0,11.146503,2.6396327,71142.0,11.172447,2.7090125,18832.0,9.843366,0.71710277,False,False,1,3.259915784408485,-0.07144378807077456,-0.2504458213695372,-1.4374892246723174,1.336115803718567,-0.21319082529857905,0.6290325806967576,0.0,Astrocyte,Astrocyte,-0.40440217212762974
38C11_S83,Hippocampus,38,1H,AST1,2488,7.819636302367592,2.902507e+06,14.881085,80528.0,11.296372,2.774429,101927.0,11.532022,3.5116885,14956.0,9.612935,0.5152787,False,False,3,3.0998805390029656,-0.09653523908787637,-0.3254436998054235,1.9946352949738502,-0.05649950504302979,-0.17894924981425506,0.5384441558739648,-0.051903738379478453,Astrocyte,Astrocyte,-0.7752059279895933
38C12_S91,Hippocampus,38,1H,AST1,1664,7.417580402414544,2.779494e+06,14.83778,167515.0,12.028834,6.0268164,164405.0,12.010095,5.9149256,6543.0,8.7863035,0.23540255,False,False,3,2.348799607792839,-0.05481735066552857,-0.13628549166400022,-0.8641018098592759,1.192036280632019,-0.2574301109169469,-0.7482899277653526,0.0,Astrocyte,Astrocyte,-0.3870848582028248
38C1_S3,Hippocampus,38,1H,AST1,1895,7.547501682814967,1.455032e+06,14.190539,102124.0,11.533953,7.018677,50611.0,10.831944,3.4783428,5210.0,8.558527,0.35806772,False,False,3,2.534587781937396,-0.04632521394509167,-0.19791717180097945,-0.8560348683595658,-0.1391018259525299,-0.08790251943800184,0.5857628622845789,-0.014244307279586792,Astrocyte,Astrocyte,-0.37276098351048703
38C2_S11,Hippocampus,38,1H,AST3,2180,7.687538766201629,1.796287e+06,14.401233,44550.0,10.70439,2.480116,104825.0,11.560057,5.8356485,8224.0,9.014934,0.4578333,False,False,3,3.1518897085241937,-0.07276939567010007,-0.23100766930917296,-1.42094542324543,-0.18704774737358093,-0.03610160796329229,0.7800621848609579,-0.012450193166732787,Astrocyte,Astrocyte,-0.768452014568851
38C3_S19,Hippocampus,38,1H,Mural,1647,7.4073177104694174,1.679666e+06,14.334106,28652.0,10.263014,1.7058153,133990.0,11.805528,7.977181,15154.0,9.626086,0.9022032,False,False,0,-3.07217646508269,-0.15399953827786086,-0.3056308566921889,1.8537214702367781,-0.22967693448066712,-0.10485655370384755,6.055748612437416,0.0,Mural,Mural,0.6549107569187432
38C4_S27,Hippocampus,38,1H,AST1,2544,7.841885928984623,1.56632e+06,14.26424,86019.0,11.362335,5.49179,69858.0,11.154234,4.460008,12577.0,9.439705,0.8029649,False,False,2,2.5515291273919605,-0.10362409706690803,-0.24150061486947416,-1.7369273924827575,-0.1696695375442505,-0.18817130604175605,-0.7889197405858256,0.0,Astrocyte,Astrocyte,-0.7433477152568072
38C6_S43,Hippocampus,38,1H,Mural,1869,7.533693709848633,1.915794e+06,14.465643,42571.0,10.658952,2.2221074,119216.0,11.688701,6.2227983,20959.0,9.950371,1.0940111,False,False,0,-2.961825355154569,-0.19652964481756316,-0.4365068493467389,2.9543816196918486,-0.21280149459838868,1.3488618460568516,6.105485718154428,-0.11814922332763672,Mural,Mural,-0.721306157132023
38C7_S51,Hippocampus,38,1H,AST1,2253,7.720461694599722,1.980221e+06,14.498719,103206.0,11.544492,5.2118425,103007.0,11.542562,5.201793,10311.0,9.241063,0.5206995,False,False,2,3.3937278950149254,-0.11218028721497886,-0.2540378411008854,2.4075032258033753,-0.36185823917388915,-0.19648112853368124,2.688358142372951,-0.12275431632995605,Astrocyte,Astrocyte,0.24010431214246608
38D11_S84,Hippocampus,38,1H,AST3,2103,7.651595573857601,2.406974e+06,14.693881,150762.0,11.923465,6.263549,92772.0,11.437911,3.8543,4615.0,8.4372835,0.19173452,False,False,3,2.9150318291669333,-0.0024565590086893818,-0.19890165027945933,1.9909487605094909,-0.25080363392829896,-0.08489724361535275,-0.8829736613748062,-0.00977710485458374,Astrocyte,Astrocyte,1.321524831806877
38D1_S4,Hippocampus,38,1H,AST3,2408,7.786967002614872,1.931925e+06,14.474028,89868.0,11.406108,4.6517334,75575.0,11.232894,3.9119012,7909.0,8.9758835,0.40938443,False,False,3,3.379455973541801,-0.12516907231891575,-0.3826753485082376,2.371611179113388,-0.18406884551048278,-0.3532686269644535,-0.9220505961820707,-0.07469432830810546,Astrocyte,Astrocyte,-0.8453419156783013
38D2_S12,Hippocampus,38,1H,AST1,2762,7.924072324923417,1.969363e+06,14.493221,75189.0,11.227774,3.817935,113684.0,11.641187,5.772628,10318.0,9.241742,0.5239258,False,False,2,3.026482253778176,-0.0735658347307138,-0.23046055977994745,1.6455949157476426,-0.20064581096172332,-0.24192685671526976,-1.160099850827126,0.0,Astrocyte,Astrocyte,-0.6676942853129567
38D4_S28,Hippocampus,38,1H,AST1,2372,7.771910256435763,1.288067e+06,14.068654,33856.0,10.429901,2.6284347,56030.0,10.9336605,4.349929,11817.0,9.377379,0.91742116,False,False,2,3.1803239642596637,-0.1284842197619491,-0.037980344560411244,-1.4566049468517304,-0.14212075352668763,-0.13802008315770312,-0.4385874316320947,0.0,Astrocyte,Astrocyte,-0.42989732302688
38D5_S36,Hippocampus,38,1H,AST4,2671,7.890582534656536,2.127301e+06,14.570365,106071.0,11.571874,4.9861774,101029.0,11.523172,4.749163,22907.0,10.039242,1.0768105,False,False,6,1.0793178967439419,-0.19465928640796912,-0.38620582012215043,-1.862190661430359,1.2954667127132415,-0.2860558610973936,-1.2252168400802803,-0.14129806756973268,Astrocyte,Astrocyte,1.986388772452415
38D6_S44,Hippocampus,38,1H,AST1,2505,7.826443135456014,2.330561e+06,14.66162,70759.0,11.167049,3.036136,93911.0,11.450113,4.029545,9379.0,9.146335,0.4024353,False,False,2,3.0661559482741216,-0.06534006188263246,-0.26295449516989966,2.402852762937546,-0.22152302742004396,-0.1937708951006032,-1.147783280017987,0.0,Astrocyte,Astrocyte,-0.42209906808920017
38D8_S60,Hippocampus,38,1H,AST1,1919,7.560080465021827,2.185738e+06,14.597465,62227.0,11.03856,2.846956,170319.0,12.045434,7.792288,6042.0,8.7066555,0.27642837,False,False,2,2.302584097033641,0.0,-0.2494367656081614,-1.2219883847236632,-0.07520142436027527,-0.11001711421542698,1.2022788374867273,0.0,Astrocyte,Astrocyte,-0.4540625973814517
38D9_S68,Hippocampus,38,1H,Mural,1868,7.533158807455563,2.188117e+06,14.598553,30694.0,10.331855,1.4027586,125292.0,11.73841,5.7260194,16851.0,9.732224,0.77011424,False,False,0,-2.4685417065203517,-0.27373033791930235,-0.3134319878587819,-1.3234967875480652,-0.06576539516448975,-0.0787615053581469,5.855497066699081,-0.022765953540802002,Mural,Mural,4.6579334864234285
38E10_S77,Hippocampus,38,1H,AST1,1987,7.59488438721652,2.450255e+06,14.711703,55441.0,10.923093,2.2626626,121895.0,11.710923,4.9747887,18711.0,9.836921,0.7636348,False,False,3,3.2541308872035293,-0.08044000486632687,-0.2294234507011645,-1.2205237197875975,-0.17773517608642578,-0.10040301626378839,0.4240940994952791,0.0,Astrocyte,Astrocyte,-0.5722167448129797
38E11_S85,Hippocampus,38,1H,AST1,1876,7.537430036586509,2.587693e+06,14.766277,142377.0,11.8662405,5.5020823,126574.0,11.74859,4.891384,14219.0,9.562405,0.54948556,False,False,2,2.355277364045545,-0.1292019261786686,-0.0915959934995632,2.111098225712776,0.0,-0.1925267745750119,-0.6740373588686612,-0.01861358404159546,Astrocyte,Astrocyte,-0.26371856299983043
38E1_S5,Hippocampus,38,1H,AST3,2166,7.681099001536359,1.974375e+06,14.495763,55977.0,10.932714,2.8351758,87747.0,11.382224,4.4442925,6062.0,8.70996,0.30703387,False,False,3,3.5176100613640955,-0.055685209868541315,-0.1541763519999957,2.646219210624695,-0.2012982511520386,-0.20881192732338955,-0.8321729035832774,0.0,Astrocyte,Astrocyte,-0.6442423304651734
38E3_S21,Hippocampus,38,1H,AST3,1978,7.590346945602565,2.354836e+06,14.671982,94886.0,11.460442,4.02941,107968.0,11.5896,4.5849476,8503.0,9.048292,0.3610867,False,False,3,2.755018253795436,-0.04831969258773267,-0.12057617487329425,2.6858560729026797,-0.09707069396972656,-0.06526524430573588,-0.6865209005585867,0.0,Astrocyte,Astrocyte,-0.4555507188846353
38E4_S29,Hippocampus,38,1H,AST3,2214,7.703007682479236,1.872596e+06,14.442837,78260.0,11.267805,4.179225,99957.0,11.512506,5.337884,7126.0,8.871646,0.38054124,False,False,3,1.0256135818736798,-0.061989012675069684,-0.08604187194747154,-1.321295313835144,-0.14040729761123658,-0.06772833159475615,0.9770505236620879,-0.06555397510528564,Astrocyte,Astrocyte,-0.6371745613461146
38E6_S45,Hippocampus,38,1H,Mural,1365,7.2196420401307355,1.779515e+06,14.391852,36701.0,10.510587,2.0624158,189103.0,12.150052,10.626659,16912.0,9.735838,0.95037127,False,False,0,-2.667692864527468,-0.08793267592712863,-0.15804644546123467,-0.7868072545528412,0.0,-0.20746669143137306,5.762176462154293,0.0,Mural,Mural,1.7995215334955956
38E7_S53,Hippocampus,38,1H,AST1,2227,7.708859601047175,2.38117e+06,14.683103,106574.0,11.576604,4.475699,92423.0,11.434142,3.8814113,14816.0,9.603531,0.62221515,False,False,2,2.4963412708272044,-0.1152158652118702,-0.21649084247723974,-1.0987256646156311,-0.10174532532691956,-0.09578581771465262,-0.8069351036943982,-0.1016999626159668,Astrocyte,Astrocyte,-0.6558632731238669
38E8_S61,Hippocampus,38,1H,AST1,1851,7.524021415206125,2.40457e+06,14.692883,73015.0,11.198434,3.0365098,167686.0,12.029855,6.9736376,9797.0,9.189934,0.40743253,False,False,2,2.83032429674284,-0.12812006174020432,-0.29773321777883205,-1.3789365553855897,-0.20026026248931886,-0.01601868085186891,-0.6054402164478397,-0.021677062511444092,Astrocyte,Astrocyte,-0.16288494496592298
38F10_S78,Hippocampus,38,1H,Mural,1848,7.522400231387125,2.740343e+06,14.823594,52227.0,10.863374,1.9058563,195611.0,12.183888,7.138194,26646.0,10.190432,0.97236,False,False,0,-2.909547721264792,-0.104816997770089,-0.2177531294750445,2.1897947531938553,-0.2475093984603882,-0.44521691341592806,6.134629518542457,0.0,Mural,Mural,0.517415975489481
38F11_S86,Hippocampus,38,1H,AST1,1492,7.30854279753919,2.49266e+06,14.728862,64521.0,11.074761,2.5884397,250699.0,12.432013,10.057488,12990.0,9.4720125,0.52113,False,False,3,4.064826410976264,-0.08570795921824086,-0.0349780327141887,-0.7478196877241134,-0.10489194333553314,-0.16999583172075677,1.454504275142248,0.0,Astrocyte,Astrocyte,-0.5361248121436729
38F2_S14,Hippocampus,38,1H,Mural,1622,7.392031567514591,1.529215e+06,14.240266,23376.0,10.059508,1.5286274,127207.0,11.753579,8.318451,11970.0,9.390243,0.78275454,False,False,0,-3.1617269076284815,-0.1571239170117594,-0.17925174037615457,1.954508598446846,-0.2483949363231659,2.146224092955541,6.141728913364698,0.0,Mural,Mural,4.533164671247511
38F4_S30,Hippocampus,38,1H,AST1,2445,7.802209316247118,1.958861e+06,14.487874,72084.0,11.185601,3.6798935,111472.0,11.621538,5.690654,8552.0,9.054037,0.43658024,False,False,2,2.1095643890360014,-0.1842995744254721,-0.16882763848160254,-1.097795627117157,1.4356152319908142,-0.21635761586102573,-0.9508650818062787,-0.018949519395828247,Astrocyte,Astrocyte,-0.04291963666826737
38F5_S38,Hippocampus,38,1H,AST1,1700,7.438971592395862,2.227639e+06,14.616453,77444.0,11.257323,3.4765058,149169.0,11.912842,6.6962824,6771.0,8.820552,0.3039541,False,False,3,2.554237893370331,-0.1648641662981043,3.0661785572466225,-0.8538943600654602,-0.09119450211524964,-0.0359573063224253,-0.5849978618286363,0.0,Astrocyte,Astrocyte,-0.5495083859448441
38F9_S70,Hippocampus,38,1H,AST1,1266,7.144407180321139,2.225622e+06,14.615547,174607.0,12.070299,7.845312,180124.0,12.101406,8.093199,15665.0,9.659248,0.7038482,False,False,3,3.636539757577448,-0.03992723939406812,-0.211978094144301,-0.9564619398117066,-0.22057388544082643,-0.026603290528962105,-0.6685451814277688,0.0,Astrocyte,Astrocyte,-0.4244623512576936
38G10_S79,Hippocampus,38,1H,AST1,2040,7.621195162809845,2.982187e+06,14.908168,113039.0,11.635497,3.7904732,142849.0,11.869551,4.7900753,12335.0,9.420277,0.41362262,False,False,3,2.9920426543618808,-0.18501355734901812,-0.3178231741743858,-0.9294690489768982,-0.20454388856887817,-0.05777191965266912,-0.7201361004731164,0.0,Astrocyte,Astrocyte,-0.5557187090632514
38G11_S87,Hippocampus,38,1H,AST1,2390,7.779466967458324,2.874451e+06,14.871372,49729.0,10.8143635,1.7300347,140372.0,11.852058,4.8834367,17202.0,9.752839,0.5984447,False,False,3,2.7454785896780702,-0.1381614813253508,-0.25078081843828914,-1.4932317590713502,-0.27159454822540285,-0.004319312596561933,0.8614898159276301,0.0,Astrocyte,Astrocyte,-0.7640493556931739
38G2_S15,Hippocampus,38,1H,AST1,2293,7.738052297689316,1.924026e+06,14.469931,83680.0,11.334767,4.3492136,93032.0,11.44071,4.8352776,12597.0,9.441294,0.6547209,False,False,2,3.692854180687764,-0.12294214215110894,-0.1782723626103064,-1.924740189909935,-0.25122046291828154,-0.10713336624280372,-1.0069446216276543,0.0,Astrocyte,Astrocyte,-0.586134869885166
38G3_S23,Hippocampus,38,1H,AST1,2412,7.7886260656250315,1.987982e+06,14.502631,59791.0,10.998627,3.0076227,69470.0,11.148664,3.4944985,11883.0,9.382948,0.59774184,False,False,1,2.7980344129390406,-0.08289922062476077,-0.23843038654086565,-0.7258909982442856,-0.17817057132720948,-0.1487850450506114,0.1655367445107081,0.0,Astrocyte,Astrocyte,-0.5843153529005974
38G4_S31,Hippocampus,38,1H,Neuronal,2748,7.918992488165245,1.858648e+06,14.435361,17445.0,9.766866,0.9385855,68642.0,11.136675,3.6931145,49746.0,10.814706,2.6764617,False,False,7,-0.8774453155655679,2.6488557796382426,-0.5417879753642612,-1.3026895600557327,-0.39189292907714846,-0.4497645172205838,-1.10599087500692,-0.1204816210269928,Neuron,Neuronal,-0.8333635795892579
38G5_S39,Hippocampus,38,1H,AST1,1969,7.585788821732034,1.367385e+06,14.128411,50946.0,10.838541,3.7257977,94522.0,11.456598,6.9126105,5423.0,8.598589,0.3965964,False,False,3,3.499735456998231,-0.08140660650167034,-0.32159867732211794,-1.0431771576404572,-0.20609045028686523,-0.04657479368074976,-0.7374099049735908,0.0,Astrocyte,Astrocyte,0.008264483663195987
38G7_S55,Hippocampus,38,1H,AST1,1909,7.554858521040676,1.536138e+06,14.244782,66268.0,11.101478,4.3139353,100687.0,11.519782,6.5545545,10523.0,9.261414,0.6850296,False,False,2,3.276966715119575,-0.05014102962148848,-0.1014172537158234,2.5251416015625,-0.10983797788619995,-0.1482006467954077,-0.8787288066729828,-0.014036540985107421,Astrocyte,Astrocyte,0.2567753253476648
38G8_S63,Hippocampus,38,1H,AST1,1450,7.280008252884188,1.700897e+06,14.346667,97529.0,11.487915,5.7339745,132603.0,11.795122,7.7960625,9198.0,9.12685,0.54077345,False,False,2,3.778555449892263,-0.08531819156665899,-0.34039300108196757,-0.9914962822198867,0.0,-0.07745642975123242,-0.665654612545991,0.0,Astrocyte,Astrocyte,-0.30511817848543094
38H10_S80,Hippocampus,38,1H,AST3,2366,7.769378609513984,2.846201e+06,14.861496,82195.0,11.316862,2.8878846,130310.0,11.777679,4.5783834,12337.0,9.420439,0.433455,False,False,3,3.0648474828467336,-0.09311168607155881,-0.2223515189958341,2.320256175994873,-0.36632830142974854,-0.07483606537183125,-0.9431500846716627,0.0,Astrocyte,Astrocyte,0.20425819639172493
38H3_S24,Hippocampus,38,1H,AST1,1881,7.540090320145325,2.411279e+06,14.695668,120920.0,11.702892,5.014766,120329.0,11.697993,4.9902563,16060.0,9.68415,0.66603655,False,False,2,3.7318817096981203,-0.074984441150972,-0.19106961380351672,-0.7864237236976623,-0.06130037665367127,-0.08287981122431129,0.7743673264680795,0.0,Astrocyte,Astrocyte,-0.5413280921507757
38H4_S32,Hippocampus,38,1H,AST1,2838,7.951207156472972,1.990705e+06,14.504,49198.0,10.803629,2.4713857,93188.0,11.442385,4.6811557,18048.0,9.800845,0.90661347,False,False,2,3.187353872862018,-0.08211605512916144,0.8550056568299881,-1.7640366280078887,-0.07488729238510132,-0.27136028174198035,-0.9112102883544999,-0.3414938545227051,Astrocyte,Astrocyte,-0.9233972679245253
38H5_S40,Hippocampus,38,1H,AST3,1515,7.323830566202317,1.610241e+06,14.291895,76545.0,11.245647,4.7536364,131472.0,11.786557,8.164741,4417.0,8.393442,0.27430677,False,False,3,3.566360041092002,-0.16106779910811228,-0.22089818872586645,-0.5988306975364686,-0.11329544305801392,-0.1043602709818368,-0.724902829932208,0.0,Astrocyte,Astrocyte,-0.5433632806067873
38H6_S48,Hippocampus,38,1H,AST1,1726,7.454141078146678,1.982105e+06,14.499671,53848.0,10.893939,2.7167077,221078.0,12.306275,11.153698,5469.0,8.607034,0.27591878,False,False,3,3.4439643732185576,-0.017214555237161453,1.4837533464335433,1.445619455575943,-0.06288370132446289,-0.024155412057433465,-0.7208136619634964,0.0,Astrocyte,Astrocyte,-0.4911791945936684
38H8_S64,Hippocampus,38,1H,AST1,1769,7.478734825567875,1.803625e+06,14.40531,97809.0,11.490782,5.422912,114307.0,11.646652,6.3376255,6804.0,8.825413,0.3772403,False,False,3,2.978948314658931,-0.07361459552343168,-0.2803029113947743,-0.8231057596206665,-0.21064170360565185,-0.12953988048765394,-0.7185016016864297,0.0,Astrocyte,Astrocyte,-0.5709201568156133
38H9_S72,Hippocampus,38,1H,AST1,2780,7.930565854233965,2.172681e+06,14.591473,81295.0,11.305852,3.7416906,80339.0,11.294023,3.6976895,12662.0,9.44644,0.58278227,False,False,2,2.091166703427424,-0.1344399829605716,-0.3148075853935396,-1.2742341423034669,-0.19873738288879395,-0.1334603808142922,-1.1264322753527656,-0.010580098628997803,Astrocyte,Astrocyte,-0.8715171686409411
48A10_S73,Hippocampus,48,1H,AST3,1865,7.531552381407289,1.341884e+06,14.109586,55854.0,10.930514,4.162357,86943.0,11.373019,6.4791737,4280.0,8.361942,0.31895453,False,False,3,2.5884928074690814,-0.04631635891133217,-0.23911425651925983,1.4532292139530183,-0.11783378124237061,-0.17895212498578159,0.25662833601985147,0.0,Astrocyte,Astrocyte,0.6580319967811216
48A11_S81,Hippocampus,48,1H,AST1,1793,7.492203042618741,1.40017e+06,14.152105,60395.0,11.008678,4.313405,57388.0,10.957608,4.098645,3648.0,8.2022085,0.2605398,False,False,1,4.748098569489567,-0.10355800480099779,-0.13700297926411484,-1.2676494359970092,-0.0995685362815857,-0.07453743857566757,-0.7033290629410863,-0.023094794750213622,Astrocyte,Astrocyte,0.6142748279344658
48A12_S89,Hippocampus,48,1H,AST1,1745,7.465082736399547,1.50191e+06,14.222249,58560.0,10.977824,3.8990352,71423.0,11.17639,4.755478,6687.0,8.80807,0.44523305,False,False,2,4.5751412527157305,-0.0599306564235208,1.1224254598521224,-0.9892015826702117,1.6109959983825684,-0.21220919700584026,-0.7040022695483874,0.0,Astrocyte,Astrocyte,-0.4239863302552441
48A1_S1,Hippocampus,48,1H,AST1,2453,7.805474625270857,1.33359e+06,14.103386,37387.0,10.529105,2.8034854,53712.0,10.891411,4.0276246,3645.0,8.2013855,0.27332237,False,False,2,2.3318552736376157,-0.11478116763896079,1.7285935078004393,-1.444608359336853,1.2609483766555787,-0.08568989387666336,-0.7657187841645438,-0.04842357635498047,Astrocyte,Astrocyte,-0.7551040930023576
48A3_S17,Hippocampus,48,1H,AST1,1782,7.48605261786314,1.215109e+06,14.010345,42660.0,10.66104,3.5107963,66897.0,11.110925,5.505432,2816.0,7.9434276,0.23174874,False,False,3,2.9357656885365975,-0.05637197877893496,-0.17344429276206277,-0.7046701264381409,-0.2593492019176483,-0.15884890279384575,1.1633432207994125,-0.016401559114456177,Astrocyte,Astrocyte,0.32895022829705367
48A4_S25,Hippocampus,48,1H,AST1,2330,7.754052639035757,1.276478e+06,14.059616,50866.0,10.836969,3.9848707,54477.0,10.905552,4.2677584,6499.0,8.779557,0.5091353,False,False,2,3.57048309403039,-0.14049087936554722,-0.13773313977501608,-1.1520676082372665,-0.09764141798019409,-0.1190261949192394,-0.7096310395691263,-0.015709272623062133,Astrocyte,Astrocyte,-0.6236247299907601
48A5_S33,Hippocampus,48,1H,AST1,1806,7.499423290592229,1.142735e+06,13.9489355,53580.0,10.888949,4.6887507,39455.0,10.582941,3.4526813,4434.0,8.397283,0.38801646,False,False,1,3.7078565587111516,-0.036102608819702765,-0.26291176405819977,2.9112836146354675,-0.05850687980651856,-0.2829080952538384,-0.5795366012271325,-0.01685217022895813,Astrocyte,Astrocyte,-0.5632507243381816
48A6_S41,Hippocampus,48,1H,AST1,1918,7.5595594960077,1.450044e+06,14.187105,75153.0,11.227295,5.1828084,43926.0,10.690285,3.0292873,4537.0,8.420241,0.31288707,False,False,3,2.4838586687390265,-0.15471697812104346,1.4910110223172892,1.3364461040496827,-0.31393137216567996,-0.06591532928775055,-0.8523699254845855,-0.08086617469787598,Astrocyte,Astrocyte,-0.5420567643065285
48A7_S49,Hippocampus,48,1H,Neuronal,2898,7.972121128921655,1.697826e+06,14.34486,19127.0,9.858909,1.1265583,57885.0,10.96623,3.40936,26003.0,10.166006,1.5315468,False,False,7,-2.8886306507339894,3.310128436016677,-0.4556780355145233,-1.272237823009491,-0.5779124927520752,-0.5202610540871668,-1.024132718392952,-0.19379642009735107,Neuron,Neuronal,-0.49515188842365054
48A9_S65,Hippocampus,48,1H,Mural,1801,7.496652438168283,1.475857e+06,14.20475,17867.0,9.790767,1.2106186,75153.0,11.227295,5.09216,10089.0,9.2193,0.6836028,False,False,0,-2.648857381174473,-0.23429400717193757,-0.24870442139981974,2.8007606554031375,-0.49700661897659304,-0.3234010681961522,5.824219241214158,0.0,Mural,Mural,4.228406816521948
48B10_S74,Hippocampus,48,1H,AST1,2142,7.669961995473577,1.039924e+06,13.854659,62008.0,11.035035,5.9627438,68142.0,11.129364,6.552594,4452.0,8.401333,0.42810822,False,False,2,4.158869338165868,-0.1405219537528915,-0.1807163857450389,2.395831929445267,-0.07395123958587646,-0.2940700752566559,-0.8111190921697186,0.0,Astrocyte,Astrocyte,-0.6726950686642642
48B11_S82,Hippocampus,48,1H,AST3,1883,7.5411524551363085,1.54706e+06,14.251867,48853.0,10.796592,3.157796,68021.0,11.127586,4.3967915,3364.0,8.121183,0.2174447,False,False,3,3.5871844161403628,-0.031536622263079316,-0.16045665740966797,-1.277506103515625,0.0,-0.12162344865124634,-0.8038213917957479,0.0,Astrocyte,Astrocyte,-0.04225249003886378
48B12_S90,Hippocampus,48,1H,AST1,1376,7.227662498728654,1.204921e+06,14.001925,63451.0,11.058039,5.2659883,45083.0,10.716283,3.741573,1753.0,7.469654,0.14548671,False,False,2,3.958757764329024,-0.03360902993523296,-0.238791370331639,-0.5500015592575074,-0.3141722297668457,0.016343311830000484,0.5697127838230612,0.0,Astrocyte,Astrocyte,-0.06426457620423304
48B2_S10,Hippocampus,48,1H,AST3,1826,7.510430556378006,1.211267e+06,14.007178,28057.0,10.242029,2.3163347,48131.0,10.781703,3.9736078,4695.0,8.454467,0.38761064,False,False,3,3.5609766629224273,1.590585104185133,-0.25092009161457873,2.6391052079200743,-0.35358287453651427,-0.2278627518451575,-0.6173419598958001,-0.059728507995605466,Astrocyte,Astrocyte,-0.1680239517621086
48B3_S18,Hippocampus,48,1H,AST1,2307,7.744136627627991,1.629702e+06,14.303908,72909.0,11.196981,4.4737625,38897.0,10.568698,2.3867552,5397.0,8.593783,0.33116484,False,False,2,3.8565138923665874,-0.07036719609744585,-0.21707289267067958,-1.4859993660449982,-0.22284616708755492,0.0,-0.7540345820949306,0.0,Astrocyte,Astrocyte,-0.5112189263578051
48B6_S42,Hippocampus,48,1H,AST1,2632,7.87587915949631,1.827728e+06,14.418585,101022.0,11.523104,5.52719,39018.0,10.571804,2.1347816,9027.0,9.108087,0.49389187,False,False,2,3.0175146326992683,-0.11962399051417058,-0.3070550855964121,-1.1870011258125306,-0.1968810725212097,-0.14286226335197988,0.685205885513344,0.0,Astrocyte,Astrocyte,-0.3187032958402458
48B8_S58,Hippocampus,48,1H,AST1,1842,7.519149957669823,1.090578e+06,13.90222,48943.0,10.798432,4.4878035,42216.0,10.6505785,3.8709748,3170.0,8.061802,0.29067156,False,False,3,4.317194669624495,-0.07708458924413326,-0.31264785895443925,-1.0978186535835266,-0.13063022911548614,0.0,-0.6994381253443771,0.0,Astrocyte,Astrocyte,-0.5594209589822862
48B9_S66,Hippocampus,48,1H,Mural,1645,7.406103381237015,1.31722e+06,14.091035,20725.0,9.939144,1.5733894,61749.0,11.030849,4.6878276,7559.0,8.930627,0.5738601,False,False,0,-2.316361286926791,-0.14721535737790056,-0.32799024052090114,3.297252515554428,-0.16096126556396484,-0.1467727699665108,6.004544775090625,0.0,Mural,Mural,5.314497051807198
48C10_S75,Hippocampus,48,1H,AST1,1579,7.365180126021013,1.096284e+06,13.907437,30656.0,10.330616,2.7963557,66807.0,11.109578,6.0939503,3027.0,8.015657,0.27611458,False,False,1,1.3563320858231007,-0.10877960770573449,-0.13576683371958106,2.7990473747253417,-0.28460652828216554,-0.13024986392319804,1.0698741039439064,-0.10857687950134277,Astrocyte,Astrocyte,-0.26208171235997607
48C11_S83,Hippocampus,48,1H,Mural,1622,7.392031567514591,1.457986e+06,14.192567,16662.0,9.720946,1.1428094,70356.0,11.161338,4.8255606,7891.0,8.973605,0.541226,False,False,0,-2.7037984834668416,1.5281241826675644,-0.3051864242914951,2.8094618332386014,-0.16209523499011994,-0.2705175407005079,5.749105216570236,0.0,Mural,Mural,6.3547033795430785
48C12_S91,Hippocampus,48,1H,AST1,1414,7.254884810077338,1.120258e+06,13.92907,37952.0,10.544104,3.387791,52258.0,10.863968,4.6648183,4316.0,8.370316,0.3852684,False,False,3,4.469535737741189,-0.04451274991634503,-0.19356734343249388,-0.42699811935424803,-0.008609910011291504,-0.07159641053941515,-0.7717026118657098,0.0,Astrocyte,Astrocyte,-0.2872441509530222
48C1_S3,Hippocampus,48,1H,AST1,1947,7.5745584842024805,1.252844e+06,14.040928,66653.0,11.10727,5.3201356,52652.0,10.871478,4.2025986,3340.0,8.114025,0.26659343,False,False,2,2.453007654414151,-0.10514628348039023,-0.2859980617508744,-0.930074622631073,-0.31443079352378844,-0.12431501740157003,0.8699722562603016,-0.10168656349182129,Astrocyte,Astrocyte,-0.5637714561317521
48C2_S11,Hippocampus,48,1H,AST3,1906,7.553286605600419,1.071046e+06,13.884148,38502.0,10.558492,3.5948033,40292.0,10.603933,3.76193,1826.0,7.5104303,0.17048754,False,False,3,3.3140050817708504,-0.033546069758621296,-0.13196994740553578,-0.8464213144779206,-0.1352771484851837,-0.10238253468214864,-0.7461108160977388,0.0,Astrocyte,Astrocyte,-0.48240830719421224
48C4_S27,Hippocampus,48,1H,AST1,1313,7.1808311990445555,974494.0,13.789675,61385.0,11.024937,6.299166,79249.0,11.280363,8.132323,1352.0,7.2100797,0.13873868,False,False,2,4.925139349015033,-0.09569131998560536,-0.0808530431805235,3.060092847943306,1.6824825429916381,-0.09076010097156871,-0.5313123548450183,0.0,Astrocyte,Astrocyte,-0.09330950455991971
48C5_S35,Hippocampus,48,1H,AST1,2474,7.813995675002791,1.280407e+06,14.06269,56448.0,10.9410925,4.4085984,33611.0,10.422639,2.6250248,6562.0,8.789203,0.5124933,False,False,2,3.663149244798338,-0.15434510144756067,-0.3092994581569325,1.1638208985328675,-0.12920974493026732,-0.015654318260424065,-0.4257034803155678,-0.11386242389678955,Astrocyte,Astrocyte,-0.9278853974477675
48C6_S43,Hippocampus,48,1H,Neuronal,2516,7.830822995135316,1.383516e+06,14.14014,18827.0,9.843101,1.3608083,50531.0,10.830362,3.652361,23559.0,10.067306,1.7028354,False,False,7,-2.1921576528601308,4.643234142106981,-0.4248759276939161,-1.4235767340660095,-0.377095981836319,-0.33376589929214634,0.6934036447774226,0.0,Neuron,Neuronal,-0.27514139101381896
48C7_S51,Hippocampus,48,1H,AST1,2171,7.683403681053826,1.204399e+06,14.0014925,59294.0,10.99028,4.9231195,65586.0,11.091133,5.4455376,4741.0,8.464214,0.3936403,False,False,3,2.6964290402626085,-0.11080778423865237,0.7422793326955853,2.7077887582778932,-0.3001039481163025,-0.1616721105093908,0.9494973534914717,-0.10581549644470215,Astrocyte,Astrocyte,-0.2440041170792906
48C8_S59,Hippocampus,48,1H,AST3,2690,7.897668150726906,1.481997e+06,14.208901,39759.0,10.590616,2.6827989,44075.0,10.69367,2.9740276,5974.0,8.695339,0.40310472,False,False,3,1.7890765973127598,-0.06351908547195358,-0.10893293763651993,1.6416131639480591,-0.16927200317382812,-0.16320379213853317,-1.1515547576262124,-0.028014464378356932,Astrocyte,Astrocyte,-0.7735223304449218
48D10_S76,Hippocampus,48,1H,Mural,1580,7.365812837209472,1.23587e+06,14.027287,24699.0,10.114558,1.9985112,67828.0,11.124745,5.4882793,8002.0,8.987572,0.6474791,False,False,0,-2.8791072513562086,0.09221122020752585,-0.26831861306922605,2.8916859966516495,-0.3156385684013367,0.10626556837197504,5.654129177182164,-0.016207932233810424,Mural,Mural,5.591940073367948
48D12_S92,Hippocampus,48,1H,AST3,1616,7.388327859577107,1.203945e+06,14.001115,61298.0,11.023519,5.0914288,49670.0,10.813176,4.1256037,4165.0,8.334712,0.34594604,False,False,3,0.89219341773153,-0.07750152702906624,-0.154184907975823,-0.8125748431682587,-0.14949536085128784,-0.10596166716681586,-0.7996662106346245,0.0,Astrocyte,Astrocyte,-0.49334891809645004
48D1_S4,Hippocampus,48,1H,AST1,1442,7.274479558773871,991682.0,13.807158,48116.0,10.781391,4.8519588,41246.0,10.627334,4.159196,1065.0,6.9716687,0.107393295,False,False,3,4.355256707290483,0.0,1.7844274579876602,2.3927854144573213,0.0,-0.018789553883099795,-0.48618939294287905,0.0,Astrocyte,Astrocyte,-0.4354825776089014
48D2_S12,Hippocampus,48,1H,AST1,2073,7.637234388789473,1.323847e+06,14.096053,41980.0,10.644973,3.1710613,41130.0,10.624517,3.1068544,3057.0,8.0255165,0.23091792,False,False,3,2.189160018670754,-0.05960368870490759,-0.16244055857562056,-0.8909020906686783,-0.19792423844337464,-0.2784640843218023,-0.8476580821689049,-0.09139932632446289,Astrocyte,Astrocyte,-0.329054582895142
48D3_S20,Hippocampus,48,1H,AST1,1964,7.583247524303362,1.235265e+06,14.026797,42842.0,10.6652975,3.4682438,51108.0,10.841716,4.1374116,7973.0,8.983941,0.64544857,False,False,2,2.8948004753863223,-0.044381018859058166,-0.10209982082097217,2.6441518127918244,-0.2571884775161743,-0.02409219260167594,-0.6261587520340579,1.9688975811004639,Astrocyte,Astrocyte,0.36458305206044095
48D5_S36,Hippocampus,48,1H,AST1,2505,7.826443135456014,1.45159e+06,14.18817,40463.0,10.608168,2.7874951,26314.0,10.177895,1.8127707,5817.0,8.668712,0.40073296,False,False,2,3.661876979421397,-0.08677284561808984,0.8753728661874328,1.5489329981803894,-0.13301919221878053,-0.018373077565973454,-0.8979228609171345,0.0,Astrocyte,Astrocyte,-0.3690951035197868
48D6_S44,Hippocampus,48,1H,AST1,2484,7.818027938530729,1.379054e+06,14.1369095,71140.0,11.17242,5.158609,37401.0,10.529479,2.7120764,9222.0,9.129456,0.6687193,False,False,2,2.5886481629043328,-0.13063189012920437,-0.2749849437463163,-1.4136267161369325,-0.22921778440475463,-0.18261922007859355,1.2570957640307632,0.0,Astrocyte,Astrocyte,0.08177372743569944
48D8_S60,Hippocampus,48,1H,AST1,2372,7.771910256435763,1.576193e+06,14.270524,38596.0,10.56093,2.448685,45845.0,10.733044,2.9085903,5160.0,8.548885,0.3273711,False,False,3,4.029897320791672,-0.09365364684531437,-0.1984161331196024,-1.4403935128450394,-0.13739703416824342,-0.08604592807365186,0.7304598096028045,0.0,Astrocyte,Astrocyte,-0.6887724293094246
48E10_S77,Hippocampus,48,1H,AST1,1476,7.29776828253138,874316.0,13.681198,14595.0,9.588503,1.669305,43720.0,10.685584,5.00048,3187.0,8.067149,0.36451352,False,False,2,2.7454952021114165,-0.11276646714713705,-0.08981896410084735,3.0764051699638366,-0.21038078308105468,-0.13256397873464257,0.07434526909535855,-0.2664055442810059,Astrocyte,Astrocyte,-0.42891156295305105
48E11_S85,Hippocampus,48,1H,AST3,2547,7.843064016692054,2.012228e+06,14.514753,63717.0,11.0622225,3.16649,92483.0,11.434791,4.59605,7345.0,8.901911,0.36501828,False,False,2,4.201361289441259,-0.08545136930954517,-0.30415612579596163,2.3397361505031586,-0.17475683569908143,0.1290893337943337,-1.120131494411871,-0.13082125902175903,Astrocyte,Astrocyte,0.4895266770993131
48E12_S93,Hippocampus,48,1H,AST1,1805,7.498869733976931,1.493044e+06,14.216329,58887.0,10.983393,3.94409,50271.0,10.825204,3.367014,4459.0,8.4029045,0.2986516,False,False,1,2.7045158121755213,-0.05806045316571566,1.640296944464096,2.70928062915802,-0.06370433926582336,-0.12053551336731573,1.0358393545725837,0.0,Astrocyte,Astrocyte,0.24085303255433033
48E3_S21,Hippocampus,48,1H,AST4,2076,7.638679823876112,1.562895e+06,14.262051,57160.0,10.953628,3.6573153,59597.0,10.995378,3.813244,14852.0,9.605957,0.95028776,False,False,6,1.317159307459013,-0.06944333907946869,1.4949935159899972,-1.0639822995662689,-0.1209836721420288,-0.17738340599368316,-1.0721109045210795,0.0,Astrocyte,Astrocyte,-0.19094331321214797
48E4_S29,Hippocampus,48,1H,AST1,2426,7.794411205726601,1.570301e+06,14.266779,76873.0,11.249923,4.8954306,46093.0,10.738438,2.935297,5371.0,8.588956,0.34203634,False,False,2,3.6674128757799904,-0.09484271398141755,-0.2020278943307472,2.164693022966385,-0.05644908249378204,-0.24354649974842263,-0.8125387415214999,0.0,Astrocyte,Astrocyte,-0.8304839146157139
48E5_S37,Hippocampus,48,1H,AST1,2800,7.937731775260109,1.330876e+06,14.101349,32935.0,10.402322,2.4746857,51932.0,10.85771,3.9020915,5867.0,8.677269,0.44083744,False,False,2,1.6802283668778637,-0.1411089825270763,-0.21817349424265853,-1.4790599417686463,0.24020889163017273,-0.20335081249776513,-1.0846799318514877,-0.2079595470428467,Astrocyte,Astrocyte,-0.6839738369784093
48E6_S45,Hippocampus,48,1H,AST1,2307,7.744136627627991,1.831375e+06,14.420578,75607.0,11.233317,4.128428,41004.0,10.621449,2.2389734,6344.0,8.755423,0.3464064,False,False,2,2.4958108279223,-0.14426000932952268,0.9676245896503178,-1.2426825964450836,-0.00595859169960022,-0.17564845807624585,-0.8548410549834745,0.0,Astrocyte,Astrocyte,-0.09693878682607004
48E7_S53,Hippocampus,48,1H,Endothelial,1676,7.424761761823209,1.451327e+06,14.187989,38730.0,10.564396,2.6685925,95189.0,11.463631,6.5587564,23766.0,10.076054,1.6375359,False,False,5,-2.4692447175745103,-0.1846726297134131,-0.41812897089755896,-0.783823653459549,-0.4522925180196762,8.511238911537209,1.519407072258954,-0.13788286209106446,Endothelial,Endothelial,2.291365296618767
48E8_S61,Hippocampus,48,1H,AST4,3069,8.029432840581244,1.418541e+06,14.16514,69617.0,11.150779,4.907648,31549.0,10.359329,2.2240455,21015.0,9.953039,1.4814517,False,False,6,0.42709518944630886,-0.3035390958115084,-0.2988131461721478,-1.8208032870292663,-0.35148570120334627,-0.316981872524878,-1.1811352965220734,-0.0752803611755371,Astrocyte,Astrocyte,1.7033710572775298
48E9_S69,Hippocampus,48,1H,AST1,1374,7.226209010100671,1.101098e+06,13.911819,37528.0,10.532869,3.4082341,47380.0,10.765977,4.3029776,1762.0,7.474772,0.1600221,False,False,3,3.92300348073407,-0.0043689524708081726,-0.17310569021436903,-0.6766565966606141,-0.11494347333908081,-0.3558343444207702,-0.5134615619577955,0.0,Astrocyte,Astrocyte,-0.48916420325611987
48F10_S78,Hippocampus,48,1H,AST1,1464,7.289610521451167,1.299706e+06,14.077649,34781.0,10.456856,2.6760669,96009.0,11.472208,7.386978,7589.0,8.934587,0.5839013,False,False,3,3.4543481563609806,-0.07089685734791971,-0.12008575116745149,-0.8656141233444213,-0.13463828206062317,-0.06257220711370912,-0.787266341286089,4.453152179718018,Astrocyte,Astrocyte,-0.3206992531459598
48F11_S86,Hippocampus,48,1H,AST1,1959,7.580699752224563,1.815467e+06,14.411854,41409.0,10.631278,2.2809007,62666.0,11.04559,3.451784,3639.0,8.199739,0.2004443,False,False,3,2.325844463103456,-0.08162196976455612,-0.13260402312182418,2.651397830247879,-0.07255279541015625,-0.006118450501952508,-0.6279922388306814,0.0,Astrocyte,Astrocyte,-0.6017069004612893
48F1_S6,Hippocampus,48,1H,AST4,1662,7.416378479192928,989223.0,13.804676,42624.0,10.660196,4.308836,39568.0,10.585801,3.9999073,6206.0,8.733433,0.62736106,False,False,6,0.24919623266803725,1.5823187043319396,-0.15456030284515535,-0.6046833670139313,-0.17513917565345763,-0.13212107889580005,-0.6420776173098004,0.0,Astrocyte,Astrocyte,-0.5029319090914846
48F2_S14,Hippocampus,48,1H,AST1,1666,7.418780882750794,1.060795e+06,13.87453,37703.0,10.537521,3.5542212,39025.0,10.571983,3.6788445,4042.0,8.304742,0.38103497,False,False,2,2.6598167250065208,-0.044827460643634125,-0.1749671535058455,-1.2269702637195588,-0.017736663818359377,-0.08420558890911063,0.8336201456922981,0.0,Astrocyte,Astrocyte,-0.5036441917610487
48F3_S22,Hippocampus,48,1H,AST3,2073,7.637234388789473,1.703654e+06,14.348287,71710.0,11.1804,4.209188,49860.0,10.816995,2.9266505,4890.0,8.495152,0.2870301,False,False,3,3.952424786781352,-0.14294344336543252,-0.2943040903168495,-1.1336571097373962,-0.16815297365188597,-0.17255179809801507,-0.7209406953361166,0.0,Astrocyte,Astrocyte,-0.7320103533876957
48F4_S30,Hippocampus,48,1H,AST1,1758,7.472500744737558,1.432697e+06,14.17507,67193.0,11.115339,4.6899657,78807.0,11.27477,5.500605,4850.0,8.48694,0.3385224,False,False,1,3.9206055989030935,-0.08359055872538582,-0.13439496237822254,2.8383962404727936,-0.12166335582733154,-0.20844496079165525,-0.32064218257539834,0.0,Astrocyte,Astrocyte,-0.09098788225193055
48F5_S38,Hippocampus,48,1H,AST1,1550,7.346655163176539,1.137701e+06,13.944521,72538.0,11.191879,6.37584,54951.0,10.914215,4.8300037,3958.0,8.283747,0.34789458,False,False,3,4.070160973267477,-0.10473722968269233,-0.09099163551523227,-0.8776670265197754,-0.14335453510284424,-0.04483013562481813,0.6988971353176251,-0.044136428833007814,Astrocyte,Astrocyte,-0.04054870206446004
48F6_S46,Hippocampus,48,1H,AST4,3065,8.028129059431759,1.50921e+06,14.2270975,75656.0,11.233965,5.0129538,35276.0,10.470986,2.3373818,23909.0,10.082052,1.5842063,False,False,6,-0.4073988212262347,-0.2524947338367826,-0.5398218415000222,-1.8876283901929856,-0.37415005147457125,-0.621198696319503,-1.204881967911169,-0.11296962261199951,Astrocyte,Astrocyte,-0.6310332770737662
48F7_S54,Hippocampus,48,1H,AST1,2043,7.622663951323595,1.690381e+06,14.340466,59190.0,10.988524,3.5015774,53891.0,10.894737,3.188098,6943.0,8.8456335,0.4107358,False,False,2,3.9569637224973873,-0.10748144579892183,-0.13002950976593325,-1.1435531771183014,-0.23982129096984864,-0.019998926104921284,-0.9561576798333594,0.0,Astrocyte,Astrocyte,-0.6228061103462575
48F9_S70,Hippocampus,48,1H,AST1,1992,7.597396320212795,1.208072e+06,14.004538,41290.0,10.6284,3.4178424,65292.0,11.08664,5.404645,7142.0,8.873888,0.5911899,False,False,3,1.6279343685817205,-0.062231940839757874,-0.2336865747817839,-1.2019796752929688,0.10095956087112427,-0.12747281488746104,-0.9617686463360811,0.0,Astrocyte,Astrocyte,-0.45990961637092953
48G10_S79,Hippocampus,48,1H,AST3,2711,7.905441649060286,1.983262e+06,14.500254,64032.0,11.067154,3.2286205,58977.0,10.98492,2.9737372,5528.0,8.617763,0.27873272,False,False,2,3.3408641684902163,-0.10579361328527556,-0.11893032476155445,2.2629623425006864,-0.22117979764938356,-0.13176131007647274,-0.9187762216107929,0.0,Astrocyte,Astrocyte,-0.8583849539143812
48G11_S87,Hippocampus,48,1H,AST1,2774,7.928406026180535,2.102855e+06,14.558807,71595.0,11.178795,3.4046571,50183.0,10.823452,2.3864222,6389.0,8.762489,0.30382505,False,False,2,3.314899284982941,-0.05596143336751353,-0.29839588114709564,-1.6076678907871247,-0.1994846761226654,-0.19682489139865142,-1.2851591020373243,0.0,Astrocyte,Astrocyte,-0.8780649000893849
48G1_S7,Hippocampus,48,1H,AST3,1691,7.433666540166168,1.127459e+06,13.935478,67122.0,11.114282,5.9533873,60039.0,11.002767,5.3251605,3803.0,8.243809,0.33730716,False,False,2,3.634404852090638,-0.10512359238150132,-0.0544419577627471,2.5241158616542814,-0.1068354034423828,-0.12894732061058584,-0.5944527052155691,0.0,Astrocyte,Astrocyte,-0.6112979397749861
48G3_S23,Hippocampus,48,1H,AST1,2818,7.9441374911141125,1.758334e+06,14.379878,55411.0,10.922551,3.1513352,34393.0,10.445638,1.9559993,7663.0,8.944289,0.43581027,False,False,2,3.318563978528717,-0.07883144832735685,-0.29656582679411375,1.3737420099973678,-0.2265762948989868,-0.08727579706847066,-1.2332658021893335,0.0,Astrocyte,Astrocyte,-0.9479954692477575
48G6_S47,Hippocampus,48,1H,AST3,2282,7.733245646529795,1.345591e+06,14.112345,53290.0,10.883523,3.9603417,43608.0,10.683019,3.2408066,5340.0,8.583168,0.39685163,False,False,3,2.8607757081750966,-0.0663544493703986,-0.30531889350727354,2.539409376382828,-0.2959314286708832,-0.29994729612812854,-1.1710360799003485,-0.015031336545944214,Astrocyte,Astrocyte,-0.7500105758939243
48G8_S63,Hippocampus,48,1H,AST1,2667,7.889084407035514,1.429408e+06,14.172771,41667.0,10.637488,2.914983,35333.0,10.472601,2.4718626,6825.0,8.828494,0.4774704,False,False,2,3.110468557623566,-0.10717465769705461,-0.2944773489778692,-1.5730455362796782,-0.1814923024177551,-0.09722310364848435,-0.18966007771803506,-0.03969566106796265,Astrocyte,Astrocyte,-0.7426552020249662
48G9_S71,Hippocampus,48,1H,AST1,2074,7.637716432664798,1.421041e+06,14.166901,40006.0,10.596809,2.81526,59676.0,10.996702,4.199456,5277.0,8.571302,0.3713475,False,False,3,4.114291063423366,-0.04069790079366022,0.6349890033404032,-1.183630684018135,-0.22887957572937012,-0.19126400321420997,-0.9204685717970882,-0.014567505121231079,Astrocyte,Astrocyte,0.15493792902448145
48H10_S80,Hippocampus,48,1H,AST3,2051,7.62657020629066,1.451471e+06,14.188088,76940.0,11.250794,5.3008294,45977.0,10.735918,3.167614,3494.0,8.159089,0.24072132,False,False,3,3.6961329862719676,-0.1536030305090861,-0.2405858945966971,2.2037606126070024,-0.1914498543739319,-0.23905904666341918,-0.897463250399834,0.0,Astrocyte,Astrocyte,-0.5602769840738809
48H11_S88,Hippocampus,48,1H,AST1,1707,7.443078374348516,1.146469e+06,13.952198,49162.0,10.8028965,4.2881227,58045.0,10.968991,5.062937,5460.0,8.605388,0.4762449,False,False,1,3.6452801462079654,0.6606300652925693,-0.14447150085911606,-1.3924107718467713,-0.25046958923339846,-0.03359170634337146,0.1931430242169443,0.0,Astrocyte,Astrocyte,-0.4394037321533305
48H1_S8,Hippocampus,48,1H,AST1,1316,7.183111701743281,885488.0,13.693895,29866.0,10.304509,3.3728294,38898.0,10.568724,4.3928323,2376.0,7.7735944,0.2683266,False,False,3,3.2172110901504265,-0.029063084616732956,1.6942992017726706,-0.5736181461811065,-0.024934228658676148,0.0,-0.5761304338972772,0.0,Astrocyte,Astrocyte,-0.5405895124890768
48H2_S16,Hippocampus,48,1H,Mural,1576,7.3632795869630385,1.194717e+06,13.993421,27400.0,10.218335,2.29343,44062.0,10.693376,3.6880703,5262.0,8.568457,0.44043902,False,False,0,-1.6254660516488748,-0.17855382115397622,-0.17470310011295356,3.117885094285011,-0.3655575847625732,0.8540072603659197,6.2755025307736805,0.0,Mural,Mural,5.599603010338416
48H4_S32,Hippocampus,48,1H,AST1,2760,7.923348211930154,1.433002e+06,14.1752825,49717.0,10.814122,3.46943,42786.0,10.66399,2.98576,7843.0,8.9675045,0.54731256,False,False,3,2.7156803881535767,-0.0719717064095502,-0.23431811669860222,1.3296005022525788,-0.2626589608192444,-0.4209207669653074,-0.4096423830818292,0.0,Astrocyte,Astrocyte,-0.5897673729166563
48H6_S48,Hippocampus,48,1H,AST1,1909,7.554858521040676,1.173524e+06,13.975523,31200.0,10.348206,2.6586587,45200.0,10.718875,3.851647,3273.0,8.093768,0.27890354,False,False,2,2.873540674402414,-0.11380993960490778,-0.1782723605030715,-0.6413800740242004,-0.15409263610839843,-0.14496163527170816,-0.43355450004189455,0.0,Astrocyte,Astrocyte,0.21698217623818894
48H7_S56,Hippocampus,48,1H,AST4,2888,7.968665700466235,1.425327e+06,14.169912,59146.0,10.987782,4.149644,32859.0,10.400011,2.3053658,10723.0,9.280239,0.7523186,False,False,6,2.0046191788762,0.19837882336060605,-0.4373188933940849,-1.6989141690731049,-0.22631224989891052,-0.4104117522336016,0.39706677318218375,0.0,Astrocyte,Astrocyte,1.246929310181354
48H8_S64,Hippocampus,48,1H,AST1,2262,7.724446645633537,1.361671e+06,14.124224,25636.0,10.151792,1.8826869,88931.0,11.395627,6.5310197,4774.0,8.471149,0.35059863,False,False,2,2.883427526130051,-0.03484219162907433,-0.21254545871657554,1.0945231902599335,-0.2505519586801529,-0.11402617560492621,-1.2300255954565116,0.0,Astrocyte,Astrocyte,-0.6601581919770408
48H9_S72,Hippocampus,48,1H,AST3,2888,7.968665700466235,1.490913e+06,14.2149,54882.0,10.912959,3.6811001,33146.0,10.408708,2.2232015,4568.0,8.42705,0.30638942,False,False,4,2.5746126696060267,-0.10066376798716023,-0.242404155056886,1.3524937629699707,-0.12047730207443237,-0.03847008762937604,0.5046525271094624,0.0,Astrocyte,Astrocyte,-0.08537960992830629
55A10_S73,Cortex,55,1C,AST1,2070,7.635786861395585,951745.0,13.766053,18842.0,9.843897,1.9797319,41325.0,10.629247,4.3420243,4556.0,8.424419,0.47869965,False,False,2,2.733303760570255,-0.10506784616403245,-0.16352357707842433,-1.485405125617981,-0.2961814534664154,-0.17816591262817383,-0.8091559254344384,0.0,Astrocyte,Astrocyte,-0.6944664693336455
55A12_S89,Cortex,55,1C,AST1,2465,7.81035268372429,1.485666e+06,14.211374,56331.0,10.939018,3.791633,54183.0,10.900141,3.6470513,8885.0,9.092233,0.59804827,False,False,2,3.9478450668314107,-0.16331809369762937,0.28032876807029805,-1.4658224201202392,-0.21024860620498656,-0.06805889775054623,0.06576340911376422,-0.041924052238464356,Astrocyte,Astrocyte,-0.12523451594259583
55A4_S25,Cortex,55,1C,AST2,2103,7.651595573857601,1.005539e+06,13.821035,37678.0,10.536859,3.7470453,55591.0,10.925795,5.5284777,3115.0,8.044306,0.3097841,False,False,1,2.6460586076225736,-0.12397175697825062,-0.17816446525881988,1.6293519735336304,-0.09558503150939941,-0.12956560260117655,-0.9002478494117009,0.0,Astrocyte,Astrocyte,0.016306047223645148
55A5_S33,Cortex,55,1C,AST3,3013,8.01102337918644,1.258605e+06,14.045515,34338.0,10.444037,2.7282586,24750.0,10.116621,1.9664629,5167.0,8.550241,0.41053388,False,False,1,2.1875735651599904,0.20920144912585542,-0.30300354656547007,-1.0386239302158355,-0.2245969617366791,-0.08325691054565738,-1.1929602640957089,0.0,Astrocyte,Astrocyte,-1.024635872578183
55A6_S41,Cortex,55,1C,AST3,2312,7.746300662231439,1.215625e+06,14.01077,28043.0,10.24153,2.306879,39937.0,10.595083,3.285306,4052.0,8.307213,0.33332646,False,False,4,4.413863599626094,-0.13505703180878606,-0.2821336232050501,1.6082521849870681,-0.05093945562839508,-0.2114583651224772,-0.8454717487546067,0.0,Astrocyte,Astrocyte,1.3806009443355522
55A7_S49,Cortex,55,1C,AST3,3120,8.045908742270779,1.420631e+06,14.166613,44007.0,10.692127,3.097708,33809.0,10.428512,2.379858,6341.0,8.75495,0.44635096,False,False,4,2.6763928600999174,-0.06849938900626484,-0.2183190608265424,-1.5373203885555267,-0.35748095154762266,-0.2229773649061569,-1.4329565200374355,0.0,Astrocyte,Astrocyte,1.0231191354721338
55A8_S57,Cortex,55,1C,AST3,2444,7.801800401908973,1.401271e+06,14.152891,40402.0,10.606659,2.8832397,49656.0,10.812895,3.54364,5848.0,8.6740265,0.41733542,False,False,1,3.669017219804023,-0.15489336743426682,-0.24034999085195136,-0.9827758431434631,-0.08321855664253235,-0.07061250342263116,-0.6099472982649827,-0.03341392755508423,Astrocyte,Astrocyte,-0.6638176598475751
55A9_S65,Cortex,55,1C,AST3,1899,7.549609165154532,1.155126e+06,13.959721,52025.0,10.859499,4.5038376,45343.0,10.7220335,3.9253726,3388.0,8.12829,0.2933013,False,False,1,3.9004512706089542,-0.004218906613450554,-0.17847323778903845,-0.8931485939025879,-0.12104090690612793,-0.30509955232793634,0.3685885020835915,0.0,Astrocyte,Astrocyte,0.3064228971434356
55B10_S74,Cortex,55,1C,AST2,2071,7.6362696033793735,1.020926e+06,13.836222,34591.0,10.451378,3.3881984,49930.0,10.8183975,4.890658,3303.0,8.102889,0.3235298,False,False,4,2.240250952256833,-0.05603940912227535,-0.26100872983836165,-1.028058075904846,-0.017065171003341675,-0.30985186798403963,-0.9474743460890037,-0.018351765871047972,Astrocyte,Astrocyte,1.8457662161682205
55B12_S90,Cortex,55,1C,AST3,2282,7.733245646529795,1.17703e+06,13.978506,21371.0,9.969837,1.8156717,44984.0,10.714085,3.8218226,4618.0,8.437934,0.39234343,False,False,3,3.2401172489416403,-0.0453820516116655,-0.20874208272105516,2.195528471469879,-0.18788684844970704,-0.1336770539331918,-1.0153834238723294,0.0,Astrocyte,Astrocyte,-0.6334212183927455
55B3_S18,Cortex,55,1C,Endothelial,2396,7.781973234434385,949592.0,13.763789,27027.0,10.204629,2.8461697,37904.0,10.542838,3.991609,11422.0,9.343384,1.2028323,False,False,5,-3.430246513397967,-0.27653358689504653,-0.39187358786361387,-1.4417720997333527,-0.4509937787055969,7.985341232232373,3.1309760575318455,-0.25381528854370117,Endothelial,Endothelial,1.016526180784372
55B6_S42,Cortex,55,1C,AST3,2105,7.652545692693921,1.027849e+06,13.842979,24239.0,10.095759,2.3582258,35866.0,10.487573,3.4894233,3299.0,8.101678,0.32096153,False,False,2,3.677512506318223,-0.14558526079858367,0.20421872114894365,1.6751905167102814,-0.2647330141067505,-0.1317236941270154,0.1388156524854689,-0.08414501190185547,Astrocyte,Astrocyte,-0.23149203683229436
55B7_S50,Cortex,55,1C,AST2,1385,7.234177179749849,680628.0,13.430773,13040.0,9.475854,1.9158777,47006.0,10.758052,6.9062686,1351.0,7.20934,0.19849315,False,False,1,5.103048734977597,-0.10244280129820857,-0.18381561895813606,1.2417630457878113,-0.04146076679229736,-0.06849961810641819,-0.3623654542855881,-0.0413613224029541,Astrocyte,Astrocyte,-0.402852262996871
55B8_S58,Cortex,55,1C,Mural,1515,7.323830566202317,859640.0,13.66427,19090.0,9.856973,2.220697,98544.0,11.498268,11.463403,5097.0,8.536604,0.5929226,False,False,0,-3.0706077996498897,-0.12614939560243232,0.02486039472348761,2.822140836715698,-0.2841308975219727,-0.12463015498537006,6.044603167466782,0.0,Mural,Mural,0.9907708598894747
55B9_S66,Cortex,55,1C,AST2,2656,7.884952945759814,1.305433e+06,14.0820465,65555.0,11.09066,5.0217056,46763.0,10.752869,3.582183,6657.0,8.803575,0.50994575,False,False,1,2.9438735331342514,-0.13824920498546045,-0.4297332558969055,-1.683814742565155,-0.25043662667274474,-0.12530261338359178,-0.6456917789413701,0.0,Astrocyte,Astrocyte,-0.8579120663848265
55C10_S75,Cortex,55,1C,AST2,2294,7.738488122494646,1.022145e+06,13.837415,36695.0,10.510423,3.5899992,35097.0,10.465899,3.4336615,2190.0,7.6921134,0.21425532,False,False,1,3.617355757072324,-0.16185512374992947,-0.3477581799632371,1.9029216146469117,-0.31178937673568724,-0.21467701834861677,-0.7877267425383755,-0.1649901294708252,Astrocyte,Astrocyte,-0.253414161366493
55C4_S27,Cortex,55,1C,AST1,1895,7.547501682814967,737268.0,13.510708,19899.0,9.898475,2.6990185,33593.0,10.422103,4.5564165,2865.0,7.9606724,0.3885968,False,False,3,3.2326722933294985,-0.13094683508178098,-0.08780974932391235,-0.9287498760223388,-0.2030780529975891,1.6844573069100428,0.9803048300383678,0.0,Astrocyte,Astrocyte,0.16517546330151056
55C6_S43,Cortex,55,1C,AST1,1543,7.342131730584722,778251.0,13.564806,22491.0,10.020915,2.8899417,46739.0,10.752356,6.0056458,3012.0,8.010692,0.38702166,False,False,2,3.7605048919636053,-0.09464411340167175,-0.09553078087893399,-0.7366933298110961,-0.13916306972503661,0.0,-0.5403603716711303,0.0,Astrocyte,Astrocyte,-0.16205118663720974
55C7_S51,Cortex,55,1C,AST2,2069,7.635303886259415,747718.0,13.524782,31021.0,10.342452,4.1487565,28622.0,10.261966,3.8279138,2956.0,7.9919305,0.39533618,False,False,3,3.19212692943427,-0.05581463820970238,-0.23158111475934887,-1.1725565552711488,-0.13369328618049622,-0.2018139290087151,-0.8935515083859314,0.0,Astrocyte,Astrocyte,0.23871178136445048
55C8_S59,Cortex,55,1C,AST2,1899,7.549609165154532,777483.0,13.563818,23040.0,10.045031,2.963409,30283.0,10.318375,3.8950047,3543.0,8.173012,0.4557013,False,False,1,4.0110128512148,-0.07491899974382103,-0.347048682395858,-0.7888781726360321,-0.36045769214630125,-0.18318668519607698,-0.7984683920989684,0.0,Astrocyte,Astrocyte,-0.5604597650505665
55C9_S67,Cortex,55,1C,AST3,2726,7.910957382845589,1.024035e+06,13.839262,24147.0,10.091957,2.3580248,23100.0,10.047631,2.2557824,5256.0,8.567316,0.5132637,False,False,3,3.483002619665177,-0.14902931242132905,-0.22200387294846352,-1.473480281829834,-0.0930728268623352,-0.1509889279953157,0.2680133347535254,0.0,Astrocyte,Astrocyte,-0.34472446185917605
55D10_S76,Cortex,55,1C,Mural,1145,7.044032897274685,718277.0,13.4846115,22333.0,10.013865,3.109246,64404.0,11.072947,8.966457,6210.0,8.734077,0.864569,False,False,0,-2.5514369401775423,-0.27655660926397124,-0.11722477999600497,-0.48291765213012694,-0.11413572549819946,-0.21655677544950236,4.05813756899618,0.0,Mural,Mural,-0.46338876141530644
55D11_S84,Cortex,55,1C,AST2,1904,7.552237287560802,789680.0,13.579385,25251.0,10.136661,3.1976244,38260.0,10.552186,4.8450003,4529.0,8.418477,0.57352346,False,False,1,4.285649453355967,1.5541507844349847,-0.17731518456430145,-1.1337509918212891,-0.30812242031097414,-0.2744878446212923,-0.8141971628869599,0.0,Astrocyte,Astrocyte,-0.2861349526948245
55D12_S92,Cortex,55,1C,AST2,2784,7.932003152361385,1.227433e+06,14.020436,63820.0,11.063838,5.199469,31728.0,10.364986,2.5849068,5756.0,8.658172,0.46894616,False,False,2,1.5348721045613942,-0.07902648580733256,-0.3521699508031209,-1.6261592316627502,-0.08496314525604248,-0.15474534757209546,-0.9664263090296606,0.0,Astrocyte,Astrocyte,-0.5434355290485344
55D4_S28,Cortex,55,1C,AST3,2512,7.829232537543592,890890.0,13.699978,40024.0,10.5972595,4.492586,17611.0,9.776336,1.9767873,2463.0,7.809541,0.27646512,False,False,1,3.0479144880680433,-0.12074508020027198,1.3391295189809318,-1.3526091599464416,-0.22703136324882509,-0.23343786446735112,0.7418597798850668,-0.0909841537475586,Astrocyte,Astrocyte,0.7057711862662002
55D7_S52,Cortex,55,1C,AST1,1308,7.1770187659099,788833.0,13.578311,29473.0,10.291264,3.7362788,35797.0,10.485647,4.5379696,641.0,6.464588,0.08125928,False,False,1,2.856395374230349,-0.08014717533360774,-0.10582962180628921,-0.6024067294597626,-0.2870371127128601,-0.06766668955485027,-0.7240381288768059,0.0,Astrocyte,Astrocyte,0.0481216414941969
55D8_S60,Cortex,55,1C,AST3,2942,7.987184748233473,1.086397e+06,13.898378,32336.0,10.383967,2.9764442,20485.0,9.927497,1.8855907,4919.0,8.501064,0.45278108,False,False,2,3.4343911627602717,-0.12436643138003708,-0.4017012549771203,-1.491165525317192,-0.1855998468399048,0.06828388059982146,-1.2205071080869168,-0.01724470019340515,Astrocyte,Astrocyte,-0.503990655600129
55D9_S68,Cortex,55,1C,AST2,2425,7.793999089503996,1.039632e+06,13.854379,46750.0,10.752591,4.4967833,35551.0,10.478752,3.4195755,3076.0,8.031711,0.2958739,False,False,1,3.790061570581843,1.2467874069908755,-0.22244164257338553,2.4932656836509706,-0.12697661757469178,-0.08429400366966171,0.1575324613245288,0.0,Astrocyte,Astrocyte,-0.3907246976307218
55E12_S93,Cortex,55,1C,AST3,2466,7.810758116529357,1.152507e+06,13.957451,51541.0,10.850152,4.472077,47932.0,10.777559,4.1589336,6387.0,8.7621765,0.5541832,False,False,4,3.6327318102935626,-0.07780299953479863,0.8627208116078617,1.6322868072986603,-0.01292205810546875,-0.10483943091498481,-0.9701125370198159,-0.17957229137420655,Astrocyte,Astrocyte,1.6365919140523584
55E3_S21,Cortex,55,1C,AST1,1934,7.5678626054638825,788129.0,13.577418,47343.0,10.765196,6.0070114,28137.0,10.244876,3.5701008,5476.0,8.608313,0.69481015,False,False,3,3.744275829179691,-0.07781588611890324,-0.19925496192893596,-0.9860998725891114,-0.2579561877250671,-0.19585469274809866,-0.7514060250478773,0.0,Astrocyte,Astrocyte,-0.5618171863046433
55E6_S45,Cortex,55,1C,AST3,1938,7.569927655242652,763775.0,13.54603,29951.0,10.307351,3.9214427,30659.0,10.330714,4.01414,1549.0,7.34601,0.20280841,False,False,1,2.4471009924112117,-0.10966382074595696,-0.19272897460243918,-1.2129846382141114,-0.07310247421264648,-0.05279174838403259,-0.721012022627059,0.0,Astrocyte,Astrocyte,-0.06585011115058237
55E7_S53,Cortex,55,1C,AST2,2094,7.647308832356238,866949.0,13.672736,52798.0,10.874248,6.090093,40845.0,10.617564,4.7113495,2965.0,7.9949694,0.34200397,False,False,1,4.2278373775586395,-0.13056820421362642,-0.20294447378678757,1.8926154971122742,1.5520713138580322,-0.01858832739820384,-1.0226002254677777,-0.26831854820251466,Astrocyte,Astrocyte,-0.7890602206945021
55E9_S69,Cortex,55,1C,AST3,3018,8.012680929706839,1.238296e+06,14.029247,27311.0,10.215081,2.2055306,25261.0,10.137056,2.0399806,4296.0,8.365672,0.34692836,False,False,2,3.2465933828406,-0.11892281824619926,-0.22138525620855468,0.440181792974472,-0.13203940868377687,-0.11101416867188733,-1.1567377792530922,0.0,Astrocyte,Astrocyte,-0.9743667166300728
55F10_S78,Cortex,55,1C,AST1,2583,7.857093864902493,1.214886e+06,14.010161,33826.0,10.429014,2.7842941,33323.0,10.414033,2.742891,5875.0,8.678632,0.48358446,False,False,2,3.086805585303594,-0.03763059455545703,-0.21794739817128037,-1.224552539587021,-0.06623510479927062,-0.130414706287962,-1.3237832563007297,0.0,Astrocyte,Astrocyte,-0.48679415262203185
55F11_S86,Cortex,55,1C,AST2,1346,7.205635176410364,809428.0,13.604084,41045.0,10.622449,5.0708647,43716.0,10.6854925,5.400851,1305.0,7.174724,0.16122496,False,False,3,3.2381454673621173,0.0,-0.12661913669470584,3.3347031974792483,-0.14408724069595336,-0.1410550782174775,-0.6621017719633017,-0.13124946594238282,Astrocyte,Astrocyte,-0.28132247295423424
55F1_S6,Cortex,55,1C,AST3,2484,7.818027938530729,788344.0,13.577691,33930.0,10.432084,4.3039584,28495.0,10.257519,3.614539,2916.0,7.978311,0.3698893,False,False,2,2.2483750073636166,-0.11283950290488239,1.3921538880377105,0.8596620154380799,-0.04949585437774658,-0.22731172918069242,-0.9897336229008047,0.0,Astrocyte,Astrocyte,-0.42362528820467715
55F3_S22,Cortex,55,1C,AST2,1833,7.51425465281641,645066.0,13.37711,45050.0,10.71555,6.983782,26981.0,10.202926,4.182673,3258.0,8.089176,0.5050646,False,False,1,3.295920336832766,-0.13690058190618928,-0.1500580371028245,-0.03394412040710448,-0.02345821142196655,-0.05024021562903819,-0.7578213873820089,0.0,Astrocyte,Astrocyte,0.29767964126072666
55F4_S30,Cortex,55,1C,AST3,3042,8.02059914989697,890517.0,13.699558,25299.0,10.138559,2.840934,72151.0,11.18653,8.102147,4402.0,8.390041,0.49431956,False,False,1,2.308645406707388,-0.13429997973705657,-0.3166442567651922,0.9705517292022705,-0.1538212251663208,-0.23229111685897363,-1.360899255503362,-0.09080122947692872,Astrocyte,Astrocyte,-0.7080482004431133
55F8_S62,Cortex,55,1C,AST3,2333,7.755338812846501,933666.0,13.746875,26301.0,10.177401,2.8169603,29734.0,10.30008,3.1846504,3469.0,8.15191,0.37154615,False,False,2,3.749495336266815,-0.09587867445682162,-0.23309663449875032,-1.0740853959321977,-0.21746220529079438,-0.09361161547477799,0.5059188101159868,0.0,Astrocyte,Astrocyte,-0.873478256700831
55F9_S70,Cortex,55,1C,AST3,2571,7.85243908535751,1.083075e+06,13.895316,30519.0,10.326138,2.8178103,26611.0,10.189117,2.456986,7324.0,8.899049,0.6762228,False,False,1,2.6522716785389218,-0.10121026111008534,-0.4356227426817923,-1.3975337409973145,-0.17572383642196654,-0.2932770950625641,-1.16033428398209,-0.1668497848510742,Astrocyte,Astrocyte,-0.8665092154615909
55G11_S87,Cortex,55,1C,AST1,2457,7.80710329012598,1.23313e+06,14.025067,70837.0,11.168151,5.7444873,39574.0,10.585953,3.2092319,6230.0,8.737292,0.50521845,False,False,2,4.1102838249154425,-0.035633665233401196,-0.29237570244856553,1.9059489488601684,-0.21079313039779662,-0.11900041560934048,0.5248120298337697,0.0,Astrocyte,Astrocyte,-0.8031435514332257
55G3_S23,Cortex,55,1C,AST3,2922,7.980365765111246,1.030863e+06,13.845908,27706.0,10.229441,2.6876512,21754.0,9.987599,2.1102707,5415.0,8.597113,0.52528805,False,False,2,2.992624896471618,-0.16044908312696907,-0.2064560338704273,-1.6995134592056274,-0.1463170337677002,-0.20553270012441308,-0.9860643945147644,-0.01788240909576416,Astrocyte,Astrocyte,-0.5066573913885476
55G6_S47,Cortex,55,1C,AST2,1833,7.51425465281641,636910.0,13.364386,22450.0,10.019091,3.5248308,27710.0,10.229585,4.350693,1446.0,7.277248,0.22703364,False,False,1,3.5937770442233052,-0.0661146652758421,-0.24645488430755308,2.800492265224457,-0.1488620448112488,-0.0996988999723184,-0.9096922694738186,-0.024447259902954103,Astrocyte,Astrocyte,-0.5113217321680066
55G9_S71,Cortex,55,1C,Endothelial,2871,7.962763930168115,1.260092e+06,14.046696,33273.0,10.412532,2.6405215,29522.0,10.292925,2.3428447,13752.0,9.529013,1.0913489,False,False,5,-1.3328756243804765,-0.4709026567900001,-0.7964164831421592,1.4420288026332855,-0.36809945821762086,6.555856312164153,2.7131121853488174,0.0,Endothelial,Endothelial,4.01695514347199
55H11_S88,Cortex,55,1C,AST3,2738,7.915348169263078,928893.0,13.74175,21674.0,9.983914,2.3333151,34407.0,10.446044,3.7040863,3809.0,8.245384,0.41005796,False,False,2,3.3109922930191127,-0.10450181529749578,-0.2811779421989364,-1.285015079975128,-0.12887363910675048,-0.25517191549744267,-0.9822734540431344,0.0,Astrocyte,Astrocyte,-0.8762647005074808
55H3_S24,Cortex,55,1C,AST2,2033,7.617759576608505,825734.0,13.624029,52881.0,10.875818,6.4041204,33809.0,10.428512,4.0944176,1562.0,7.3543625,0.18916504,False,False,1,3.0702516498461447,-0.07551989124048894,0.36382660360047314,-1.161296112537384,-0.17882843017578126,-0.14515923972081657,-0.7112878231546986,-0.020895323753356933,Astrocyte,Astrocyte,-0.6944483194207907
55H4_S32,Cortex,55,1C,AST2,2688,7.896924656268864,891054.0,13.700161,42188.0,10.649915,4.734617,22882.0,10.03815,2.56797,2746.0,7.918265,0.30817437,False,False,4,2.731350135933506,-0.2393446483803754,-0.3198859215986849,-1.30818732380867,0.317610753774643,-0.18516271523755007,-1.1384290882091426,-0.040876641273498535,Astrocyte,Astrocyte,0.8242576806394007
55H7_S56,Cortex,55,1C,AST1,2112,7.655864017616056,652373.0,13.388373,24154.0,10.092247,3.702483,34763.0,10.456338,5.3287,3101.0,8.039803,0.47534156,False,False,1,2.5859883248480298,-0.13164908442664985,-0.3080161954417373,-1.114979736804962,-0.26105441808700564,-0.1550981251880376,1.2172598072032832,0.0,Astrocyte,Astrocyte,-0.46228205339239914
58A3_S209,Hippocampus,58,1H,AST4,2612,7.868254265520613,778650.0,13.565318,25595.0,10.150191,3.2870994,26593.0,10.188441,3.41527,6274.0,8.7443285,0.8057536,False,False,6,1.4362017339695994,-0.2710778198050494,2.9516285465221213,-1.2450228023529053,-0.1769953203201294,-0.2535717391004466,0.7036691730345913,-0.07162105560302734,Astrocyte,Astrocyte,-0.9468997022345389
58B9_S258,Hippocampus,58,1H,AST4,2090,7.645397699428633,731287.0,13.5025625,41936.0,10.643924,5.7345476,35369.0,10.473619,4.8365417,11457.0,9.346443,1.56669,False,False,6,4.000863686285384,-0.0980462572682443,-0.2577509542908331,-1.2624549245834351,0.0,-0.30952441331112024,-0.8902169472009094,0.0,Astrocyte,Astrocyte,-0.729261864555101
58D8_S252,Hippocampus,58,1H,AST1,2916,7.978310969867722,809093.0,13.60367,34014.0,10.434557,4.2039666,27849.0,10.234589,3.4420025,2927.0,7.9820747,0.3617631,False,False,2,3.48073887043312,-0.10718510857778578,1.443402814744699,0.6005700612068177,1.3558412432670592,-0.17342317947233565,-1.3708870189273776,-0.08653202056884765,Astrocyte,Astrocyte,-0.9518539971222663
58E10_S269,Hippocampus,58,1H,AST1,2584,7.85748078694253,818080.0,13.614717,25803.0,10.158285,3.1540926,28468.0,10.256571,3.479855,4393.0,8.387996,0.53698903,False,False,6,0.788655669311356,-0.21895916857312073,-0.4055023988087972,-1.7524852526187897,-0.06811388492584229,-0.22283439202742142,-1.0547436373916703,0.0,Astrocyte,Astrocyte,-0.30580842728805857
58E11_S277,Hippocampus,58,1H,AST4,2169,7.682482446534506,760506.0,13.54174,44526.0,10.703851,5.8547864,28840.0,10.269553,3.7922122,6816.0,8.827175,0.8962454,False,False,6,2.329431430238192,-0.04424070712909028,-0.21532777343133483,-1.2937083637714386,-0.0940989089012146,-0.25708623365922406,-0.1391372629745522,-0.08924812078475952,Astrocyte,Astrocyte,-0.7841082283968918
58E9_S261,Hippocampus,58,1H,AST2,1726,7.454141078146678,781040.0,13.568383,37678.0,10.536859,4.8240805,30601.0,10.32882,3.9179814,2950.0,7.9898996,0.37770152,False,False,3,2.7575804418553416,-0.036868650110522705,-0.18494097873418017,2.4971096801757815,-0.13018616437911987,0.0,-0.6297710960234829,0.0,Astrocyte,Astrocyte,-0.04552120393226061
58G10_S271,Hippocampus,58,1H,AST3,2019,7.61085279039525,749112.0,13.526645,22120.0,10.004283,2.9528296,34556.0,10.450365,4.6129284,2926.0,7.9817333,0.3905958,False,False,2,2.1560423895309526,-0.10656054055870477,-0.13926072614361543,1.7483909225463867,-0.1965505313873291,-0.286160121060381,-0.6092840223456147,0.0,Astrocyte,Astrocyte,-0.6965577228240457
58G11_S279,Hippocampus,58,1H,AST1,2116,7.6577552711348655,761608.0,13.543189,32182.0,10.379193,4.2255335,41030.0,10.622084,5.3872857,4240.0,8.352554,0.55671686,False,False,2,3.110237410811127,-0.0995024544509811,1.6595112880071003,-1.3151816892623902,-0.18054817676544188,-0.27315245975147595,-0.7210857496788753,2.82390052318573,Astrocyte,Astrocyte,-0.4651050972122581
58G7_S247,Hippocampus,58,1H,AST1,2298,7.740229524763182,651166.0,13.386521,27537.0,10.223322,4.2288756,41934.0,10.643876,6.4398327,3667.0,8.207402,0.5631437,False,False,2,2.683498239256645,-0.1374088507800845,-0.2827672874084627,-1.2467451727390289,-0.18220762372016908,-0.23321190867761168,0.891438643536975,-0.02444401502609253,Astrocyte,Astrocyte,-0.8038344001133175
58G8_S255,Hippocampus,58,1H,AST1,1529,7.333023014386481,673581.0,13.420365,28878.0,10.27087,4.2872353,33814.0,10.428659,5.020035,2822.0,7.9455557,0.41895482,False,False,2,2.677057935240491,-0.09495592177213735,-0.13054831100232672,-0.8834233355522155,-0.04783703327178955,-0.14369221769198023,-0.7283730596753221,0.0,Astrocyte,Astrocyte,-0.5845820730636037
58G9_S263,Hippocampus,58,1H,AST1,2654,7.884199933676039,982565.0,13.797923,40093.0,10.598982,4.0804424,53714.0,10.891448,5.4667125,5480.0,8.609043,0.55772394,False,False,2,2.1166216877640274,-0.04819149707429972,-0.3634829620520274,-1.2977183938026429,-0.21753958404064178,-0.19681298973584416,-0.9911735920450795,0.0,Astrocyte,Astrocyte,-0.4316494119585257
58H7_S248,Hippocampus,58,1H,AST4,2448,7.803435056952168,818204.0,13.614868,18327.0,9.816185,2.2399058,29897.0,10.305547,3.6539786,10887.0,9.295417,1.3305973,False,False,6,2.1947810916952744,-0.06832206608662054,-0.27043667826989687,-1.6436787831783295,1.503734574317932,-0.1270012698992334,-1.218246755288474,0.0,Astrocyte,Astrocyte,0.8012854976825204
58H8_S256,Hippocampus,58,1H,AST1,2229,7.709756864454165,731386.0,13.502698,42629.0,10.660314,5.8285227,25980.0,10.165121,3.55216,3087.0,8.035279,0.42207533,False,False,2,3.043067132188975,-0.07348193954582789,-0.19345243651457508,1.5397827994823456,-0.09329610586166381,-0.22908569465983997,-0.6921601936445764,0.0,Astrocyte,Astrocyte,-0.34947499115399405
65A10_S73,Cortex,65,1C,AST1,1896,7.5480289699350145,1.880722e+06,14.447166,79986.0,11.289619,4.252941,86950.0,11.3731,4.6232247,6388.0,8.762333,0.3396568,False,False,1,2.673974344964887,-0.09445195401733245,-0.2683532623329548,-0.961585950255394,-0.04356332778930663,-0.029912876360344166,-0.7473853419174501,0.0,Astrocyte,Astrocyte,-0.15122344965528767
65A11_S81,Cortex,65,1C,AST2,2499,7.824046010856292,2.441661e+06,14.70819,64812.0,11.079262,2.6544225,74368.0,11.216795,3.0457954,14705.0,9.596011,0.602254,False,False,1,3.522803366509944,-0.09701285799544061,-0.4404279071875293,-1.099308448433876,-0.27337251245975497,-0.05918625689516164,-0.5828538446420402,-0.009604820013046265,Astrocyte,Astrocyte,-0.3939009600370277
65A12_S89,Cortex,65,1C,AST2,1952,7.577121930876679,2.154588e+06,14.583111,97754.0,11.49022,4.537016,134475.0,11.809141,6.2413325,12145.0,9.404756,0.5636808,False,False,1,2.8338621196851053,-0.0991913912883356,-0.15918140399335612,2.408290649652481,-0.13495512247085573,-0.15412012495175756,1.16900572914574,-0.010869898796081544,Astrocyte,Astrocyte,-0.5505185977793695
65A1_S1,Cortex,65,1C,AST2,2098,7.649216319820633,734568.0,13.507039,36863.0,10.514991,5.018324,39861.0,10.593179,5.426455,1804.0,7.498316,0.24558653,False,False,3,2.3696754141583476,-0.03440591498235961,-0.23946622706422901,2.210148174762726,-0.1834355688095093,-0.18625381498625784,-0.36849466056080915,0.0,Astrocyte,Astrocyte,-0.6216115895814212
65A2_S9,Cortex,65,1C,Mural,1828,7.511524648390866,1.318565e+06,14.092055,20987.0,9.951706,1.5916545,134922.0,11.81246,10.232488,7233.0,8.886547,0.5485509,False,False,0,-1.191293900944496,-0.3076781765300425,-0.2369429466098246,2.1774113351106643,-0.27190641343593597,-0.22365373914892023,6.324520061962568,0.0,Mural,Mural,3.606308020564272
65A3_S17,Cortex,65,1C,AST2,2411,7.788211557847076,1.958296e+06,14.487586,38575.0,10.560386,1.9698248,86323.0,11.365863,4.408067,7224.0,8.885303,0.36889213,False,False,1,4.511289544444266,-0.08081441937978544,-0.19319399197896323,-1.6183243542909622,-0.14341504037380218,-0.0577726930078834,-1.2594331931229212,0.0,Astrocyte,Astrocyte,0.18015419188047288
65A4_S25,Cortex,65,1C,AST3,3133,8.050065422915965,1.961685e+06,14.489315,70924.0,11.169378,3.6154633,38872.0,10.568055,1.9815618,9949.0,9.205328,0.507166,False,False,2,2.512266146029279,1.3307499196661177,-0.4060432128231935,1.1777840220928193,-0.20452721357345582,-0.23270197468574602,-1.1228534354636417,0.0,Astrocyte,Astrocyte,-0.4395931252404326
65A5_S33,Cortex,65,1C,AST3,3153,8.056426767522984,1.641528e+06,14.311139,49714.0,10.814062,3.0285199,40409.0,10.6068325,2.4616697,7048.0,8.8606415,0.42935604,False,False,1,2.604384400154073,-0.06502067683330133,-0.4222339861320727,2.180535727739334,-0.3960902690887451,-0.3683417228737263,-1.1372975470432685,0.0,Astrocyte,Astrocyte,-0.45628399475289516
65A6_S41,Cortex,65,1C,AST2,2370,7.771067086065406,1.11056e+06,13.920376,29408.0,10.289056,2.6480334,51236.0,10.844217,4.6135283,5757.0,8.658345,0.51838714,False,False,2,2.1513340316834997,-0.082188721278205,-0.2460897330081824,-1.2848810184001922,-0.33633811473846437,-0.18954145306288595,0.38423149010643887,0.0,Astrocyte,Astrocyte,-0.6851147010375144
65A7_S49,Cortex,65,1C,AST2,3174,8.063062911326792,2.251459e+06,14.6270895,83712.0,11.33515,3.7181225,106976.0,11.580369,4.7514076,11687.0,9.366318,0.51908565,False,False,1,2.870002659292169,-0.1239578064961649,-0.44266174718587087,-0.9739731323719023,-0.33255220770835875,-0.17134548377509068,-1.653530678557391,-0.216916081905365,Astrocyte,Astrocyte,-0.854665380387951
65A9_S65,Cortex,65,1C,AST3,2325,7.75190533307861,2.069144e+06,14.542646,76042.0,11.239055,3.6750462,75660.0,11.234018,3.6565845,5765.0,8.659734,0.27861762,False,False,1,3.158266445978092,-0.13188265316450415,-0.42870335928117387,-1.1241095352172852,-0.1172078287601471,-0.10723758586729416,1.0337081329906406,0.0,Astrocyte,Astrocyte,-0.3437627595235191
65B10_S74,Cortex,65,1C,AST2,1808,7.500529485395295,2.030287e+06,14.523688,90497.0,11.413083,4.4573503,95921.0,11.471291,4.7245045,10632.0,9.271718,0.5236698,False,False,1,3.4056048002399386,-0.04174487015709805,-0.13333700522027833,0.6927888745069504,0.0,-0.24106263572519476,-0.5514722107043818,-0.027804322242736816,Astrocyte,Astrocyte,-0.7068855269922438
65B11_S82,Cortex,65,1C,AST2,2316,7.748028524432376,2.360004e+06,14.674174,88136.0,11.386648,3.73457,97831.0,11.491007,4.1453743,7100.0,8.8679905,0.30084693,False,False,1,3.375461820696221,-0.1515721049740087,-0.21939639190230706,-1.0799026471376418,-0.13602781295776367,-0.09201299782955286,-1.0947423193921995,0.0,Astrocyte,Astrocyte,-0.6642122770626975
65B3_S18,Cortex,65,1C,AST3,2536,7.838737559599282,1.876569e+06,14.444956,51093.0,10.841422,2.7226818,70542.0,11.163978,3.7590942,10917.0,9.298168,0.5817532,False,False,3,3.2971275608396278,-0.06186616720266678,-0.423704148844035,-1.313510468006134,-0.24762811183929442,-0.0818123383955522,-1.3080644631505611,0.0,Astrocyte,Astrocyte,-0.4984164102646663
65B4_S26,Cortex,65,1C,AST3,2854,7.956827122090111,1.833979e+06,14.421999,26788.0,10.195746,1.4606493,41190.0,10.625975,2.2459364,9863.0,9.196647,0.5377924,False,False,4,3.032185595543658,-0.20739983134533294,0.9092426730526818,-1.3135199791193009,0.08948433935642242,-0.14038819676697856,-0.9722371847186256,-0.011905995607376098,Astrocyte,Astrocyte,3.0720320648400232
65B5_S34,Cortex,65,1C,AST2,1585,7.368970402194793,970618.0,13.785689,65010.0,11.082312,6.697795,93830.0,11.44925,9.667037,3784.0,8.238801,0.3898547,False,False,3,0.9977451856019064,-0.04468838473660263,1.6434080612779867,2.7898340463638305,-0.2598570120334625,-0.16446466156930634,-0.42168228650212886,0.0,Astrocyte,Astrocyte,-0.6088325567356931
65B7_S50,Cortex,65,1C,AST2,2370,7.771067086065406,1.950463e+06,14.483578,55956.0,10.932339,2.8688571,182673.0,12.1154585,9.3656225,11244.0,9.327679,0.57647854,False,False,1,3.4994864841627935,-0.08811336785704646,-0.2334776379243292,-1.258634079694748,-0.05456347942352295,-0.17451516666797676,-0.7235096755938314,0.0,Astrocyte,Astrocyte,-0.41490939214751
65B8_S58,Cortex,65,1C,AST2,2524,7.83399634170946,1.702265e+06,14.347471,74472.0,11.218192,4.374877,49260.0,10.804888,2.8937914,5871.0,8.677951,0.34489343,False,False,1,2.655274229622929,-0.1179529668098718,-0.21159210108747387,2.3079307174682615,-0.19487574696540833,-0.13218831534337516,0.20735621871660692,0.0,Astrocyte,Astrocyte,-0.6172582605645334
65B9_S66,Cortex,65,1C,Endothelial,2036,7.619233416226805,2.03652e+06,14.526753,36699.0,10.510532,1.8020447,104871.0,11.560496,5.14952,28062.0,10.242208,1.3779389,False,False,5,-2.437938429618794,-0.19088243899033897,0.29359802453204836,-1.4051377761363983,-0.2969405734539032,7.077213051343205,1.7961165605477951,0.0,Endothelial,Endothelial,2.3665865435823177
65C10_S75,Cortex,65,1C,AST3,2445,7.802209316247118,1.949846e+06,14.483261,49810.0,10.815991,2.5545607,99441.0,11.50733,5.0999413,9834.0,9.193703,0.50434756,False,False,1,3.1093846644208725,-0.07097625223236467,-0.21102346765874613,-1.2601274532079696,-0.24091500282287598,-0.15826760578637172,-1.04484229740785,0.0,Astrocyte,Astrocyte,0.08556461493439582
65C11_S83,Cortex,65,1C,AST1,2160,7.6783263565068856,1.56421e+06,14.262892,72902.0,11.196885,4.6606274,159880.0,11.982185,10.221134,9438.0,9.152605,0.6033717,False,False,2,2.3202994866449327,-0.16543720834818318,-0.3270509062391339,-0.9938055747747421,-0.13115309059619903,-0.09278508629461732,-0.8363229602425541,-0.05349184989929199,Astrocyte,Astrocyte,0.034681225857870035
65C1_S3,Cortex,65,1C,AST2,2035,7.618742377670413,1.297713e+06,14.076115,47637.0,10.771386,3.6708426,74074.0,11.212833,5.7080417,5633.0,8.636575,0.43407133,False,False,1,3.8178179120756894,-0.08744455551981327,-0.007926715142799147,-0.9811698108911514,-0.10295570433139802,-0.007926715142799147,-0.6792873374780818,0.0,Astrocyte,Astrocyte,0.23943950882638632
65C2_S11,Cortex,65,1C,AST2,2621,7.871692664323645,1.239824e+06,14.03048,43803.0,10.687481,3.5330017,37284.0,10.526346,3.0072012,5080.0,8.533263,0.40973556,False,False,1,2.735834864319348,-0.10033767966169808,-0.3889255942118288,1.5166036516427994,-0.22229005873203278,-0.07883192192424428,-0.9783029747967744,-0.015884588956832885,Astrocyte,Astrocyte,-0.24741730860159272
65C3_S19,Cortex,65,1C,AST2,2501,7.824845691026856,1.311896e+06,14.086985,55086.0,10.916669,4.198961,31604.0,10.361071,2.4090323,2827.0,7.947325,0.21548966,False,False,1,3.7167544293273336,-0.13464741910522307,-0.19889641109139028,1.3512866938114165,-0.17825629353523254,-0.2615997177181822,-1.0634222318179642,0.0,Astrocyte,Astrocyte,-0.8097984852496292
65C4_S27,Cortex,65,1C,AST2,1636,7.400620577371135,1.033542e+06,13.848503,21341.0,9.968432,2.064841,48694.0,10.793332,4.7113714,4851.0,8.487146,0.46935683,False,False,1,1.9644071749650722,-0.031235625396421805,-0.1162273260680112,2.8026946234703063,-0.16452738165855407,-0.026299914326330626,-0.7048115050373365,0.0,Astrocyte,Astrocyte,-0.10536809785537216
65C5_S35,Cortex,65,1C,AST3,2472,7.813187267521416,1.199239e+06,13.997199,14702.0,9.595807,1.2259442,43140.0,10.672229,3.5972812,5329.0,8.581106,0.44436514,False,False,1,2.2149237693984656,-0.09092179135461549,-0.2879942240137042,-1.0230176854133606,-0.19571609139442445,-0.1237253492528742,-0.9668694351186704,0.0,Astrocyte,Astrocyte,-0.510636501399822
65C7_S51,Cortex,65,1C,Mural,1729,7.455876687491824,1.469346e+06,14.200329,23905.0,10.081884,1.6269144,107323.0,11.583608,7.3041344,8630.0,9.063116,0.5873361,False,False,0,-2.8201997358290876,-0.2158049318059605,-0.31043124620360557,-0.35183432817459104,-0.22056478083133696,-0.3736836753710352,6.058157552726305,-0.040103912353515625,Mural,Mural,2.652601594693076
65C8_S59,Cortex,65,1C,AST2,1664,7.417580402414544,1.280582e+06,14.062826,45522.0,10.725973,3.55479,68318.0,11.131943,5.334918,3426.0,8.139441,0.2675346,False,False,3,1.6015902347252018,-0.07037360105083217,-0.1988968698665349,-0.6302795481681823,-0.07440563440322875,-0.026824129952324763,-0.5949395230068034,-0.01579670429229736,Astrocyte,Astrocyte,-0.23606701033541277
65C9_S67,Cortex,65,1C,AST2,2562,7.848933726364071,1.652072e+06,14.317541,55830.0,10.930084,3.3793926,54306.0,10.902409,3.2871447,6722.0,8.81329,0.406883,False,False,1,0.6055214952249992,-0.054542216224287024,-0.277383806428524,0.8800217169523239,-0.4012764626741409,-0.3581084380246172,-0.8789550901657373,0.0,Astrocyte,Astrocyte,-0.46137928883101986
65D10_S76,Cortex,65,1C,(none),1042,6.949856455000773,1.469939e+06,14.200732,80890.0,11.300858,5.502949,163333.0,12.003552,11.111549,12436.0,9.4284315,0.84602153,False,False,1,2.852963295464958,2.4076550342329783,-0.08679666392730945,3.0879601114988326,-0.014991813898086548,-0.09475675375774653,-0.45362717003079517,0.0,Astrocyte,(none),-0.3446251310171786
65D11_S84,Cortex,65,1C,AST3,2347,7.761319180947987,1.970669e+06,14.493884,52800.0,10.874286,2.6792932,76279.0,11.2421665,3.8707159,6898.0,8.839131,0.35003343,False,False,1,2.896460860153365,-0.1589326379287183,-0.13276374641090932,-1.6929264336824417,-0.053122024536132816,-0.26202595534950796,0.6614054947642225,-0.011422022581100463,Astrocyte,Astrocyte,-0.38966063232175097
65D12_S92,Cortex,65,1C,AST2,2664,7.887959336599945,2.430088e+06,14.703439,52405.0,10.866776,2.1565063,66679.0,11.10766,2.7438924,14120.0,9.555418,0.5810489,False,False,1,0.52213141826984,-0.13889702121217049,-0.2557534160036029,-1.2645493018627167,-0.1762279736995697,-0.08905100340795036,-0.9291835490183614,-0.009612276554107665,Astrocyte,Astrocyte,-0.09929869166001648
65D1_S4,Cortex,65,1C,Mural,1617,7.388946097618437,991564.0,13.80704,11791.0,9.375176,1.1891315,72396.0,11.18992,7.3011928,5196.0,8.555837,0.5240207,False,False,0,-2.418209826359983,-0.14754449422635027,-0.2136148250464237,2.600661326646805,-0.36133091926574706,-0.33749509580207593,6.475812290182065,0.0,Mural,Mural,0.1872064017493259
65D2_S12,Cortex,65,1C,AST2,2001,7.601901959875166,1.130246e+06,13.937946,47253.0,10.763292,4.180771,90237.0,11.410206,7.983837,3753.0,8.230577,0.3320516,False,False,1,3.682176526126965,-0.13495389900015825,-0.27441562185383805,-0.7272992515563965,-0.16183557629585266,-0.20638549448263765,-0.6396507551921672,-0.017528283596038818,Astrocyte,Astrocyte,-0.5568345001026466
65D3_S20,Cortex,65,1C,AST2,1578,7.364547014255642,992109.0,13.80759,57330.0,10.956596,5.778599,52289.0,10.86456,5.270489,2599.0,7.863267,0.26196718,False,False,1,2.6328688762227044,-0.036304028189961035,-0.17531420967795633,2.790718138217926,0.0,-0.10562996430830522,-0.8584128312729112,-0.11390098571777343,Astrocyte,Astrocyte,-0.0034582722366154894
65D4_S28,Cortex,65,1C,AST2,1765,7.476472381163905,921106.0,13.733332,35924.0,10.489189,3.900094,59194.0,10.988592,6.4264045,6335.0,8.754003,0.6877602,False,False,3,3.4983098617668364,-0.18842452554846528,-0.13620811399787364,-1.3637331640720367,-0.019809761047363282,-0.07861764984901505,1.4085552404873334,-0.05353859901428223,Astrocyte,Astrocyte,-0.8061006618461545
65D6_S44,Cortex,65,1C,AST2,1737,7.460490305825338,923941.0,13.736404,18457.0,9.823254,1.9976383,83842.0,11.336701,9.074389,4912.0,8.49964,0.53163564,False,False,1,4.328155279159546,0.6073362437923949,-0.13160059066733928,2.5639112544059754,-0.010069940090179443,-0.06262285299975463,-0.6360216775731226,0.0,Astrocyte,Astrocyte,-0.15547905128467854
65D8_S60,Cortex,65,1C,AST3,2625,7.873217054862741,1.673522e+06,14.330441,30348.0,10.3205185,1.813421,41661.0,10.637344,2.4894207,7199.0,8.881836,0.43017063,False,False,2,3.418717452085735,-0.11385856022187812,-0.31566273804866907,1.4722387385368347,-0.23162538051605225,-0.18437191031195901,-1.4330525604923765,0.0,Astrocyte,Astrocyte,0.4437107514459422
65D9_S68,Cortex,65,1C,AST3,2674,7.891704659330107,1.871251e+06,14.442119,34417.0,10.446335,1.8392509,46412.0,10.745335,2.4802659,7792.0,8.960981,0.41640592,False,False,2,3.3640663017992116,-0.06110944879713969,-0.2456889965317466,-1.5876791596412658,-0.08038194417953491,-0.13745219659323643,-0.010388987148227447,-0.028692145347595215,Astrocyte,Astrocyte,-0.47100475937973874
65E10_S77,Cortex,65,1C,AST3,1873,7.535830462798367,1.873597e+06,14.443371,50957.0,10.8387575,2.7197416,110939.0,11.616745,5.9211774,8183.0,9.009936,0.43675345,False,False,3,3.941801590997665,-0.0690693945141893,-0.23565799178499164,2.8309490132331847,-0.08942445039749146,-0.1039224826928341,-0.5639530522140426,0.0,Astrocyte,Astrocyte,-0.44731481015085184
65E11_S85,Cortex,65,1C,AST3,2547,7.843064016692054,2.284647e+06,14.641723,30914.0,10.338997,1.3531194,82619.0,11.322007,3.6162696,11827.0,9.378225,0.51767296,False,False,2,3.3056767586150464,-0.19289385074347107,-0.2346355589953336,2.08666512131691,-0.029859782457351686,-0.22063198535129278,-1.2985630379849342,0.0,Astrocyte,Astrocyte,-0.19151019985369333
65E12_S93,Cortex,65,1C,AST2,1927,7.564238475170491,1.9072e+06,14.461147,86448.0,11.36731,4.532718,97736.0,11.490036,5.1245804,4146.0,8.33014,0.21738675,False,False,1,3.4699969682537137,-0.035565206153907965,1.6617180208365123,-1.0135708773136138,-0.17353108048439025,-0.13851859653838958,-0.6416743712209577,0.0,Astrocyte,Astrocyte,0.25040156574599537
65E1_S5,Cortex,65,1C,AST3,2160,7.6783263565068856,1.243664e+06,14.033573,57816.0,10.965038,4.6488442,39427.0,10.5822315,3.1702292,2511.0,7.8288345,0.2019034,False,False,4,3.6546375139163496,-0.09771293371766057,-0.1916151564530652,-1.3124390161037445,-0.03270554780960083,-0.06551646222971906,-0.7877049973262614,-0.015873804092407226,Astrocyte,Astrocyte,1.3330404829600817
65E2_S13,Cortex,65,1C,AST1,2253,7.720461694599722,1.2733e+06,14.057123,51001.0,10.839621,4.0054193,56634.0,10.944383,4.4478126,5883.0,8.679992,0.4620278,False,False,3,2.293838026745072,-0.09068669266437167,-0.15140808862869184,-1.124253395795822,-0.0489761883020401,-0.1809567929518343,-0.9802473711608043,0.0,Astrocyte,Astrocyte,-0.5911760062277814
65E4_S29,Cortex,65,1C,Mural,1911,7.555905093611346,1.355017e+06,14.119326,22568.0,10.024333,1.6655141,70585.0,11.164587,5.20916,5217.0,8.55987,0.3850136,False,False,0,-3.043724672553318,-0.16491005019326904,-0.2865127602008858,3.4396152567863463,-0.18253547668457032,-0.2282677786518829,6.367444905803431,0.0,Mural,Mural,5.809120090986184
65E5_S37,Cortex,65,1C,AST2,2113,7.656337166430183,1.360874e+06,14.123638,57573.0,10.960826,4.2305903,57666.0,10.9624405,4.237424,6935.0,8.8444805,0.509599,False,False,1,1.2706230924429143,-0.10912988593230895,-0.27508742460096725,-1.6530237460136414,0.728724170923233,-0.029693263949769916,0.9767987039220992,-0.04809156894683838,Astrocyte,Astrocyte,0.16847043738192036
65E8_S61,Cortex,65,1C,AST2,2269,7.727535110475448,1.59612e+06,14.283087,82124.0,11.315998,5.145227,52531.0,10.869178,3.2911685,5097.0,8.536604,0.3193369,False,False,2,2.260156335726461,-0.06920481087574408,-0.1815666104807998,-1.1940539407730102,-0.20335009813308716,-0.2085361047224565,0.7832254788384365,0.0,Astrocyte,Astrocyte,-0.6495571737496403
65E9_S69,Cortex,65,1C,AST2,1970,7.58629630715272,1.652952e+06,14.318074,47182.0,10.761789,2.8544083,79112.0,11.278632,4.786104,7195.0,8.881281,0.4352818,False,False,3,2.546470076659989,-0.1368830976773746,-0.13169054611764772,-1.399193148612976,-0.06490046620368957,-0.1886753277345137,-0.7344114468924364,-0.013129618167877197,Astrocyte,Astrocyte,0.23934678173622426
65F11_S86,Cortex,65,1C,AST3,2923,7.980707820869669,2.428237e+06,14.702677,56560.0,10.943075,2.329262,54594.0,10.907698,2.248298,13197.0,9.487821,0.54348075,False,False,4,2.9682503814905727,-0.03311669167561747,-0.2439813595829588,-1.32187526345253,-0.048560229539871214,0.07418572962886155,-1.3381143871264243,0.0,Astrocyte,Astrocyte,1.3549562059094094
65F1_S6,Cortex,65,1C,AST2,1535,7.336936913707618,995613.0,13.811115,44698.0,10.707706,4.4894953,52939.0,10.876915,5.317227,3868.0,8.260752,0.3885044,False,False,1,3.7408128944251047,-0.04398556809928549,0.6034647906669462,1.2457858324050903,-0.20333770275115967,-0.19416525147177957,-0.49185872916600215,0.0,Astrocyte,Astrocyte,-0.5837326354295861
65F2_S14,Cortex,65,1C,AST2,2338,7.757478766584179,1.361245e+06,14.123911,48995.0,10.799494,3.5992787,50310.0,10.825979,3.6958814,4822.0,8.481152,0.35423455,False,False,1,1.5982707133058645,-0.003758638947453331,-0.13664144939846462,1.8216130816936493,-0.2515349149703979,-0.10454877097197253,-0.9986705606307217,0.0,Astrocyte,Astrocyte,-0.42478289021076465
65F4_S30,Cortex,65,1C,AST3,1921,7.561121589530238,1.423173e+06,14.1684,34673.0,10.453746,2.4363165,80202.0,11.292316,5.635436,6308.0,8.749733,0.44323495,False,False,3,3.8673497887908432,-0.014670986026974779,-0.2803248745022398,-1.0967467713356018,-0.08476364850997925,-0.04152362033574268,-0.660269995430606,0.0,Astrocyte,Astrocyte,-0.6217905611347078
65F5_S38,Cortex,65,1C,AST2,1992,7.597396320212795,1.086899e+06,13.89884,87226.0,11.376269,8.025217,47890.0,10.776683,4.406113,3044.0,8.021256,0.28006282,False,False,1,3.26610841646872,-0.08731785850908289,-0.2059535618984338,1.9007294368743897,-0.05708369731903076,-0.07929944751238582,-0.8806108913229937,0.0,Astrocyte,Astrocyte,-0.16905024901455357
65F6_S46,Cortex,65,1C,AST2,1608,7.3833681469923835,985544.0,13.80095,5210.0,8.558527,0.52864206,61543.0,11.027508,6.2445717,4571.0,8.427706,0.46380475,False,False,2,2.82032973421076,-0.06901294651942037,0.2272342965759412,-0.8775736689567566,-0.018944164514541628,-0.11186647716194692,-0.6621062354226808,0.0,Astrocyte,Astrocyte,-0.5279980536693325
65F8_S62,Cortex,65,1C,AST2,1937,7.569411792450712,1.535195e+06,14.244168,47087.0,10.759773,3.0671673,98816.0,11.501025,6.436707,6038.0,8.705994,0.39330506,False,False,1,4.0598747756311795,-0.09589913142985435,-0.1674121774808325,-0.6986122542619705,-0.16485105991363525,-0.1249105099475745,0.8590585505543042,0.0,Astrocyte,Astrocyte,-0.6005769488409485
65F9_S70,Cortex,65,1C,AST3,2236,7.71289096149013,2.336839e+06,14.66431,59942.0,11.001149,2.565089,73352.0,11.203039,3.138941,10592.0,9.267949,0.45326185,False,False,1,2.846281433366036,-0.1116748287450129,1.4023866219954058,-1.2352370643615722,-0.10900342583656311,-0.09230250902850219,0.6280970529994773,0.0,Astrocyte,Astrocyte,-0.34318927482690953
65G10_S79,Cortex,65,1C,(none),1105,7.00850518208228,1.757849e+06,14.379602,101423.0,11.527065,5.769722,155073.0,11.951657,8.821748,5695.0,8.647519,0.3239755,False,False,1,1.7244098049695378,-0.006502964987826707,-0.1086226442847589,-0.48255365490913393,0.8666263425350189,-0.03510862167435463,-0.5830031525549577,-0.012940900325775146,Astrocyte,(none),-0.24000504160166186
65G11_S87,Cortex,65,1C,Mural,1488,7.305860032684009,1.845384e+06,14.428199,34016.0,10.434616,1.843302,113682.0,11.64117,6.1603436,12586.0,9.44042,0.682026,False,False,0,-2.1064389465285127,-0.13836107032382908,-0.19147791886570478,3.487399242520332,-0.0786150187253952,0.09659625544692531,6.221680497104798,0.0,Mural,Mural,3.939310352148516
65G2_S15,Cortex,65,1C,AST2,2317,7.748460023899697,1.365915e+06,14.127336,41183.0,10.625805,3.0150485,50513.0,10.830006,3.6981072,5521.0,8.616495,0.4041979,False,False,3,3.3610685249495367,-0.031171905934511118,-0.21312694025762152,-1.3808359551429747,-0.27529056906700133,-0.1563301531955449,-0.9269095142582553,0.0,Astrocyte,Astrocyte,-0.8057690777245269
65G3_S23,Cortex,65,1C,AST3,2956,7.9919305198524775,1.531844e+06,14.241983,40435.0,10.607476,2.6396291,47746.0,10.773671,3.1168969,4157.0,8.332789,0.2713723,False,False,1,3.476812509891113,-0.04671952832284285,-0.26256670012618555,1.684252712726593,-0.3337154531478882,-0.1864463078855264,-0.019419178890822453,0.0,Astrocyte,Astrocyte,0.22506998855004923
65G4_S31,Cortex,65,1C,AST3,2088,7.644440761556566,1.335485e+06,14.104806,36048.0,10.492635,2.699244,53910.0,10.89509,4.0367355,4005.0,8.295548,0.29989105,False,False,3,2.6754497445997645,-0.08318645391032924,-0.16874099981905233,2.5536964643001556,-0.17481912851333617,-0.2563798463705814,-0.6859451795942221,0.0,Astrocyte,Astrocyte,-0.6464932442507482
65G7_S55,Cortex,65,1C,AST3,2675,7.892078421248119,1.841249e+06,14.425955,43898.0,10.689647,2.3841426,88185.0,11.387203,4.789412,8981.0,9.102978,0.48776674,False,False,2,2.6549340779664083,-0.2002673397711174,-0.2706541181212724,-1.9468721038103103,-0.2179591751098633,-0.09389048874980271,-1.489807015986898,0.0,Astrocyte,Astrocyte,-0.4886614370326168
65G8_S63,Cortex,65,1C,AST2,2048,7.6251071482389,1.667535e+06,14.326858,61763.0,11.031076,3.70385,197337.0,12.192674,11.834054,8126.0,9.002947,0.48730612,False,False,1,3.538447372248916,-0.062369833040477045,-0.1325152823419282,-1.2595748543739318,-0.14422128438949586,-0.22683595406888712,-0.8625183986059984,0.0,Astrocyte,Astrocyte,-0.13743857235860746
65G9_S71,Cortex,65,1C,AST3,2215,7.703459047867175,1.946075e+06,14.481326,82613.0,11.321935,4.2451086,77493.0,11.257956,3.982015,4865.0,8.490027,0.24999036,False,False,4,3.5037395178945987,-0.015248895290508942,1.1339563673192805,-1.2177082431316375,1.4574833405017853,-0.11282855091672955,-0.6823880432838172,-0.059644346237182615,Astrocyte,Astrocyte,1.468648715289885
65H10_S80,Cortex,65,1C,AST2,2059,7.630461261783627,1.867049e+06,14.43987,95994.0,11.472052,5.1414824,72418.0,11.190224,3.8787413,4478.0,8.407155,0.23984374,False,False,1,3.232728646752613,-0.05169325857306246,-0.2057446235358113,-1.5993820881843568,-0.24877419471740722,-0.1067920790778266,-0.7698459337704145,0.0,Astrocyte,Astrocyte,-0.5405667210262088
65H11_S88,Cortex,65,1C,Mural,1820,7.507141079727608,2.219712e+06,14.612888,42200.0,10.650199,1.9011475,121534.0,11.707957,5.475215,8796.0,9.082166,0.3962676,False,False,0,-3.1096753214226394,-0.2458085025375213,0.37589795089731315,-1.0781026101112365,-0.2775790798664093,1.892449418101648,6.354536432716714,0.0,Mural,Mural,-0.5226539323644367
65H7_S56,Cortex,65,1C,AST2,1789,7.489970898834801,1.284132e+06,14.065595,64705.0,11.077609,5.038812,79980.0,11.289544,6.228332,6642.0,8.801319,0.51723653,False,False,1,4.155003920278914,-0.07274969558619973,-0.05655935316374808,-0.9988351035118103,-0.1331933009624481,-0.21693243041183008,-0.8119136813896984,0.0,Astrocyte,Astrocyte,-0.5170575203203001
65H8_S64,Cortex,65,1C,AST2,1968,7.585281078639126,1.485128e+06,14.211012,38141.0,10.549071,2.568196,66353.0,11.102759,4.4678307,4997.0,8.516793,0.33646932,False,False,3,3.919651996893961,-0.06514200073989791,-0.2266766856415103,-1.0406239438056946,-0.11299219131469726,-0.1346871443469115,-0.8506222442166889,0.0,Astrocyte,Astrocyte,-0.10994642579893832
68A10_S73,Hippocampus,68,1H,AST4,2837,7.950854857719988,2.186588e+06,14.597854,119582.0,11.691766,5.4688854,55028.0,10.915616,2.516615,56834.0,10.947907,2.5992093,False,False,6,-1.735764174350624,-0.28129989627617685,-0.35438958141538834,-2.026419314146042,-0.42836912035942076,-0.4817188093156526,-1.220424144112285,-0.441555347442627,Astrocyte,Astrocyte,-0.017971165814065326
68A11_S81,Hippocampus,68,1H,AST1,3103,8.04044688130311,2.690694e+06,14.80531,83115.0,11.327992,3.08898,48075.0,10.780539,1.7867137,17289.0,9.757884,0.64254797,False,False,2,2.865660556515709,-0.023638350729966284,-0.13832855751418105,-1.789806465804577,-0.05202559739351273,-0.17490193097278325,-1.183598468800885,0.0,Astrocyte,Astrocyte,-0.5084956028127113
68A12_S89,Hippocampus,68,1H,AST1,2032,7.617267813628347,2.071068e+06,14.543575,45984.0,10.736071,2.2203038,76536.0,11.245529,3.6954846,8310.0,9.025335,0.40124226,False,False,4,2.7796594373515395,-0.16826928680266567,0.1296097527850758,-0.8675324296951294,-0.00031711101531983754,-0.311698337998053,0.9723976832538394,0.0,Astrocyte,Astrocyte,1.459916739934474
68A1_S1,Hippocampus,68,1H,AST1,1311,7.179307969504034,1.147542e+06,13.953134,15022.0,9.617337,1.3090588,117821.0,11.67693,10.267249,4819.0,8.480529,0.41994107,False,False,2,3.3422444029583955,-0.1412306934145827,-0.06319541160506431,2.5085956859588623,-0.029726090431213378,-0.0673089147818209,-0.5121774218190256,0.0,Astrocyte,Astrocyte,-0.3674488171860451
68A2_S9,Hippocampus,68,1H,AST1,2190,7.692113339595466,2.016928e+06,14.517087,112810.0,11.63347,5.593159,193674.0,12.173937,9.602426,5631.0,8.63622,0.27918696,False,False,2,3.423317107997957,-0.10117902528101476,-0.22583429981963804,2.065639547109604,-0.005880229473114014,-0.01449989429628006,-1.1327651319791323,-0.2597854328155518,Astrocyte,Astrocyte,-0.1998892432461199
68A3_S17,Hippocampus,68,1H,AST4,1844,7.520234556474628,1.733327e+06,14.365554,36749.0,10.511893,2.1201425,66781.0,11.109189,3.8527641,11331.0,9.335386,0.65371394,False,False,3,1.3610016061960017,1.7124690515312118,-0.23268480884908427,-1.1886688834428787,-0.07193278074264527,-0.07784495329616045,-0.4048332634882711,0.0,Astrocyte,Astrocyte,-0.06275187684020933
68A5_S33,Hippocampus,68,1H,Mural,2104,7.652070746116482,1.703484e+06,14.3481865,33940.0,10.432379,1.9923873,78994.0,11.27714,4.6372023,12657.0,9.446045,0.7430067,False,False,0,-3.0172508199358243,-0.1348846857272201,-0.3839565599807585,2.6592978680133816,-0.3080308413505554,-0.3090135726061734,5.905329329284592,0.0,Mural,Mural,2.7695094970162204
68A6_S41,Hippocampus,68,1H,AST1,1859,7.528331766707247,1.300459e+06,14.078229,26854.0,10.198207,2.0649633,72481.0,11.191093,5.5734935,6421.0,8.767485,0.49374875,False,False,3,3.3117579097956256,-0.07303543546091971,-0.11516814520864775,1.9355018818378449,-0.08793663501739502,0.059196890002549324,-0.2789043650854772,-0.11804726600646973,Astrocyte,Astrocyte,-0.5745791702318271
68A7_S49,Hippocampus,68,1H,AST1,2454,7.805882040228621,1.398871e+06,14.151176,50701.0,10.833721,3.6244228,37870.0,10.541941,2.7071831,7582.0,8.933664,0.5420085,False,False,2,3.11242407658061,-0.05969570389944105,-0.24585777340513287,-1.174405860900879,1.3817345309257507,-0.2442467886992175,-0.2312574161956058,0.0,Astrocyte,Astrocyte,-0.8762517007245046
68A9_S65,Hippocampus,68,1H,AST4,2710,7.905072849498666,1.639006e+06,14.309601,53041.0,10.8788395,3.2361686,49868.0,10.817155,3.0425758,16088.0,9.685891,0.9815705,False,False,6,0.27268308368536953,1.1444495491047002,-0.41060796109112824,-1.46237313747406,-0.308397079706192,-0.09961175075685134,0.7876632015908782,-0.06811925411224365,Astrocyte,Astrocyte,-0.02451968571180496
68B10_S74,Hippocampus,68,1H,Mural,1336,7.198183577101943,1.400406e+06,14.152273,15770.0,9.665928,1.126102,105299.0,11.5645685,7.5191765,5456.0,8.604654,0.3896013,False,False,0,-2.458048394468964,-0.042949620802797864,-0.39351148888318227,3.333954272866249,-0.11411216259002685,-0.1409022013346354,5.642540897256765,-0.14649558067321777,Mural,Mural,2.3862762598442115
68B11_S82,Hippocampus,68,1H,AST5,2577,7.8547691834991324,2.678558e+06,14.80079,96198.0,11.4741745,3.5914102,95438.0,11.466243,3.5630364,18195.0,9.808957,0.6792834,False,False,2,3.66660639562242,-0.008988493651001897,-0.3471288470306782,1.5725828504562378,-0.26028929471969603,-0.13941138561325844,-1.0253971863032585,0.0,Astrocyte,Astrocyte,-0.7836630469769588
68B12_S90,Hippocampus,68,1H,Mural,1673,7.422971251049421,2.040175e+06,14.528546,38546.0,10.559633,1.8893477,86092.0,11.363183,4.2198343,16574.0,9.715651,0.8123813,False,False,0,-2.8302785529464973,-0.1278040217394805,-0.36470900069583545,0.535441638827324,-0.15851630210876466,-0.2339062811148287,5.3862788970745985,0.0,Mural,Mural,6.020665792098427
68B2_S10,Hippocampus,68,1H,AST3,2134,7.666221925662725,1.995112e+06,14.506211,78426.0,11.269923,3.930907,58632.0,10.979053,2.9387825,5308.0,8.577159,0.26605022,False,False,3,2.551505867249327,-0.08179723617419525,-0.17691047143454502,2.7412254953384396,-0.005620454549789429,-0.1827530897024906,-0.7646865874678646,0.0,Astrocyte,Astrocyte,-0.6262662762990578
68B3_S18,Hippocampus,68,1H,AST1,1364,7.21890970761906,1.260135e+06,14.04673,76716.0,11.247879,6.087919,156315.0,11.959635,12.404624,4377.0,8.384347,0.34734374,False,False,2,1.5457744217309797,-0.05277052596585834,-0.1279252776593873,-0.7924426174163819,-0.046495585441589354,-0.06199598794031625,-0.5010299416043651,0.0,Astrocyte,Astrocyte,-0.32798583827950123
68B4_S26,Hippocampus,68,1H,AST1,1347,7.206377291472252,951904.0,13.76622,31417.0,10.355136,3.3004377,95361.0,11.465435,10.017921,896.0,6.799056,0.09412713,False,False,3,5.8174088913234865,-0.08800462023097666,-0.10887684484924932,-1.275154275894165,0.22802996575832368,-0.05585309832987159,-0.5065079076805307,0.0,Astrocyte,Astrocyte,-0.41413520703804313
68B6_S42,Hippocampus,68,1H,AST1,1532,7.334981878871814,1.138711e+06,13.945409,57183.0,10.954029,5.021731,72604.0,11.192789,6.3759813,3661.0,8.205765,0.32150388,False,False,2,3.7084915859451715,-0.15674609335223635,1.7312161115684894,2.560043095946312,-0.049836549758911136,-0.14489980719306253,-0.5154833200588897,-0.017240840196609496,Astrocyte,Astrocyte,-0.5174139588822506
68C10_S75,Hippocampus,68,1H,AST1,1388,7.236339342754344,1.466019e+06,14.198062,81248.0,11.305274,5.5420837,110927.0,11.616636,7.566546,6917.0,8.841882,0.471822,False,False,3,3.476449546918192,-0.0457840313264473,-0.12563262443349818,-0.783405876159668,-0.08326706409454346,0.17570634803386648,-0.6075577160820889,0.0,Astrocyte,Astrocyte,-0.42070912140637684
68C12_S91,Hippocampus,68,1H,AST1,1775,7.4821189235521155,1.772649e+06,14.387986,142004.0,11.863618,8.010836,120852.0,11.702331,6.8175936,7099.0,8.86785,0.4004741,False,False,3,3.075230141155055,-0.07054523846611904,-0.3013944595751136,-1.1550742614269256,-0.18157528936862946,-0.3014120820796851,-0.8361269388366585,0.0,Astrocyte,Astrocyte,-0.674883957100233
68C2_S11,Hippocampus,68,1H,AST1,1604,7.380879035564116,1.813416e+06,14.410724,46142.0,10.739501,2.5444796,80879.0,11.300722,4.460036,7776.0,8.958926,0.42880395,False,False,3,4.222433424712531,-0.040127352254474585,-0.06771928192389132,-0.7067063474655151,-0.26357209265232084,-0.14128240973058373,-0.6809634197896449,0.0,Astrocyte,Astrocyte,-0.539851802915882
68C3_S19,Hippocampus,68,1H,AST1,1737,7.460490305825338,1.621515e+06,14.298872,40315.0,10.604504,2.4862552,56668.0,10.944983,3.4947562,5090.0,8.53523,0.313904,False,False,3,3.0189394270136054,-0.03769534317093279,-0.39195140804907286,-0.7249500322341919,-0.11423676490783691,-0.1639322680656356,-0.8462620033091636,0.0,Astrocyte,Astrocyte,-0.5769935264213256
68C4_S27,Hippocampus,68,1H,AST4,2400,7.783640596221253,1.450395e+06,14.187347,41735.0,10.639119,2.8774922,60925.0,11.017415,4.20058,11658.0,9.363833,0.80378103,False,False,6,0.7943052087650928,-0.27400869220944507,-0.36804013992800855,-0.7673294067382812,-0.15611826598644257,-0.21917112547941883,-0.4423507023696325,-0.01437402367591858,Astrocyte,Astrocyte,3.5813977615612376
68C5_S35,Hippocampus,68,1H,AST1,1864,7.5310163320779155,1.225093e+06,14.018528,45760.0,10.731188,3.7352269,58187.0,10.971435,4.7495985,6608.0,8.796187,0.53938764,False,False,3,4.097712529161588,-0.09307214602753146,-0.1675906301748873,-1.085265212059021,-0.13772539138793946,-0.14224731199669116,-0.73165545751102,0.0,Astrocyte,Astrocyte,-0.45931546715941773
68C7_S51,Hippocampus,68,1H,AST1,1290,7.1631723908466425,911109.0,13.722419,25594.0,10.150152,2.8091042,66510.0,11.105123,7.299895,4226.0,8.349248,0.46383035,False,False,3,2.7339819519897635,-0.03732258231196571,-0.15941841794986916,1.8414024889469147,0.0,-0.040561420748932195,-0.6023731639037779,0.0,Astrocyte,Astrocyte,-0.5027913585529105
68D12_S92,Hippocampus,68,1H,AST1,1661,7.415776975415394,1.942948e+06,14.479717,57199.0,10.954309,2.9439285,80028.0,11.290144,4.1188955,8505.0,9.048527,0.43773687,False,False,2,4.362596689026213,-0.10245234043753926,-0.138630509978593,-0.9281055736541748,-0.06069210052490234,-0.03025474331595681,-0.43304421314642055,0.0,Astrocyte,Astrocyte,-0.003081961993582072
68D1_S4,Hippocampus,68,1H,AST1,1664,7.417580402414544,1.147615e+06,13.9531975,45803.0,10.732126,3.9911468,65803.0,11.094436,5.7338915,3247.0,8.085794,0.2829346,False,False,3,3.6897701344203426,-0.11708899898145667,-0.36790677634152497,-0.5490967965126038,-0.17278013229370118,-0.008623303789080996,-0.7220380306243896,0.0,Astrocyte,Astrocyte,-0.5603545163828065
68D2_S12,Hippocampus,68,1H,AST3,3196,8.069968149059841,1.795514e+06,14.400803,42192.0,10.650009,2.3498564,40499.0,10.609057,2.255566,12098.0,9.400878,0.6737904,False,False,2,3.0008259484025297,-0.050863978850781616,0.31150709559219053,0.9915420532226562,-0.20038207054138182,-0.08988732280153217,-1.2676632056883232,-0.01210280418395996,Astrocyte,Astrocyte,-0.37826872170469006
68D5_S36,Hippocampus,68,1H,Mural,1260,7.13966033596492,973739.0,13.788899,27197.0,10.210898,2.7930484,94912.0,11.460716,9.74717,4679.0,8.451054,0.4805189,False,False,0,-2.5827402716777366,-0.20788724578205664,-0.33326640032758614,-0.4519837421178818,-0.017894937992095947,-0.1188743572042446,6.3130132004843285,-0.1324623680114746,Mural,Mural,0.29305470144012336
68D6_S44,Hippocampus,68,1H,AST1,1928,7.564757012905729,1.656274e+06,14.320082,39102.0,10.573955,2.3608413,82610.0,11.321898,4.9877014,7015.0,8.855948,0.423541,False,False,2,2.6236690067854083,-0.047708740186451666,-0.1607542715289376,-1.355402165055275,-0.06992411315441131,-0.24153969022962782,0.982660308555143,-0.04469551086425781,Astrocyte,Astrocyte,-0.08451449264071026
68D7_S52,Hippocampus,68,1H,AST1,1983,7.592870287844818,1.176301e+06,13.977886,54910.0,10.913469,4.668023,58506.0,10.976902,4.973727,4950.0,8.507345,0.42081064,False,False,2,4.216749446639598,-0.03804484054670861,-0.22877640706120114,-1.0153392845392226,1.3368445253372192,0.09989307625125152,-1.38652489742442,0.0,Astrocyte,Astrocyte,0.24497692145170868
68D8_S60,Hippocampus,68,1H,AST4,2138,7.668093709082406,1.693263e+06,14.342169,64102.0,11.068247,3.7857084,59387.0,10.991847,3.507252,12983.0,9.471473,0.7667445,False,False,6,0.912527828268666,-0.06687424440479758,-0.08796723352538215,-0.9698757547140121,-0.0642346966266632,-0.2696224914656745,-0.8995930151124696,-0.20482677578926087,Astrocyte,Astrocyte,-0.6112599146983062
68D9_S68,Hippocampus,68,1H,AST1,1467,7.291656209174461,1.298014e+06,14.076346,16765.0,9.727108,1.2915885,80716.0,11.298704,6.218423,6303.0,8.7489395,0.485588,False,False,2,5.215034636317707,-0.03312591961280784,-0.20687949537026762,-0.885305998325348,0.0,-0.17599848845992425,-0.5338155043185057,0.0,Astrocyte,Astrocyte,-0.49637298074508945
68E10_S77,Hippocampus,68,1H,AST3,2706,7.903596289614301,2.377002e+06,14.681351,71227.0,11.173641,2.9965055,45418.0,10.723686,1.9107262,9720.0,9.182044,0.40891847,False,False,2,3.1749285935052747,-0.04569622769427659,-0.2040528417235673,1.8136612170934676,-0.004860192239284515,-0.14875074920028147,0.5295062512908149,0.0,Astrocyte,Astrocyte,-0.7973703925617549
68E1_S5,Hippocampus,68,1H,AST4,2340,7.75833346749091,1.637893e+06,14.308922,81166.0,11.304264,4.955513,44253.0,10.697701,2.701825,17990.0,9.7976265,1.0983623,False,False,6,1.5206674099619928,-0.08848321467787776,-0.29900854615250017,-1.115767497420311,-0.32822714507579803,-0.1972065567970276,-1.0660924788695485,0.0,Astrocyte,Astrocyte,0.03993899921866406
68E2_S13,Hippocampus,68,1H,AST4,2339,7.757906208351747,1.777484e+06,14.39071,42097.0,10.647756,2.3683476,101320.0,11.526049,5.700192,23933.0,10.0830555,1.3464538,False,False,6,1.2016124285635401,-0.07224331549064598,-0.31417280736595693,-1.3614667344093323,-0.1130094313621521,-0.2160309962552003,-1.0193064194827823,0.0,Astrocyte,Astrocyte,0.350541299168574
68E3_S21,Hippocampus,68,1H,Mural,1375,7.226936018493289,1.346624e+06,14.113112,27425.0,10.219247,2.0365744,130329.0,11.777825,9.678203,11280.0,9.330875,0.83765036,False,False,0,-2.8147136753048403,-0.12525200095008965,1.3554518758648575,-0.26477891266345976,-0.17740658462047576,-0.3728889154665398,6.434005983510808,-0.015777419805526733,Mural,Mural,4.473390981729122
68E5_S37,Hippocampus,68,1H,AST1,1770,7.479299637782834,1.244884e+06,14.034554,54670.0,10.909089,4.391574,45322.0,10.72157,3.6406608,6054.0,8.70864,0.4863104,False,False,2,2.804406044261703,-0.0568849836761628,-0.2990590580786117,-1.0848709976673125,-0.14169816970825194,-0.3205787075890435,-0.5488429716484031,0.0,Astrocyte,Astrocyte,-0.5981738664869076
68E7_S53,Hippocampus,68,1H,AST1,1496,7.311218384419629,1.147057e+06,13.952711,17168.0,9.750861,1.4966998,49508.0,10.80991,4.316089,7699.0,8.948976,0.6711959,False,False,3,2.907776915961927,-0.06217175153032619,-0.1310797929763794,-1.1401367199420929,-0.16926687121391296,-0.13318041599158084,-0.6831515488313071,-0.1615715193748474,Astrocyte,Astrocyte,-0.6368611107684535
68E9_S69,Hippocampus,68,1H,AST4,2625,7.873217054862741,1.922997e+06,14.469396,43348.0,10.677039,2.2541897,152450.0,11.934599,7.927729,11857.0,9.380758,0.6165896,False,False,6,1.9875778200847858,-0.2037139531955048,-0.4454282561335901,-1.5104137450456618,-0.40834313809871675,-0.11982495616180729,0.7819706054788139,-0.13015844345092772,Astrocyte,Astrocyte,-0.9267815274865878
68F10_S78,Hippocampus,68,1H,AST1,2165,7.680637427560936,1.41462e+06,14.162373,87131.0,11.375179,6.159322,64594.0,11.075892,4.566173,7495.0,8.922125,0.52982426,False,False,2,4.235439734055045,-0.11899770294601594,1.243153470032143,0.8991024065017701,-0.16234763622283935,-0.10049194639379327,-0.7372200339283775,0.0,Astrocyte,Astrocyte,-0.736736849970332
68F11_S86,Hippocampus,68,1H,AST1,1676,7.424761761823209,1.909086e+06,14.462135,50223.0,10.824248,2.6307354,94363.0,11.454915,4.9428368,7120.0,8.870804,0.37295336,False,False,2,1.842454376442185,-0.10886833356253466,-0.2334440913465288,-1.024236204624176,-0.03865887641906738,-0.15003444510276873,-0.4932652765782035,0.0,Astrocyte,Astrocyte,-0.522974700979478
68F1_S6,Hippocampus,68,1H,AST1,2102,7.6511201757027,1.826732e+06,14.418039,14142.0,9.556975,0.7741694,76240.0,11.241654,4.1735735,7163.0,8.876823,0.39212102,False,False,2,3.187593106037931,-0.049443563025201386,-0.2778323133184452,-1.1444767034053802,-0.1119071626663208,-0.061301770836415914,0.2578033334645794,0.0,Astrocyte,Astrocyte,-0.2990579715057685
68F2_S14,Hippocampus,68,1H,Oligodendrocytic,2034,7.618251097876695,1.738006e+06,14.36825,38341.0,10.554301,2.206034,50564.0,10.831015,2.909311,11276.0,9.330521,0.64878947,False,False,8,-2.8123247999636853,-0.19044538299042976,9.45723169801211,3.11877129137516,-0.20540561020374298,-0.10553680044231993,-0.9470397665273005,-0.19580681800842284,Oligodendrocyte,Oligodendrocytic,-0.5061835768649694
68F5_S38,Hippocampus,68,1H,AST4,2234,7.711996507047669,1.365765e+06,14.127226,52231.0,10.863451,3.8243036,50517.0,10.830085,3.698806,28847.0,10.269796,2.1121497,False,False,6,0.9955467891171983,-0.05245287094882984,-0.24269539358639958,-1.182438987493515,-0.36231432676315306,-0.08420463403065999,-0.8552507479586194,0.0,Astrocyte,Astrocyte,-0.5471907940278069
68F6_S46,Hippocampus,68,1H,AST1,1784,7.487173694213739,1.568767e+06,14.265801,46645.0,10.750342,2.9733543,58941.0,10.984309,3.7571545,5116.0,8.540323,0.326116,False,False,1,4.6770527323738476,-0.08543484354738015,-0.11103259854846531,-0.8303943538665771,0.04505226731300355,-0.0068288848857686974,-0.8612166685075616,0.0,Astrocyte,Astrocyte,-0.17122462187864146
68F7_S54,Hippocampus,68,1H,AST1,2164,7.68017564043659,1.644539e+06,14.312971,50701.0,10.833721,3.0829916,129292.0,11.769836,7.8618994,6045.0,8.707152,0.3675802,False,False,2,2.994518119129327,-0.032971749653169256,-0.1302274206672052,-1.160402507185936,-0.04381068229675293,-0.08846320467765885,0.770340395033659,0.0,Astrocyte,Astrocyte,-0.6056425560495889
68F8_S62,Hippocampus,68,1H,AST1,3085,8.034631032923107,1.967984e+06,14.49252,46524.0,10.7477455,2.3640435,52651.0,10.87146,2.6753774,9576.0,9.16712,0.4865893,False,False,3,2.4042854647818803,-0.06303198133880769,-0.3488368136112136,1.4512003564834595,-0.15616167783737184,-0.2270830375979645,-1.2526337195880448,0.0,Astrocyte,Astrocyte,-0.6024893325238873
68G10_S79,Hippocampus,68,1H,AST1,1824,7.509335266016592,1.960782e+06,14.488854,51678.0,10.852807,2.635581,90719.0,11.415533,4.6266747,6614.0,8.797095,0.3373144,False,False,3,2.3266109508243416,-0.06375338084733666,-0.1651053958468967,-0.9583887577056884,-0.2655967378616333,-0.025032895984071674,-0.7565600284978972,0.0,Astrocyte,Astrocyte,-0.4916693310506754
68G2_S15,Hippocampus,68,1H,AST1,1922,7.56164174558878,1.488667e+06,14.213392,57410.0,10.957992,3.8564703,43929.0,10.690352,2.950895,6942.0,8.8454895,0.46632323,False,False,3,2.4110212202280596,-0.01514583915921312,-0.23396737286538788,-1.0912906074523925,0.17455777525901794,-0.29384010729163584,-0.9491284414751446,0.0,Astrocyte,Astrocyte,-0.592628360590672
68G4_S31,Hippocampus,68,1H,AST3,1564,7.355641102974253,1.375808e+06,14.134553,57315.0,10.956335,4.165916,61201.0,11.021935,4.4483676,5075.0,8.532279,0.36887413,False,False,3,2.8649799322169986,-0.09673296386872104,1.6665551794899836,3.1649298071861267,-0.099188814163208,-0.07991466016480417,-0.6242630068381229,0.0,Astrocyte,Astrocyte,-0.4029392788127587
68G5_S39,Hippocampus,68,1H,AST1,1877,7.537962659768208,1.40649e+06,14.156609,29141.0,10.279936,2.0718954,50167.0,10.8231325,3.5668225,3603.0,8.189799,0.25616962,False,False,2,4.065714530606088,1.0799364240924318,1.5407569294023995,2.459395316839218,-0.05574849605560303,-0.23493811458048194,1.2161898548579098,0.0,Astrocyte,Astrocyte,-0.04928272767287856
68G6_S47,Hippocampus,68,1H,AST1,2079,7.640123172695364,1.813886e+06,14.410983,56196.0,10.936619,3.0981,65267.0,11.086257,3.5981865,4064.0,8.310169,0.22404936,False,False,3,3.273080192628454,-0.07970523954036847,-0.21392211016982493,-0.609723555445671,-0.07210835456848144,-0.1748320394092136,0.7451227100650271,0.0,Astrocyte,Astrocyte,-0.6455330403897918
68G8_S63,Hippocampus,68,1H,AST3,1707,7.443078374348516,1.409828e+06,14.158979,48385.0,10.786966,3.4319787,72485.0,11.191149,5.141407,6725.0,8.813736,0.47700852,False,False,3,3.8951478890382525,1.6710469543035307,-0.1694476387717507,2.8998840326070785,-0.10150063455104828,-0.09147906724852745,-0.6722538728809836,-0.0147531259059906,Astrocyte,Astrocyte,-0.17855327306486335
68G9_S71,Hippocampus,68,1H,AST1,2290,7.736743682453495,2.161418e+06,14.586275,80297.0,11.2935,3.715015,61035.0,11.019219,2.8238406,10123.0,9.222664,0.46834993,False,False,2,3.444093007858986,-0.10035692117921072,-0.19265259636773002,1.396314737200737,0.0,-0.16489954247619165,-0.23122506764665918,-0.1260302734375,Astrocyte,Astrocyte,-0.5933949497585902
68H10_S80,Hippocampus,68,1H,AST1,1923,7.562161631225652,1.884079e+06,14.44895,45371.0,10.722651,2.408126,86578.0,11.368813,4.5952425,9664.0,9.176267,0.5129297,False,False,2,1.716882514171913,1.5762604996187604,-0.18120020326941905,-1.0023775291442871,-0.22279718279838562,-0.03740181344928163,-0.567089971435729,0.0,Astrocyte,Astrocyte,-0.25560734039156985
68H11_S88,Hippocampus,68,1H,AST1,1785,7.487733761436444,1.958212e+06,14.487543,60174.0,11.0050125,3.0729053,103453.0,11.546883,5.283034,3567.0,8.179761,0.18215597,False,False,3,3.2877365813229247,-0.08091623699245741,-0.18832060152834112,2.453165730237961,-0.07013933658599854,-0.015411994673989036,-0.6213781704854726,-0.03488304615020752,Astrocyte,Astrocyte,-0.07751466107487875
68H1_S8,Hippocampus,68,1H,AST1,1921,7.561121589530238,1.243748e+06,14.033641,58215.0,10.971915,4.6806107,69446.0,11.148319,5.583607,4768.0,8.469892,0.3833574,False,False,3,2.3460470183950957,-0.08646264028309578,-0.15288239898103656,-1.0099058175086975,-0.14327271461486815,-0.1932179301676124,-0.8309360467009808,-0.06810701131820679,Astrocyte,Astrocyte,-0.12818780441913058
68H2_S16,Hippocampus,68,1H,AST1,1569,7.358830898342354,1.06172e+06,13.8754015,51078.0,10.841128,4.810873,49689.0,10.813559,4.6800475,5786.0,8.663369,0.54496473,False,False,2,2.890405270571266,-0.12716759089848503,1.6285312121564692,0.6482525432109834,0.0,-0.23734125464853614,1.1899492279369028,0.0,Astrocyte,Astrocyte,-0.4734094735601908
68H3_S24,Hippocampus,68,1H,AST1,1537,7.338238150065589,1.62989e+06,14.304024,24407.0,10.102666,1.497463,99471.0,11.507631,6.102927,4733.0,8.462525,0.29038772,False,False,3,3.6524281176061573,-0.028577367265020782,-0.30648679925937844,-0.8470476114749909,-0.10767851948738098,-0.1593180172371142,-0.6069466672351013,0.0,Astrocyte,Astrocyte,0.008124244183252194
68H4_S32,Hippocampus,68,1H,AST4,2233,7.711548979629146,1.436439e+06,14.177678,43473.0,10.679918,3.0264425,58934.0,10.98419,4.1027846,14513.0,9.582869,1.0103458,False,False,6,1.2707601570692217,-0.13213700565261458,-0.24845213540876754,-1.408532704114914,-0.300142674446106,-0.33053489646526296,-0.9678008502452218,0.0,Astrocyte,Astrocyte,0.48685670453737895
68H6_S48,Hippocampus,68,1H,AST1,1966,7.584264818389059,1.095828e+06,13.9070215,70090.0,11.15755,6.3960767,111927.0,11.625611,10.213921,5173.0,8.551401,0.47206315,False,False,2,4.002964787144479,-0.14356628734262744,1.6761287149756845,-1.1816583561897278,-0.2154672336578369,-0.1871791271248249,0.670045951503006,0.0,Astrocyte,Astrocyte,-0.17860105459598552
68H8_S64,Hippocampus,68,1H,AST1,1473,7.295735072749282,925758.0,13.738369,30774.0,10.334458,3.324195,43428.0,10.678883,4.691075,3478.0,8.1545,0.37569213,False,False,3,3.2191527476076223,-0.09359810759673766,-0.2248465900469308,-1.2443624532222748,1.661322306394577,-0.0943054851859507,0.15930259527273516,-0.13974184036254883,Astrocyte,Astrocyte,-0.47664191547737694
68H9_S72,Hippocampus,68,1H,AST1,2166,7.681099001536359,1.784977e+06,14.394917,45498.0,10.725446,2.5489404,69768.0,11.1529455,3.9086218,6613.0,8.796944,0.37048095,False,False,3,3.312559663272295,-0.037482231705632044,-0.11847844208129729,-1.198862339258194,-0.17686732172966002,0.08658385276794435,-0.8607285370179756,-0.09726161956787109,Astrocyte,Astrocyte,-0.30111895140901035
75A10_S265,Cortex,75,1C,(none),1038,6.946013991099227,1.318289e+06,14.091846,36554.0,10.506574,2.7728367,162335.0,11.997423,12.314068,6381.0,8.761237,0.4840365,False,False,1,1.609306770921405,-0.04477825266632003,-0.006360457401082973,-0.5388422757387161,0.0,0.0,-0.33174921789361006,-0.016321464776992797,Astrocyte,(none),-0.26020912097173066
75A12_S281,Cortex,75,1C,Mural,1475,7.297091005160418,1.394554e+06,14.148086,25905.0,10.16223,1.8575833,112900.0,11.634267,8.095778,4696.0,8.4546795,0.3367385,False,False,0,-0.6593304328579721,-0.18295715681871577,-0.284413709784999,-0.42305673420429235,-0.42175940752029417,-0.2120217602662366,6.255455650276875,0.0,Mural,Mural,4.339287309296342
75A1_S193,Cortex,75,1C,AST2,2355,7.764720544771477,954247.0,13.768679,30738.0,10.333287,3.2211785,31237.0,10.349391,3.273471,2605.0,7.865572,0.2729901,False,False,1,1.1923098694431324,-0.08091053082116285,-0.17845446563730336,1.8567448115348817,1.4505382919311525,-0.11259630292353004,-0.9779051907697515,0.0,Astrocyte,Astrocyte,-0.8417437023829936
75A2_S201,Cortex,75,1C,AST3,2588,7.859026979751538,1.250991e+06,14.039448,37232.0,10.524951,2.9762006,36197.0,10.496759,2.8934662,7429.0,8.913281,0.5938492,False,False,2,3.3285482190345803,-0.09103424585045282,-0.18275613556004533,-1.3989255619049072,-0.25689024448394776,-0.19080394446247756,-1.141469239589557,0.0,Astrocyte,Astrocyte,-0.149735352008888
75A6_S233,Cortex,75,1C,AST2,2571,7.85243908535751,1.070683e+06,13.883808,37410.0,10.52972,3.4940314,30748.0,10.333612,2.8718119,5178.0,8.552367,0.48361653,False,False,2,3.3279972258812736,-0.07048458250323732,-0.24742700656255087,-1.302678335905075,-0.15325904726982117,-0.226269426971975,-1.0859334145359059,-0.017535741329193114,Astrocyte,Astrocyte,-0.8756293699219947
75A8_S249,Cortex,75,1C,AST3,3208,8.073714641109857,1.500154e+06,14.221079,36175.0,10.496151,2.4114192,28332.0,10.251782,1.8886062,6512.0,8.781555,0.43408877,False,False,2,2.8866094924061674,-0.1762746069299516,-0.2558277113871141,0.14046941518783562,-0.2733893322944641,-0.232893978706514,-0.3866719447787683,-0.03204574108123779,Astrocyte,Astrocyte,-0.5053094349838856
75A9_S257,Cortex,75,1C,AST3,3043,8.020927718981577,2.227304e+06,14.6163025,48999.0,10.799576,2.1999242,41074.0,10.623155,1.844113,13786.0,9.531482,0.61895454,False,False,1,3.134065224824708,-0.0762947824732143,1.377653124808061,-1.6104780638217926,-0.18427271485328675,-0.24582503600554031,-1.1225653239830056,0.0,Astrocyte,Astrocyte,-0.5829848010770865
75B11_S274,Cortex,75,1C,AST2,2969,7.996317231796746,1.980878e+06,14.499051,42393.0,10.654762,2.1401117,57657.0,10.962284,2.910679,8879.0,9.091557,0.4482356,False,False,4,2.9226945684255794,-0.1422102559151961,-0.2608403449106698,1.1029333519935607,-0.2876707231998444,-0.21350488036569923,-0.38536254305336337,0.0,Astrocyte,Astrocyte,-0.011673011321058246
75B12_S282,Cortex,75,1C,AST2,1732,7.457609289715606,1.689257e+06,14.3398,72361.0,11.189437,4.2835994,74908.0,11.22403,4.4343753,4602.0,8.4344635,0.27242744,False,False,1,3.2756818076951912,1.1335658341196913,-0.21299364590885664,-0.7241403555870056,-0.23477593421936035,-0.14682974478211067,-0.598141743010612,0.0,Astrocyte,Astrocyte,-0.5196853318875142
75B3_S210,Cortex,75,1C,AST2,1640,7.403061091090091,820155.0,13.6172495,16836.0,9.731334,2.0527828,56155.0,10.935889,6.8468766,4283.0,8.362642,0.52221835,False,False,3,3.8837293562341912,-0.22981081176642795,-0.18573064996738625,0.5244210493564605,-0.15751489162445068,-0.06529009944260722,-0.7441499892191671,0.0,Astrocyte,Astrocyte,0.054509982541327884
75B4_S218,Cortex,75,1C,AST3,3178,8.064321960910803,1.189668e+06,13.989185,33539.0,10.420494,2.8191898,18149.0,9.806426,1.5255517,5084.0,8.53405,0.4273461,False,False,4,2.803410608260358,-0.11748818326835057,0.4923462545630908,0.8795301854610442,0.6993790030479431,-0.2325912912686666,-0.6088144327677674,0.0,Astrocyte,Astrocyte,1.4736654229822859
75B5_S226,Cortex,75,1C,AST4,2516,7.830822995135316,1.201219e+06,13.998848,37963.0,10.544394,3.1603727,50734.0,10.834372,4.223543,14313.0,9.568994,1.1915396,False,False,6,2.177610865056189,-0.1384862859045441,1.3801792426542803,-1.3786351299285888,0.0026000428199768055,-0.03759328042617952,-1.1526776642056566,-0.18035255432128905,Astrocyte,Astrocyte,-0.8432410113600538
75B6_S234,Cortex,75,1C,AST3,2576,7.854381210652365,1.330064e+06,14.100739,36235.0,10.497808,2.724305,54567.0,10.907203,4.102585,4040.0,8.304248,0.3037448,False,False,1,1.6901011610291699,-0.14489743098541719,-0.20706337389319834,-1.8314826703071594,-0.0463115918636322,-0.14223145595704667,-1.044874303904011,0.0,Astrocyte,Astrocyte,-0.4235168491958179
75B8_S250,Cortex,75,1C,AST2,2376,7.773594467360194,1.175959e+06,13.977595,41945.0,10.644138,3.566876,46135.0,10.739348,3.923181,3793.0,8.241177,0.32254526,False,False,4,3.2172844449027638,-0.1673095936152204,-0.26292815744274795,0.6614170235395431,-0.1125680685043335,-0.1798400306942487,1.0042604612345671,0.0,Astrocyte,Astrocyte,1.1304239004551868
75B9_S258,Cortex,75,1C,AST2,1734,7.45876269238096,1.237774e+06,14.028826,28538.0,10.259027,2.3055906,96667.0,11.479038,7.8097453,3054.0,8.024535,0.24673325,False,False,1,2.735937753010317,-0.08726125506300424,-0.15520740157426005,-1.4404441785812379,-0.23689455032348633,-0.12817379200097287,-0.55332895499378,0.0,Astrocyte,Astrocyte,-0.3820395936850514
75C10_S267,Cortex,75,1C,AST3,3032,8.017307507688582,1.721944e+06,14.358965,56570.0,10.943252,3.2852404,28500.0,10.257694,1.6551061,5421.0,8.59822,0.3148186,False,False,4,2.8402515206832044,-0.1733998066216857,-0.40528112047850484,1.6436501574516296,-0.2674697709083557,-0.4698271932023944,0.5145240186446876,-0.07231614589691163,Astrocyte,Astrocyte,2.351194625953601
75C11_S275,Cortex,75,1C,AST2,2816,7.943427767876373,1.772822e+06,14.388083,79102.0,11.278506,4.461926,59526.0,10.994185,3.3576977,6829.0,8.82908,0.38520506,False,False,2,2.7144510544062967,-0.19017691708090317,-0.38508877398991825,1.6860107123851775,-0.07114764630794525,-0.11868784704593698,-1.146916495795226,0.0,Astrocyte,Astrocyte,-0.5623626215927588
75C12_S283,Cortex,75,1C,Endothelial,1625,7.3938782901077555,1.34856e+06,14.114549,36360.0,10.501252,2.6962092,106623.0,11.577064,7.906433,19819.0,9.894446,1.4696417,False,False,5,-2.736328375144083,-0.12732741101902334,-0.395850784850843,-0.8655865633487702,-0.1633392071723938,8.243782025395019,1.3376651109762527,0.0,Endothelial,Endothelial,-0.6439626495507802
75C3_S211,Cortex,75,1C,Endothelial,1607,7.382746449738912,845029.0,13.647127,30563.0,10.327579,3.616799,47609.0,10.770798,5.634008,11482.0,9.348623,1.3587699,False,False,5,-2.166426856335395,-0.28921270729908394,-0.4187973605261909,-1.0640228974819184,-0.0947498893737793,5.837913650454897,1.773408438093099,0.0,Endothelial,Endothelial,0.10118069772131255
75C5_S227,Cortex,75,1C,AST3,2521,7.8328075165248645,1.175963e+06,13.977599,37350.0,10.528115,3.1761203,46255.0,10.741946,3.933372,5689.0,8.646465,0.48377374,False,False,4,3.434392062366986,-0.10622344903610459,-0.24068026711242368,-1.1114832603931426,-0.1672295618057251,-0.08818833274070663,-0.004034081296106162,0.0,Astrocyte,Astrocyte,0.15514962994594605
75C6_S235,Cortex,75,1C,AST3,2668,7.889459149404524,1.056294e+06,13.870278,21161.0,9.959963,2.0033247,33827.0,10.429044,3.2024226,6575.0,8.791182,0.6224593,False,False,1,2.8010227214443235,-0.06822521512831875,-0.36873416196216235,1.239186459183693,-0.2231546688079834,-0.21809365833648528,-1.068848333766113,0.0,Astrocyte,Astrocyte,-0.02090018818493866
75C7_S243,Cortex,75,1C,AST3,3002,8.00736706798333,1.505515e+06,14.224647,42589.0,10.659375,2.8288658,34034.0,10.435144,2.2606218,6150.0,8.72437,0.4084981,False,False,1,2.775967212322632,-0.0687189791070756,-0.32207273473643294,-1.4748549538850784,-0.26837796688079835,-0.15547938720144408,-1.4513935186156077,0.0,Astrocyte,Astrocyte,-0.18876455945642245
75D10_S268,Cortex,75,1C,AST2,2861,7.959275960116396,1.999349e+06,14.508332,62099.0,11.036501,3.105961,52715.0,10.872674,2.6366084,8869.0,9.09043,0.4435944,False,False,1,2.5582401993496164,-0.25865605608302744,-0.38685251636938617,-1.421554275751114,1.3789796090126036,-0.26332076872238,-1.2067701364282388,0.0,Astrocyte,Astrocyte,-0.48617187551594343
75D11_S276,Cortex,75,1C,AST1,1698,7.4377951216719325,1.142467e+06,13.948702,91750.0,11.426834,8.030867,72495.0,11.191287,6.3454785,7561.0,8.930891,0.66181344,False,False,3,2.7002330868622,-0.07135654454255223,-0.016875613367918763,-1.0555127090215684,-0.06727315902709961,-0.09714053134725552,-0.649394135379312,-0.13656594276428222,Astrocyte,Astrocyte,-0.3211748473134781
75D3_S212,Cortex,75,1C,AST1,1728,7.455298485683291,921282.0,13.733522,42353.0,10.653818,4.597181,37336.0,10.5277405,4.0526137,4534.0,8.41958,0.4921403,False,False,3,2.293275580380132,-0.13691451681319194,-0.06153994256799871,1.0375611066818238,-0.03112335205078125,-0.20335706075032553,-0.8033300117032611,0.0,Astrocyte,Astrocyte,-0.22356871795375677
75D4_S220,Cortex,75,1C,AST3,2544,7.841885928984623,1.076323e+06,13.889062,20040.0,9.905536,1.8618947,42981.0,10.668537,3.9933178,6361.0,8.758098,0.5909936,False,False,2,3.0551476318979516,1.462583768307863,0.11430393309906275,-0.8342685914039611,-0.32397652506828306,-0.0861913471510916,0.6945050340801028,0.0,Astrocyte,Astrocyte,-0.6959760051736847
75D5_S228,Cortex,75,1C,Mural,1373,7.2254814727822945,975556.0,13.790764,20424.0,9.924515,2.0935752,53314.0,10.883973,5.464986,8695.0,9.070619,0.8912866,False,False,0,-1.363339015532061,-0.2316779446362251,-0.3662490826664549,-0.38805042684078217,-0.2778352183103561,2.044643648345061,5.899816155733175,0.0,Mural,Mural,2.6237049452550023
75D6_S236,Cortex,75,1C,AST2,2100,7.650168700845001,879486.0,13.687094,38638.0,10.562017,4.393248,45760.0,10.731188,5.203039,4309.0,8.368693,0.48994523,False,False,3,2.9007457983298384,-0.05439626631425254,-0.1492342912789547,2.302877871990204,-0.12819149494171142,-0.028729367737818246,-0.957390869083117,-0.11010696411132813,Astrocyte,Astrocyte,-0.13829155114536895
75D7_S244,Cortex,75,1C,AST3,2219,7.705262474866325,1.118622e+06,13.927609,15953.0,9.6774645,1.4261297,33060.0,10.40611,2.955422,4154.0,8.3320675,0.37134975,False,False,1,3.708371663354133,-0.19034497701942021,-0.4690519872337881,-0.9539236629009247,-0.2312976574897766,-0.1488920859616212,-1.056907514231888,-0.07743199348449707,Astrocyte,Astrocyte,-0.3131927005038636
75D8_S252,Cortex,75,1C,Endothelial,3108,8.042056410058754,1.450427e+06,14.187369,30197.0,10.315531,2.0819387,73569.0,11.205993,5.0722303,12068.0,9.398396,0.83203083,False,False,5,-3.2884083142697484,-0.46981310425092226,-0.5361366452592792,1.226347315311432,-0.4065534174442291,8.03762610632964,5.528910524282024,-0.25443809509277343,Endothelial,Endothelial,2.3708886604550883
75D9_S260,Cortex,75,1C,AST3,2813,7.942362237674335,1.748429e+06,14.3742285,37477.0,10.531509,2.143467,58793.0,10.981795,3.3626187,9393.0,9.147826,0.5372251,False,False,4,2.918174484388424,-0.1419853864602707,-0.29563419264976426,-1.504436719417572,-0.21007600784301758,-0.2534717261189162,-1.1691337170912393,0.0,Astrocyte,Astrocyte,-0.11186415529211291
75E10_S269,Cortex,75,1C,AST2,1661,7.415776975415394,1.399418e+06,14.151567,74817.0,11.222814,5.346294,155679.0,11.955558,11.124554,4799.0,8.476371,0.34292826,False,False,1,3.4789409468082786,-0.1343303469557259,-0.1358940095612497,-0.4950770425796509,0.0,-0.07646754293730765,-0.7412701389897409,0.0,Astrocyte,Astrocyte,-0.5341818643133708
75E11_S277,Cortex,75,1C,Oligodendrocytic,2389,7.779048644925556,1.927994e+06,14.471992,61454.0,11.02606,3.1874583,49520.0,10.810152,2.5684726,12171.0,9.406894,0.6312779,False,False,8,0.6890900499833732,-0.16177614310278965,8.78153046875289,3.046749733686447,-0.14367978751659394,-0.277648946251532,-0.938356737096106,-0.15316774368286132,Oligodendrocyte,Oligodendrocytic,-0.3081869756140574
75E12_S285,Cortex,75,1C,AST2,2324,7.751475318021456,1.58478e+06,14.275957,95164.0,11.463367,6.0048714,83078.0,11.327547,5.242242,9117.0,9.118006,0.5752849,False,False,1,3.187877473935404,2.8499872846220007,-0.21396554901142312,-1.3262570488452912,-0.18332401752471925,-0.1288669446502069,-0.8613235866604139,0.0,Astrocyte,Astrocyte,-0.7585113550068341
75E1_S197,Cortex,75,1C,AST3,3172,8.062432791583195,1.019556e+06,13.834879,27643.0,10.227164,2.7112782,14614.0,9.589804,1.433369,5346.0,8.5842905,0.5243459,False,False,1,2.9919473668916634,-0.12399138248146478,-0.37701895501878524,0.8156905871629716,-0.2495571517944336,-0.12999889043846516,-1.3563725487071665,0.0,Astrocyte,Astrocyte,-0.7023704682845304
75E2_S205,Cortex,75,1C,AST3,2017,7.609862200913554,990724.0,13.806192,14208.0,9.561631,1.4341028,50572.0,10.831173,5.10455,3881.0,8.264106,0.39173374,False,False,1,3.6604138791886838,-0.0639471795091677,-0.20205572066885052,0.28848111629486084,-0.019747402667999268,-0.26834555105729535,1.2170530428089688,0.0,Astrocyte,Astrocyte,-0.18787526338048688
75E3_S213,Cortex,75,1C,AST3,2743,7.917171988845776,1.227116e+06,14.020178,28269.0,10.249557,2.3036942,44422.0,10.701512,3.6200325,5289.0,8.573573,0.4310106,False,False,2,3.018568158801136,-0.11047990957097192,-0.44897188803162236,-2.136146814823151,-0.1991411566734314,-0.09064277735623447,-1.1832508837158358,0.0,Astrocyte,Astrocyte,-0.3808256478759403
75E5_S229,Cortex,75,1C,AST2,1924,7.562681246721884,949618.0,13.763816,21285.0,9.965805,2.2414277,66245.0,11.1011305,6.975963,4115.0,8.322638,0.43333215,False,False,1,2.8692018177991354,-0.06061660824109562,-0.2102897082916414,2.377544720172882,-0.14655036449432374,-0.14971167872650454,-0.8085650978375919,0.0,Astrocyte,Astrocyte,-0.6132836381660678
75E6_S237,Cortex,75,1C,AST3,2515,7.830425617820331,1.140913e+06,13.94734,33971.0,10.433292,2.9775276,51063.0,10.840835,4.475626,4004.0,8.295299,0.350947,False,False,2,1.8499115347210822,-0.23707214012816924,-0.31443134582403937,-1.4044252347946167,-0.008495665788650512,-0.28031601568665165,-0.862933802844292,0.0,Astrocyte,Astrocyte,1.4158263745809436
75E7_S245,Cortex,75,1C,AST2,2496,7.822845290279774,1.082149e+06,13.894461,48032.0,10.779644,4.4385753,35998.0,10.491246,3.3265288,6187.0,8.730368,0.57173276,False,False,1,3.522170648548773,0.3705382734986406,1.3648380902078416,-1.5146353507041932,-0.07912356615066528,-0.23825785367175786,0.4617405393015799,0.0,Astrocyte,Astrocyte,-0.5320189959293414
75E8_S253,Cortex,75,1C,AST2,1886,7.54274354536855,1.035925e+06,13.850806,53534.0,10.888091,5.167749,45159.0,10.717967,4.359292,5402.0,8.594709,0.5214663,False,False,1,3.1333548768621977,-0.1034095832450905,-0.11274881104026178,2.488117070198059,-0.12719379663467406,-0.23089700154583864,0.6025143121954185,-0.09346955299377441,Astrocyte,Astrocyte,-0.5689960812686481
75E9_S261,Cortex,75,1C,AST2,2321,7.7501841622578365,1.477669e+06,14.205977,72563.0,11.1922245,4.91064,69582.0,11.150275,4.708903,4501.0,8.412277,0.30460137,False,False,1,2.5647133572505467,-0.13747561427217034,-0.22979471629316156,-1.103546417951584,-0.08818243682384491,-0.14006431837274572,-0.8217938859858106,-0.014217840433120727,Astrocyte,Astrocyte,0.5450479997965648
75F10_S270,Cortex,75,1C,AST2,2334,7.755767170102998,1.587526e+06,14.277688,61839.0,11.032306,3.895306,70269.0,11.1601,4.4263215,6480.0,8.77663,0.4081823,False,False,3,3.7196580298611375,-0.07234405692498289,-0.23788407264333783,1.963021839261055,-0.13376787602901458,-0.11872435097742562,-0.27940592693923105,0.0,Astrocyte,Astrocyte,-0.779059079831749
75F11_S278,Cortex,75,1C,AST3,2479,7.8160138391590275,1.94624e+06,14.48141,24536.0,10.107938,1.2606874,59503.0,10.993799,3.057331,10268.0,9.236885,0.5275814,False,False,4,3.6556629300768906,-0.14919873158536365,-0.1851948331100772,-1.7658664560317994,-0.06808734893798828,-0.04200141116826221,-1.1332618746925238,-0.13780086517333984,Astrocyte,Astrocyte,1.593946112167457
75F2_S206,Cortex,75,1C,AST2,1988,7.5953872788539725,786011.0,13.574727,42994.0,10.668839,5.469898,21712.0,9.985666,2.7623024,2197.0,7.695303,0.27951264,False,False,3,3.4104154565946647,-0.09932010736896764,-0.041903522279527455,2.5939900851249695,-0.2050774049758911,-0.07108206700797033,-0.958324724705375,0.0,Astrocyte,Astrocyte,0.11801722078570143
75F3_S214,Cortex,75,1C,AST2,1900,7.550135342488429,812527.0,13.607905,50178.0,10.823352,6.1755486,34787.0,10.457027,4.2813344,2645.0,7.8808045,0.32552764,False,False,1,2.789349556620656,-0.07203403010440232,-0.14306399497118863,2.2874001801013946,-0.08942383050918579,-0.08672573590519453,-0.5670675752150952,-0.13698369026184082,Astrocyte,Astrocyte,-0.6445781263166755
75F4_S222,Cortex,75,1C,AST3,1881,7.540090320145325,835491.0,13.6357765,25048.0,10.12859,2.9979975,33275.0,10.412592,3.9826882,3002.0,8.007367,0.35930967,False,False,1,3.8393183953123664,-0.10758257870698094,1.4045803739566995,-1.4185045564174652,-0.010360748767852783,-0.1629094716274377,-0.7459372228114449,0.0,Astrocyte,Astrocyte,-0.582665400433421
75F5_S230,Cortex,75,1C,AST2,1665,7.418180822726788,862269.0,13.667324,17755.0,9.784479,2.0591023,33341.0,10.414573,3.8666587,2113.0,7.6563373,0.24505113,False,False,1,4.447985200934072,-0.07414307306759321,-0.17293349420181428,1.1595373940467835,-0.12019426822662353,-0.02852925868949505,-0.8949724321988359,0.0,Astrocyte,Astrocyte,-0.6689968461385354
75F8_S254,Cortex,75,1C,AST2,1754,7.470224135899966,782175.0,13.569835,10506.0,9.259797,1.3431777,49402.0,10.807767,6.315978,2367.0,7.769801,0.3026177,False,False,1,4.1689881835478895,-0.13945301393767698,0.03261004463590758,2.4521121585369112,-0.10483118534088134,-0.108588401717369,1.2520849351307854,-0.02191662073135376,Astrocyte,Astrocyte,-0.2937031697749295
75F9_S262,Cortex,75,1C,AST2,2696,7.89989532313973,1.165769e+06,13.968892,32244.0,10.381119,2.7658994,31533.0,10.358822,2.7049098,5025.0,8.52238,0.43104595,False,False,1,2.1473603444021254,-0.13101990198969243,-0.3225345491158842,1.8589371454715728,-0.057918490171432496,-0.03496709496083886,-0.7404754540728564,0.0,Astrocyte,Astrocyte,-0.5628472707406905
75G10_S271,Cortex,75,1C,AST3,3183,8.065893546964274,1.725732e+06,14.361162,35406.0,10.474665,2.051651,41233.0,10.627019,2.3893049,8738.0,9.075551,0.50633585,False,False,1,2.005270316952565,-0.10569132991771601,1.0775419028118403,-2.141670844554901,-0.18569644927978515,-0.16369509215306755,0.4507497279488262,-0.024955549240112306,Astrocyte,Astrocyte,-0.8038341955022144
75G11_S279,Cortex,75,1C,AST2,2099,7.649692623711514,1.576265e+06,14.27057,30799.0,10.33527,1.9539227,55067.0,10.916324,3.4935117,5190.0,8.554682,0.32925937,False,False,1,3.586387993533754,-0.003378271158017106,-0.27942045800613635,2.2273712164163593,-0.09075980365276337,-0.16186986607734602,0.7216642582835864,0.0,Astrocyte,Astrocyte,0.39312969394438657
75G1_S199,Cortex,75,1C,AST3,2524,7.83399634170946,823697.0,13.621559,16700.0,9.723224,2.0274446,19968.0,9.901937,2.4241924,2925.0,7.9813914,0.35510632,False,False,3,3.1947796839833904,-0.11520565274971814,-0.24205902610162291,-1.4042737400531768,-0.05437058925628662,-0.19784140105199333,-0.827781359754016,0.0,Astrocyte,Astrocyte,-0.38909754251597917
75G2_S207,Cortex,75,1C,AST3,2777,7.9294865233142895,1.076373e+06,13.889109,26263.0,10.175955,2.4399533,28765.0,10.26695,2.6724007,3776.0,8.236686,0.35080776,False,False,3,3.517910599708557,-0.1800724783135419,-0.14014153137351526,1.2122975289821625,-0.050823216438293455,-0.046072497512354996,-0.9353723472087228,0.0,Astrocyte,Astrocyte,-0.047649024977956644
75G4_S223,Cortex,75,1C,AST1,2094,7.647308832356238,771445.0,13.556022,20692.0,9.937551,2.6822393,30486.0,10.325056,3.9518046,2828.0,7.9476786,0.3665848,False,False,1,3.8917043235132596,-0.13087143011428604,-0.21844075063262322,1.9338531637191771,-0.18522385835647584,-0.2539281965506197,-0.12423297687990587,-0.02176064968109131,Astrocyte,Astrocyte,-0.37815613397871317
75G5_S231,Cortex,75,1C,AST3,2172,7.6838639802564295,949824.0,13.764033,16749.0,9.726153,1.7633793,28141.0,10.245018,2.9627593,5031.0,8.523573,0.5296771,False,False,2,2.4329777063567786,-0.047808321277100836,-0.10359493801088045,-1.46881143450737,-0.009486942887306213,-0.10243017083466655,-1.0168811823405213,0.0,Astrocyte,Astrocyte,-0.6541772426070276
75G6_S239,Cortex,75,1C,AST5,2121,7.660114319173928,1.183059e+06,13.983615,22981.0,10.042466,1.9425067,47470.0,10.767875,4.01248,6346.0,8.755737,0.53640604,False,False,1,2.7231483094679207,-0.028754367900254138,1.2148908521189834,1.7456597518920898,-0.04509713649749756,-0.1302804091964105,-0.8077568043416469,0.0,Astrocyte,Astrocyte,-0.6812766555553684
75G7_S247,Cortex,75,1C,AST3,2902,7.97349996402463,1.31046e+06,14.08589,39759.0,10.590616,3.0339727,37343.0,10.527927,2.84961,3054.0,8.024535,0.23304795,False,False,1,3.7476248369842278,-0.1384750095444109,-0.1750437364433751,-1.7008391696214675,-0.21863006591796874,-0.24662595565872963,-1.1819202887952027,-0.23730453491210937,Astrocyte,Astrocyte,-0.36371504703228785
75G8_S255,Cortex,75,1C,AST2,2933,7.984121958702927,1.211666e+06,14.007507,46154.0,10.73976,3.8091354,28728.0,10.265662,2.3709505,4335.0,8.374707,0.35777184,False,False,1,2.614899722604804,-0.11076926945441931,-0.33452636786181517,-1.4252602005004882,-0.13735029458999634,-0.22662564479943478,-1.1896683810344293,-0.1556852102279663,Astrocyte,Astrocyte,-0.5866601978846901
75G9_S263,Cortex,75,1C,AST2,2376,7.773594467360194,1.250611e+06,14.039144,74525.0,11.218904,5.9590874,45697.0,10.72981,3.653974,3628.0,8.1967125,0.2900982,False,False,2,4.0622243640201345,-0.057619185303922876,1.3241479866432422,2.1528953003883364,-0.12293870329856872,-0.21103608849072697,-0.9341784751594965,-0.10219966888427734,Astrocyte,Astrocyte,-0.5326254186974543
75H10_S272,Cortex,75,1C,AST2,1995,7.59890045687141,1.11723e+06,13.926364,26415.0,10.1817255,2.3643296,76722.0,11.247957,6.8671627,2493.0,7.8216434,0.22314116,False,False,1,2.400702991120802,-0.10718325035056876,-0.17710815355031176,-1.0194362902641296,-0.008762683272361755,-0.06600156456533104,0.3344200124692678,0.0,Astrocyte,Astrocyte,0.0228595243073465
75H11_S280,Cortex,75,1C,(none),1037,6.945051063725834,970923.0,13.786003,63899.0,11.065075,6.581263,102584.0,11.538447,10.565617,4597.0,8.433376,0.473467,False,False,1,3.339074261201535,-0.030111845114722324,-0.06059570204127918,3.469155806899071,-0.08696300089359284,-0.014890603344849866,-0.48779600738880025,-0.019743958711624144,Astrocyte,(none),0.3189389391464861
75H1_S200,Cortex,75,1C,AST3,2832,7.949091499830517,737950.0,13.511633,19035.0,9.854087,2.579443,20310.0,9.918918,2.752219,2888.0,7.9686656,0.3913544,False,False,2,3.866796484410436,-0.052743488220713244,-0.33381848744671755,1.3392805826663972,-0.2010084080696106,-0.07887714559381659,-1.1079116634388066,0.0,Astrocyte,Astrocyte,-0.4395469235557945
75H5_S232,Cortex,75,1C,AST2,2367,7.769800996003896,776854.0,13.563009,50943.0,10.838482,6.5576034,38300.0,10.553231,4.930141,4224.0,8.348775,0.5437315,False,False,1,2.1228876986790217,-0.17306782911770308,-0.3119369311766191,1.747561709880829,-0.2050877642631531,-0.04727377554382941,-0.7877318907023674,0.0,Astrocyte,Astrocyte,-0.3278351479858309
75H6_S240,Cortex,75,1C,AST2,2866,7.96102146588337,1.163862e+06,13.967256,40513.0,10.609403,3.4809108,29908.0,10.305915,2.5697205,5870.0,8.67778,0.5043553,False,False,1,2.3962522842844978,-0.05278635743874401,-0.44491943927726363,1.9431346726417542,-0.18052446126937866,-0.21883589089518846,-1.349404895125921,0.0,Astrocyte,Astrocyte,-0.4934306551075738
75H7_S248,Cortex,75,1C,AST2,2002,7.602401335665818,879974.0,13.687649,35547.0,10.47864,4.0395513,28895.0,10.271459,3.2836199,3058.0,8.025844,0.34751025,False,False,3,3.350735281334549,-0.024422606032098358,-0.17513637109236282,2.029677631855011,-0.2585317230224609,-0.16355266233887336,-0.7816396301715218,-0.0669442081451416,Astrocyte,Astrocyte,-0.6640533158098517
75H8_S256,Cortex,75,1C,AST2,2160,7.6783263565068856,846284.0,13.648611,35088.0,10.465643,4.146126,30966.0,10.340677,3.6590555,5299.0,8.575462,0.6261491,False,False,2,4.10809749332282,-0.23837878596243547,-0.20765102030050875,-1.1884383106231688,0.0,-0.04396009204363582,0.18630045682341612,0.0,Astrocyte,Astrocyte,-0.6809490306896837
75H9_S264,Cortex,75,1C,AST3,2457,7.80710329012598,1.244561e+06,14.034294,35374.0,10.473761,2.8422873,41033.0,10.622156,3.2969859,5821.0,8.669399,0.46771514,False,False,2,3.5023183757490157,-0.15506912236237647,-0.25308113206516614,2.5250382947921755,-0.07409192204475402,-0.2014341125584612,0.8083883284324378,0.0,Astrocyte,Astrocyte,-0.5834781069538629
78A10_S73,Hippocampus,78,1H,AST4,2682,7.894690850425624,1.510744e+06,14.228113,47296.0,10.764202,3.1306431,77548.0,11.258665,5.1331,11787.0,9.374837,0.7802116,False,False,6,0.26217499196203686,-0.2258049668978207,-0.3312601928759103,-1.669082474708557,-0.26773900270462037,-0.5194380692761353,-0.9196474552154541,-0.0140523362159729,Astrocyte,Astrocyte,-0.4490662640044606
78A11_S81,Hippocampus,78,1H,AST1,2118,7.6586995582682995,1.481161e+06,14.208338,57172.0,10.953837,3.859945,87383.0,11.378068,5.8996286,7959.0,8.982184,0.53734875,False,False,3,2.8910329713196052,-0.08559530703865703,-0.08088747539905587,-1.0662333023548127,-0.030779255628585814,-0.18976923432013001,0.7049869832082011,0.0,Astrocyte,Astrocyte,-0.7210343938837067
78A2_S9,Hippocampus,78,1H,AST1,1449,7.27931883541462,1.237516e+06,14.028618,90808.0,11.416513,7.3379254,136366.0,11.823105,11.019332,4742.0,8.464425,0.38318697,False,False,2,4.936402864469206,-0.1638048333139276,0.35689925424980395,-0.6258239233493805,-0.23005837917327882,-0.09412249651822177,-0.6127137191331566,0.0,Astrocyte,Astrocyte,-0.4185178864977396
78A3_S17,Hippocampus,78,1H,AST1,1904,7.552237287560802,1.208699e+06,14.005056,39836.0,10.592551,3.2957752,72657.0,11.193519,6.0111737,4353.0,8.37885,0.3601393,False,False,3,0.9252063987033612,-0.13583143871633252,-0.0681646978012239,-1.1097302830219269,-0.06860153675079346,-0.13873817101873534,-1.0295532995731986,-0.08274109840393067,Astrocyte,Astrocyte,-0.38762629081888467
78A5_S33,Hippocampus,78,1H,AST3,2246,7.717351272185329,1.211433e+06,14.007316,64288.0,11.071144,5.3067727,57151.0,10.953469,4.717636,5412.0,8.596559,0.44674367,False,False,3,2.7424296186269963,-0.08822951664277656,-0.13419819359827523,2.298082386255264,-0.15889892101287842,-0.1924204970851089,-0.8813904128481994,0.0,Astrocyte,Astrocyte,-0.7824845712053556
78A6_S41,Hippocampus,78,1H,AST1,2496,7.822845290279774,1.496277e+06,14.218492,99787.0,11.510803,6.669019,64696.0,11.07747,4.323798,6483.0,8.777093,0.43327537,False,False,2,3.1007625092574163,-0.09441507881011196,-0.1613132995788497,-0.8869543612003327,-0.3315880811214447,-0.2503021919366085,0.37684365133544306,-0.10966818809509277,Astrocyte,Astrocyte,-0.7256284379625758
78A8_S57,Hippocampus,78,1H,AST1,2234,7.711996507047669,1.355415e+06,14.119619,75479.0,11.231623,5.5687003,61031.0,11.019154,4.5027537,5602.0,8.631058,0.41330516,False,False,2,3.3221949996844025,-0.051193929796841876,-0.26449672080049613,-1.1386156117916106,-0.14067578673362732,-0.23069846870923283,-0.8456879914106437,-0.01509275197982788,Astrocyte,Astrocyte,-0.10937777412853178
78B10_S74,Hippocampus,78,1H,AST1,2091,7.645875825184813,1.441543e+06,14.181226,60998.0,11.018613,4.231438,82994.0,11.326535,5.757303,7139.0,8.873468,0.49523324,False,False,3,3.0062736500807796,-0.04571614912406883,-0.15686287663199686,2.2208445584774017,-0.19267930388450621,-0.14573482431546605,-0.8052547463220567,-0.1304569149017334,Astrocyte,Astrocyte,-0.5623910220119114
78B11_S82,Hippocampus,78,1H,AST4,2393,7.780720886117918,1.624227e+06,14.300543,68093.0,11.128644,4.1923327,76313.0,11.242612,4.6984196,8030.0,8.991064,0.494389,False,False,6,1.4273143700563198,-0.11126333714729578,-0.21926159298781192,-1.2808123987913131,-0.12838676393032075,-0.354845267955703,-0.7527549269061592,-0.09864964485168456,Astrocyte,Astrocyte,0.18433710499876532
78B1_S2,Hippocampus,78,1H,AST1,1973,7.587817219993427,1.56607e+06,14.264081,75315.0,11.229448,4.809172,113988.0,11.643857,7.2786016,5216.0,8.559678,0.33306304,False,False,2,3.8088385954580675,-0.06096901755836142,-0.19303384453359276,2.060416387319565,-0.0069532662630081175,-0.20896918725485752,-0.7838807624189099,0.0,Astrocyte,Astrocyte,-0.4299914382136923
78B2_S10,Hippocampus,78,1H,Oligodendrocytic,2845,7.953669778649798,1.703196e+06,14.348018,56650.0,10.944665,3.3260996,44216.0,10.696865,2.5960605,10582.0,9.267004,0.62130255,False,False,8,-1.5706967020946774,-0.2967303431213801,9.290252374880241,2.558559007048607,-0.28591652810573576,-0.18917107642298997,-1.0990167592638103,-0.19862549781799316,Oligodendrocyte,Oligodendrocytic,-1.0263400532566447
78B3_S18,Hippocampus,78,1H,AST1,2968,7.99598047476376,1.589781e+06,14.279107,72608.0,11.192844,4.5671697,47536.0,10.769263,2.9900973,9310.0,9.138952,0.5856153,False,False,2,2.291299737867762,-0.037376226791784393,-0.3214036461078759,-1.6137464159727097,-0.12767445921897888,-0.16471438516270032,-1.011315840273047,0.0,Astrocyte,Astrocyte,-0.2872466212869288
78B4_S26,Hippocampus,78,1H,AST1,2111,7.655390644826152,1.215094e+06,14.010333,29961.0,10.307685,2.4657352,63334.0,11.056193,5.2122717,5556.0,8.622814,0.45724857,False,False,2,3.6319154761528054,-0.0872710014707479,-0.302665812800629,-1.1769036984443664,-0.22832701206207276,-0.19317148189352015,-0.8482850544416725,0.0,Astrocyte,Astrocyte,-0.330411824091448
78B5_S34,Hippocampus,78,1H,AST1,1823,7.508787170634276,892556.0,13.701846,60310.0,11.00727,6.7569995,82216.0,11.317118,9.211299,4810.0,8.478661,0.53890175,False,False,2,3.719315686512515,-0.07219215853130398,-0.12923935085836083,2.4975357162952423,-0.06508637189865113,-0.09292748720958979,-0.5476108262287313,0.0,Astrocyte,Astrocyte,-0.12418877128169614
78B6_S42,Hippocampus,78,1H,AST1,2227,7.708859601047175,1.501472e+06,14.221957,82135.0,11.316132,5.470299,74742.0,11.221811,4.9779153,6680.0,8.807023,0.44489676,False,False,2,2.371889424128611,-0.1880087505033867,-0.19362264088910036,-1.2176655328273773,-0.1618148511648178,-0.07023284832636516,-0.5408518461126778,-0.014086512327194213,Astrocyte,Astrocyte,-0.6119649090706207
78B7_S50,Hippocampus,78,1H,AST3,1710,7.444833273892193,1.072333e+06,13.885348,40373.0,10.605942,3.7649684,83273.0,11.329891,7.765591,4110.0,8.321422,0.38327646,False,False,1,2.051866538863365,-0.14044360898846958,-0.1351299791625052,2.762467235326767,-0.13246478080749513,0.08023290802734068,-0.711306941569151,0.0,Astrocyte,Astrocyte,-0.5720397946432556
78C10_S75,Hippocampus,78,1H,AST4,2086,7.643482907077201,1.489719e+06,14.214099,57408.0,10.957956,3.8536127,84029.0,11.338929,5.640594,13932.0,9.542015,0.93520993,False,False,6,1.2413230114947256,-0.053464806259576995,-0.20440682136651242,-1.3225580567121507,-0.17722881972789764,-0.3125479407984801,-0.5480750754999755,0.0,Astrocyte,Astrocyte,-0.7717807218867769
78C12_S91,Hippocampus,78,1H,AST1,2814,7.942717540573791,1.70044e+06,14.346398,60836.0,11.015953,3.5776622,53595.0,10.88923,3.1518314,9265.0,9.134107,0.54485893,False,False,2,3.4147726733827843,-0.07702587597334205,-0.2654182489472206,-1.564492746591568,-0.06324542999267578,-0.08136404403532395,-0.8893641131607133,-0.11814882278442383,Astrocyte,Astrocyte,-0.8812836701165455
78C1_S3,Hippocampus,78,1H,Mural,2056,7.6290038896529575,1.321049e+06,14.093938,34136.0,10.438137,2.5840073,73548.0,11.205708,5.567394,11019.0,9.307467,0.83410984,False,False,0,-3.179642852049708,-0.3042280015034891,-0.2580604011362249,2.412368040680885,-0.1821587312221527,5.660546312428484,5.605532891187236,0.7745746970176697,Mural,Mural,5.8110549688239725
78C2_S11,Hippocampus,78,1H,AST4,2360,7.766840537085513,1.220982e+06,14.015167,56381.0,10.939905,4.6176767,51096.0,10.841481,4.1848283,23243.0,10.0538025,1.9036317,False,False,6,0.9524400537131266,-0.059224714286363306,-0.2559246336570894,-1.1142749905586242,-0.235014888048172,-0.4845530432884139,-0.7454638996315961,-0.016210185289382936,Astrocyte,Astrocyte,-0.030345783508281654
78C4_S27,Hippocampus,78,1H,AST3,1958,7.580189417944541,1.11424e+06,13.923684,52409.0,10.866853,4.703565,48495.0,10.789237,4.352294,4144.0,8.3296585,0.37191272,False,False,3,3.123075614210035,-0.09286455533013271,-0.2407129268453579,2.6672271180152896,-0.14946839809417725,-0.2081988797043309,-1.0589976622231643,-0.09058690071105957,Astrocyte,Astrocyte,-0.3670412093550216
78C5_S35,Hippocampus,78,1H,AST1,1999,7.600902459542082,1.378978e+06,14.136854,54559.0,10.907056,3.9564807,164811.0,12.012561,11.951677,5649.0,8.639411,0.40965122,False,False,3,3.375396431469526,-0.11081669378520256,-0.1398090696094012,0.6224188101291657,-0.22265297293663025,-0.23052342010266852,-0.673904012196028,0.0,Astrocyte,Astrocyte,0.09876856595924577
78C6_S43,Hippocampus,78,1H,AST1,2075,7.638198244285779,1.226586e+06,14.019746,66857.0,11.110326,5.4506574,85200.0,11.352769,6.9461093,3486.0,8.156797,0.28420347,False,False,2,2.601760023278617,-0.088898042937619,1.2149282353694992,-0.9630004000663758,-0.07315177023410797,-0.08718746418904777,-0.8826413244458299,0.0,Astrocyte,Astrocyte,-0.6256465021278305
78C7_S51,Hippocampus,78,1H,AST1,1997,7.599901959208498,1.577993e+06,14.271665,99319.0,11.506103,6.294008,84187.0,11.340808,5.3350677,4678.0,8.45084,0.29645252,False,False,3,3.402330178380663,-0.05248312944143861,-0.1104254030218028,0.38905602812767026,-0.013625234365463257,-0.09481258705408886,0.7401433916547191,0.0,Astrocyte,Astrocyte,-0.12821967454505878
78C8_S59,Hippocampus,78,1H,AST5,1263,7.142036574706803,1.14775e+06,13.953315,43443.0,10.679228,3.7850578,114505.0,11.648382,9.976476,9281.0,9.135833,0.8086256,False,False,1,4.964945292863689,-0.06644765575926508,-0.14994522718468098,2.7848172569274903,-0.0993399715423584,0.0,-0.5629275941369521,0.0,Astrocyte,Astrocyte,-0.30643214800321994
78C9_S67,Hippocampus,78,1H,AST4,2745,7.917900586327916,1.46003e+06,14.193968,99936.0,11.512296,6.844791,58600.0,10.978507,4.013616,17644.0,9.778208,1.2084683,False,False,6,1.9608708786182714,-0.18530618904823035,-0.33516088278606687,2.8108189767599105,-0.05802935123443603,-0.4970322269381899,-0.8382685053438397,0.0,Astrocyte,Astrocyte,-0.6272102364017091
78D10_S76,Hippocampus,78,1H,AST3,2332,7.75491027202143,1.875423e+06,14.444345,48149.0,10.782077,2.5673676,137618.0,11.832244,7.337971,6158.0,8.72567,0.32835257,False,False,3,3.1439905896212883,-0.0736635291396673,-0.2712737207460885,-0.1430053526163102,-0.08865580856800079,-0.061497490213374896,-0.800147460333666,0.0,Astrocyte,Astrocyte,1.068727023961747
78D1_S4,Hippocampus,78,1H,AST3,1832,7.513709247839705,1.191279e+06,13.990539,44643.0,10.706475,3.747485,71109.0,11.171984,5.9691305,4013.0,8.297544,0.33686483,False,False,3,2.0280154428846844,-0.04021237723192378,-0.11754899313955595,-1.006638834476471,-0.10645677089691162,-0.35719787592839713,1.0493558956750073,0.0,Astrocyte,Astrocyte,-0.7341055734726741
78D2_S12,Hippocampus,78,1H,AST4,2736,7.914617709040679,1.42385e+06,14.168876,44870.0,10.711547,3.151315,50313.0,10.826038,3.5335884,8045.0,8.99293,0.5650174,False,False,6,1.7767152825339894,-0.15434202566817778,-0.3549363303064096,-1.6870806312561035,-0.41689537405967714,-0.17283790581154101,-0.5846441424072688,-0.014474953413009644,Astrocyte,Astrocyte,-0.7392992338971025
78D3_S20,Hippocampus,78,1H,Mural,1339,7.200424892944957,799452.0,13.591683,15317.0,9.636784,1.9159374,77703.0,11.260662,9.719533,6310.0,8.75005,0.78929067,False,False,0,-2.5120575929600033,-0.10332195243643756,-0.21701708225288777,3.169829444885254,-0.1698944091796875,-0.1398387701824458,6.235353587859839,0.0,Mural,Mural,0.8874512878503147
78D4_S28,Hippocampus,78,1H,AST2,2366,7.769378609513984,1.209644e+06,14.005837,61568.0,11.027914,5.089762,68666.0,11.137024,5.676546,7766.0,8.95764,0.64200705,False,False,3,1.3553040411954367,-0.03904793460165436,-0.12669243746333653,2.1376869934797287,-0.1704258269071579,-0.20712411764896277,-0.8278398202292284,0.0,Astrocyte,Astrocyte,-0.6510371526016019
78D5_S36,Hippocampus,78,1H,AST5,1925,7.563200592358071,1.321102e+06,14.093978,58840.0,10.9825945,4.4538574,68583.0,11.135815,5.1913476,11491.0,9.349406,0.86980414,False,False,1,1.242212384776339,-0.10118128306901635,-0.2157433189526953,-1.0803145241737366,-0.08561360239982604,-0.10403545938356958,-0.6683760587893539,-0.1344167709350586,Astrocyte,Astrocyte,-0.6407910688890639
78D7_S52,Hippocampus,78,1H,AST1,1445,7.27655640271871,1.188968e+06,13.988597,54063.0,10.897923,4.5470524,122886.0,11.719021,10.335518,4164.0,8.334472,0.3502197,False,False,3,3.775333799951064,-0.0239431941928576,-0.19203785513386581,-0.997672152519226,-0.11549766540527344,-0.02614937647424563,-0.587614799863729,-0.03735194206237793,Astrocyte,Astrocyte,0.07335025589533761
78D8_S60,Hippocampus,78,1H,(none),1110,7.01301578963963,1.046268e+06,13.860741,59957.0,11.0014,5.7305584,126348.0,11.746803,12.076065,6071.0,8.711443,0.5802528,False,False,2,0.7789718648775024,-0.021508843755003195,-0.004797174774035059,-0.7283938884735107,-0.07710559964179993,-0.04495241244633993,-0.46613030367760205,0.0,Astrocyte,(none),-0.34925540142345907
78D9_S68,Hippocampus,78,1H,AST1,1703,7.440733707389261,1.249431e+06,14.038199,75511.0,11.232047,6.043631,86981.0,11.373457,6.961649,4093.0,8.317278,0.32758912,False,False,1,2.5079768749534104,-0.05958811811466313,1.681480492305274,-1.2037138491868973,-0.07887888073921204,-0.040037162376172615,-0.6797037178547538,0.0,Astrocyte,Astrocyte,-0.5858485642976077
78E10_S77,Hippocampus,78,1H,AST1,1821,7.507690077819904,1.549242e+06,14.253277,35815.0,10.48615,2.3117757,110062.0,11.6088085,7.1042485,4393.0,8.387996,0.283558,False,False,3,4.059681498939223,-0.13005767994789622,-0.1315634696170537,2.749847379922867,-0.11990318894386291,-0.05581020225178112,-0.5192702798987153,-0.036057257652282716,Astrocyte,Astrocyte,-0.025783382592495796
78E11_S85,Hippocampus,78,1H,Neuronal,2729,7.912056888179006,1.530279e+06,14.240961,24183.0,10.093447,1.5803,92751.0,11.437685,6.061052,28723.0,10.265489,1.876978,False,False,7,-2.7363946778201016,4.4811879300591935,-0.4575569960806105,-1.769490973353386,-0.33464587152004244,-0.49743305432676066,0.4283193418728046,0.0,Neuron,Neuronal,2.1405204690258968
78E3_S21,Hippocampus,78,1H,AST1,2786,7.932721027481948,1.626074e+06,14.30168,54445.0,10.904964,3.3482485,43181.0,10.673179,2.6555371,6059.0,8.709465,0.37261528,False,False,3,2.1318569476487204,-0.18076393652201897,-0.281784500738587,1.552287484407425,-0.05400541663169861,-0.0065976670294096975,-1.0479966186398837,-0.06281301021575927,Astrocyte,Astrocyte,-0.5786376339266813
78E5_S37,Hippocampus,78,1H,AST1,1661,7.415776975415394,990029.0,13.8054905,61573.0,11.027995,6.219313,92501.0,11.434985,9.343262,5685.0,8.645762,0.5742256,False,False,3,3.399926895652312,0.09701893572232231,-0.11055332723290029,-1.2186472260951995,-0.17092286348342894,-0.07649968489251956,0.995741264304923,0.0,Astrocyte,Astrocyte,-0.43958933385266286
78E6_S45,Hippocampus,78,1H,AST1,1482,7.301822342137932,944632.0,13.758552,35355.0,10.473224,3.7427273,112711.0,11.632591,11.931736,4694.0,8.454253,0.49691308,False,False,2,4.55292997073606,1.3761168352922604,-0.07352254426840579,-0.6980649518966675,-0.13735611200332642,-0.09079775184091896,-0.6296859464453692,0.0,Astrocyte,Astrocyte,-0.4880069231549169
78E7_S53,Hippocampus,78,1H,Mural,2848,7.954723334497908,1.558959e+06,14.259529,27009.0,10.203962,1.7325023,69511.0,11.149255,4.458809,21345.0,9.968619,1.3691828,False,False,5,-3.3706200225431413,-0.3247640126913636,-0.4353504858233712,1.585296819806099,-0.46474218428134917,8.021544661786821,5.30153909430432,-0.12639788627624512,Endothelial,Mural,6.449792967415811
78E8_S61,Hippocampus,78,1H,AST3,2267,7.7266536648476425,1.454039e+06,14.189857,48061.0,10.780247,3.3053446,65236.0,11.085782,4.486537,9239.0,9.131297,0.6354025,False,False,2,3.959786585119904,-0.020706660783470575,-0.15961541551532168,2.6503641498088837,-0.19979288816452026,-0.18995989332295427,0.1810421533321016,0.0,Astrocyte,Astrocyte,-0.23047026790342662
78E9_S69,Hippocampus,78,1H,AST3,2070,7.635786861395585,1.381062e+06,14.138364,41952.0,10.644305,3.0376623,94431.0,11.455635,6.837564,5875.0,8.678632,0.42539728,False,False,3,2.731977441923215,-0.06759349005905228,-0.22240952470085837,0.3964888966083526,-0.11263863265514373,-0.09425815367939497,0.06335188905198375,-0.11555190086364746,Astrocyte,Astrocyte,-0.5594521603719619
78F10_S78,Hippocampus,78,1H,AST1,1422,7.260522598089852,1.491407e+06,14.215231,39008.0,10.5715475,2.615517,111423.0,11.6210985,7.470999,5824.0,8.669914,0.39050373,False,False,1,3.140452600567719,-0.036897033902268915,0.32822793752256063,-0.861749894618988,-0.1214513862133026,-0.128485538742759,-0.3271921016463083,0.0,Astrocyte,Astrocyte,-0.4783631115405508
78F11_S86,Hippocampus,78,1H,AST1,1657,7.4133673356952405,1.456742e+06,14.191713,47795.0,10.774697,3.2809515,121934.0,11.711244,8.370322,5959.0,8.692825,0.40906352,False,False,3,2.102161808092086,-0.08223474205438815,-0.1262440536961411,-0.6072217190265655,-0.17018154859542847,-0.07898358142737186,-0.7364431272200005,-0.10595491409301758,Astrocyte,Astrocyte,0.1197188065475932
78F1_S6,Hippocampus,78,1H,Endothelial,2531,7.836764783264067,1.354889e+06,14.119231,43774.0,10.686818,3.230818,81843.0,11.312571,6.040569,15016.0,9.616939,1.1082827,False,False,5,0.017222011838454065,-0.31606174683451055,-0.3701151826164939,-1.4827949410676957,-0.31189815044403074,8.392987393971644,1.376229609376821,-0.2638907051086426,Endothelial,Endothelial,4.3783230114112515
78F2_S14,Hippocampus,78,1H,Mural,1366,7.220373836723949,910929.0,13.722221,13823.0,9.534162,1.5174618,89703.0,11.40427,9.84742,4028.0,8.301273,0.44218594,False,False,0,-2.7668387870319555,-0.0647892257077011,-0.43638373926432444,-0.4024283528327942,-0.30254262924194336,-0.25360766324129974,6.127928498402313,0.0,Mural,Mural,2.431806636224804
78F3_S22,Hippocampus,78,1H,AST1,2870,7.962415680121064,1.765682e+06,14.384048,66523.0,11.105318,3.7675526,57603.0,10.961348,3.2623656,8653.0,9.065777,0.4900656,False,False,2,2.974618289314333,-0.12374952150948683,-0.2838049515931293,-1.3691428744792937,-0.2490083521604538,-0.11739460928271515,-1.113147765622666,0.0,Astrocyte,Astrocyte,-0.9867334182751994
78F4_S30,Hippocampus,78,1H,Mural,1463,7.288927694521257,806941.0,13.601007,8703.0,9.071538,1.0785176,75881.0,11.236935,9.403537,4649.0,8.444622,0.5761264,False,False,0,-1.8779960141155891,-0.15838566137917676,0.35613713300589356,-0.31465395212173464,-0.17237623929977416,-0.25760160552130806,6.094847373626939,0.0,Mural,Mural,5.025551070081372
78F5_S38,Hippocampus,78,1H,AST1,2134,7.666221925662725,1.495388e+06,14.217897,40503.0,10.609156,2.7085278,79693.0,11.28595,5.3292522,4657.0,8.4463415,0.3114242,False,False,3,1.9244539216567915,-0.08294887428906694,-0.2038652210524588,2.1865300512313843,-0.007082479596138,-0.046762914970667674,-0.7397601775188541,0.0,Astrocyte,Astrocyte,-0.6803149174718507
78F7_S54,Hippocampus,78,1H,AST3,2419,7.791522819150732,1.673159e+06,14.330225,80695.0,11.298445,4.8229127,86024.0,11.362393,5.1414123,6634.0,8.800114,0.3964955,False,False,3,2.6247044850568306,-0.047306451665696185,-0.3143317732546065,-1.5639167922735213,-0.08948185086250306,-0.1565329727500376,0.0800140341322626,0.0,Astrocyte,Astrocyte,-0.6303060300374569
78F8_S62,Hippocampus,78,1H,AST1,1710,7.444833273892193,1.519277e+06,14.233746,73440.0,11.204238,4.833878,130929.0,11.782418,8.617849,6755.0,8.818187,0.44461942,False,False,3,2.838251314202293,-0.02647600341681859,-0.23223455987795436,-1.1130544674396514,-0.007181334495544434,-0.1427155082876032,-0.5942297838441092,0.0,Astrocyte,Astrocyte,-0.22239232769792583
78F9_S70,Hippocampus,78,1H,Mural,1424,7.261927092702751,1.231136e+06,14.023449,18372.0,9.818638,1.4922804,154584.0,11.9485,12.556209,9829.0,9.193194,0.79836833,False,False,0,-2.4316199516338077,-0.17358468405565425,-0.24150801969297003,-1.1733119773864746,-0.29023786664009094,-0.18625039524502224,5.776467893590879,0.0,Mural,Mural,4.680067278556712
78G1_S7,Hippocampus,78,1H,AST1,2005,7.603897968521881,1.233643e+06,14.025483,25075.0,10.129666,2.0325978,88067.0,11.385864,7.1387753,6580.0,8.791942,0.5333796,False,False,2,4.381303728603926,-0.0884632009956705,1.5275829362146782,1.2982514417171478,-0.08386969923973084,-0.20059881547484734,0.6548132027812938,0.0,Astrocyte,Astrocyte,-0.7226308522518967
78G2_S15,Hippocampus,78,1H,Mural,1701,7.43955930913332,1.109923e+06,13.919802,29594.0,10.295361,2.6663113,94727.0,11.458765,8.534555,9744.0,9.184509,0.87789875,False,False,0,-2.080566079238725,-0.13242980822845918,-0.42273695962597624,2.9271290880441665,-0.3980290031433105,-0.4908107001372058,6.116958079625614,0.0,Mural,Mural,0.9670322415028669
78G4_S31,Hippocampus,78,1H,AST1,1725,7.453561871643373,865714.0,13.671311,48699.0,10.793434,5.625299,73758.0,11.208558,8.519903,3881.0,8.264106,0.44830045,False,False,1,4.130484045528974,-0.07916993831270304,1.670346727274885,1.4127720808982849,0.11322713375091553,-0.08827906907206834,-0.5714739638956348,-0.1101004981994629,Astrocyte,Astrocyte,0.020863310423040626
78G7_S55,Hippocampus,78,1H,AST1,2757,7.922261058353247,1.578226e+06,14.271812,33693.0,10.425076,2.1348653,63861.0,11.06448,4.0463786,8091.0,8.9986315,0.5126642,False,False,3,3.2651542314414765,-0.11524750599310027,-0.2805051671134101,-1.5274832582473754,-0.08229967713356018,-0.12214083864231302,-0.9094280082376758,-0.013491499423980712,Astrocyte,Astrocyte,-0.3447823677342603
78H11_S88,Hippocampus,78,1H,AST1,1523,7.329093736246592,1.417859e+06,14.1646595,66542.0,11.105603,4.6931324,102658.0,11.539168,7.2403536,3658.0,8.204946,0.25799462,False,False,2,4.204272335995741,-0.10126665549062604,-0.08625516807190095,2.818945984840393,-0.07243009686470031,-0.07652090896259654,1.4066908551220918,0.0,Astrocyte,Astrocyte,0.018790085148532698
78H1_S8,Hippocampus,78,1H,Mural,1647,7.4073177104694174,697691.0,13.455533,10521.0,9.261224,1.5079741,65106.0,11.083787,9.331638,4922.0,8.501674,0.7054699,False,False,0,-2.8083190611802813,-0.2541490128291911,-0.3507712260641233,3.126385507583618,-0.34768170833587647,-0.4894207439037285,6.108522926742707,0.0,Mural,Mural,4.762798013840374
78H3_S24,Hippocampus,78,1H,AST1,1779,7.484368643286131,1.185725e+06,13.985866,30834.0,10.336406,2.6004343,84935.0,11.349653,7.1631284,3796.0,8.241966,0.3201417,False,False,2,1.3042445860273846,-0.0436564582077103,-0.11901136721023406,0.9809262919425965,1.6128962302207948,-0.1751788601730809,-0.4919919967651367,-0.01687319278717041,Astrocyte,Astrocyte,-0.13083588820765535
78H4_S32,Hippocampus,78,1H,AST1,2077,7.639161171659173,953662.0,13.768065,50951.0,10.838639,5.3426685,78482.0,11.2706375,8.22954,6372.0,8.759826,0.6681613,False,False,3,2.1994352601265,-0.16249124488638872,-0.3309909526747887,-0.8665020751953125,-0.2191607141494751,-0.1858438385857476,-0.6907356612047358,0.0,Astrocyte,Astrocyte,-0.7067783627167767
78H5_S40,Hippocampus,78,1H,AST1,1995,7.59890045687141,1.281558e+06,14.063588,82194.0,11.31685,6.4136,55334.0,10.921161,4.3177133,4078.0,8.313607,0.31820643,False,False,2,2.649272024305792,0.8495787777493348,-0.25181178673349247,1.9715100288391114,-0.17493283987045288,-0.047155784838127365,-0.6802111923994132,0.0,Astrocyte,Astrocyte,-0.42662124064609486
78H6_S48,Hippocampus,78,1H,AST1,3182,8.065579427282092,1.668505e+06,14.327439,61824.0,11.0320635,3.705353,50597.0,10.831667,3.0324752,8920.0,9.096164,0.53461033,False,False,2,2.6179909497662317,-0.12720319973164468,-0.4614914357662201,-1.5012763154506683,-0.21574687361717224,-0.284957240326236,-0.4620369043781529,-0.034125277996063234,Astrocyte,Astrocyte,-0.679398810923199
78H8_S64,Hippocampus,78,1H,AST2,1763,7.475339236566737,1.17536e+06,13.977086,21670.0,9.98373,1.8436905,98736.0,11.500216,8.40049,5408.0,8.595819,0.46011433,False,False,1,4.179487436846958,-0.03009695683292408,-0.09532639896026765,-0.6738552367687225,-0.06345778346061706,-0.061114683295741226,-0.26201585489301826,0.0,Astrocyte,Astrocyte,0.3182578589362971
78H9_S72,Hippocampus,78,1H,Mural,1426,7.2633296174768365,1.154992e+06,13.959605,19990.0,9.903037,1.7307479,120718.0,11.7012205,10.451847,9443.0,9.153135,0.8175815,False,False,0,-3.4835316460640704,1.4380876490818197,-0.21204433537492848,2.7363039219379424,-0.2393629264831543,-0.1378129112600076,6.5123627784863185,-0.08291197776794433,Mural,Mural,-0.1773273077651933
85A10_S169,Cortex,85,1C,AST3,3046,8.021912778985708,3.130323e+06,14.956647,88071.0,11.38591,2.8134797,74284.0,11.215664,2.373046,14028.0,9.548882,0.4481327,False,False,4,3.491837902147262,1.1431600780942333,-0.2128675611633243,-1.5285062018036841,1.41426975607872,-0.16020383347164502,-1.0517539370000062,0.0,Astrocyte,Astrocyte,1.7892380163745212
85A11_S177,Cortex,85,1C,AST3,2955,7.991592282068092,3.036662e+06,14.92627,57840.0,10.965453,1.904723,98031.0,11.49305,3.2282486,16938.0,9.737374,0.55778354,False,False,2,3.110446354079116,-0.10915223677553723,-0.3344811357633032,-1.468123687505722,-0.11207886457443238,-0.2947471491014115,-1.2222909537991087,0.0,Astrocyte,Astrocyte,-0.5828722970115522
85A2_S105,Cortex,85,1C,AST2,1804,7.498315870766981,1.178572e+06,13.979815,38427.0,10.556541,3.2604713,69796.0,11.153346,5.922082,1370.0,7.2232957,0.116242364,False,False,3,2.629168678502568,-0.12037815999745125,-0.11491037799854471,-0.8445053744316101,-0.024382991790771483,-0.16976889817401616,-0.5751969580674291,-0.08091141939163209,Astrocyte,Astrocyte,-0.5727655513457742
85A3_S113,Cortex,85,1C,AST2,1850,7.523481312573497,1.547717e+06,14.252293,66854.0,11.110281,4.319524,101700.0,11.529793,6.5709686,3533.0,8.170186,0.22827171,False,False,3,2.392141614455343,-0.053204795223983685,1.0916648693759032,-0.7874563360214233,-0.06443038940429688,-0.08706320415843617,-0.8444845340958792,0.0,Astrocyte,Astrocyte,-0.5696922140646856
85A4_S121,Cortex,85,1C,AST2,2035,7.618742377670413,1.389965e+06,14.14479,64081.0,11.067919,4.61026,110243.0,11.610452,7.9313507,8375.0,9.033126,0.60253316,False,False,1,2.0410373666898805,-0.10812881603911893,-0.12496679961079299,-1.2221342206001282,-0.08388664484024048,-0.025010376265554718,-0.7870101796921773,-0.11678595066070557,Astrocyte,Astrocyte,-0.7673467339975806
85A5_S129,Cortex,85,1C,AST2,2296,7.739359202689098,1.646461e+06,14.314139,37332.0,10.527633,2.2674088,94137.0,11.4525175,5.717536,4318.0,8.370779,0.26225948,False,False,2,2.9199935432340274,-0.10071592115277621,-0.05464632523180259,1.992258927822113,-0.09454672932624816,-0.1061853953082152,-0.9421640940047987,0.0,Astrocyte,Astrocyte,-0.06448101706317744
85A7_S145,Cortex,85,1C,AST2,2227,7.708859601047175,1.93811e+06,14.477224,119026.0,11.687106,6.1413436,111238.0,11.619436,5.739509,11720.0,9.369138,0.60471284,False,False,1,3.172104573314959,-0.15999517848144224,0.9216527327744648,2.083969576358795,0.22131054043769838,-0.057657582591278386,-0.8267560035140071,0.0,Astrocyte,Astrocyte,-0.22070468278082467
85A8_S153,Cortex,85,1C,AST2,1352,7.210079628170788,1.604669e+06,14.288428,106797.0,11.578694,6.655391,155326.0,11.953288,9.679629,7801.0,8.962135,0.48614386,False,False,1,2.6331250042211813,0.0,-0.08599879344304402,-0.7898141992092133,-0.006965702772140503,-0.08080967989834872,-0.6026085237761838,0.0,Astrocyte,Astrocyte,0.047428590128935244
85B10_S170,Cortex,85,1C,AST2,2784,7.932003152361385,2.706394e+06,14.811128,95283.0,11.464617,3.5206628,126251.0,11.746036,4.664916,13802.0,9.532641,0.50997746,False,False,1,1.6419749383717939,-0.1709680401500146,-0.2562088424509222,1.9364544034004212,-0.35790093898773195,-0.13493950920875628,-0.9723476746573521,0.0,Astrocyte,Astrocyte,-0.8329183217480107
85B11_S178,Cortex,85,1C,Mural,1665,7.418180822726788,2.356351e+06,14.672626,31603.0,10.361039,1.3411839,221447.0,12.307943,9.397879,8543.0,9.052984,0.3625521,False,False,0,-3.0535090166688614,-0.18908615657432595,-0.20787469877137077,2.838424377441406,-0.4351683288812637,2.2004978927699,4.94338460244126,0.0,Mural,Mural,4.501790331580205
85B12_S186,Cortex,85,1C,AST2,2246,7.717351272185329,3.10872e+06,14.949722,110967.0,11.616997,3.56954,145173.0,11.885689,4.669864,12360.0,9.422301,0.3975913,False,False,1,2.7495847557737525,-0.09183336667080022,-0.22341712541652448,2.686546355485916,-0.12442375898361206,-0.18018525357198234,-0.8747133194801197,0.0,Astrocyte,Astrocyte,0.07802268962231229
85B1_S98,Cortex,85,1C,AST2,2013,7.607878073278507,1.447547e+06,14.185382,49152.0,10.802693,3.3955374,81200.0,11.304683,5.6094894,5703.0,8.648923,0.39397684,False,False,3,2.7112387763997896,-0.007303047419792444,-0.26745894280346955,-0.8960773646831512,-0.186939297914505,-0.21050199474951234,-0.4626764641634783,-0.014533064365386962,Astrocyte,Astrocyte,-0.5894048582134342
85B3_S114,Cortex,85,1C,AST3,3050,8.02322468471667,2.75655e+06,14.829491,99901.0,11.511945,3.6241314,91449.0,11.423548,3.3175163,14274.0,9.566265,0.5178212,False,False,1,3.3753397725318948,-0.09725859207124567,-0.36223553121089935,2.2006470397114755,-0.27395657598972323,-0.1760894824760129,-0.2595340470273291,-0.1362884521484375,Astrocyte,Astrocyte,-0.5244355452478628
85B5_S130,Cortex,85,1C,AST2,2374,7.772752716468742,1.390019e+06,14.144829,57658.0,10.962301,4.1480007,75203.0,11.22796,5.410214,7227.0,8.885717,0.51992095,False,False,1,3.204474622760314,-0.10248688058038453,-0.24039754422024043,2.298419155478477,-0.2532260262966156,-0.1716265786777843,0.5345854932938389,0.0,Astrocyte,Astrocyte,-0.7075341675237742
85B6_S138,Cortex,85,1C,AST3,3184,8.066207568006265,2.412275e+06,14.696081,136636.0,11.825083,5.6641965,112940.0,11.634621,4.6818876,8868.0,9.090318,0.36761978,False,False,1,2.9804527277503503,-0.15830734012713985,-0.2686327390297495,1.089026993215084,-0.11688314259052277,-0.20859997260450114,-1.0184752114454108,0.0,Astrocyte,Astrocyte,-0.8573804671109617
85B7_S146,Cortex,85,1C,AST2,2864,7.9603236291488395,2.261624e+06,14.631594,122939.0,11.719452,5.4358726,113411.0,11.6387825,5.014582,10840.0,9.291091,0.47930157,False,False,1,2.840985672070029,0.3865063746071341,-0.30206881719406203,-1.9371412080526351,-0.12117666721343995,-0.2972119691396,-0.928781939511323,0.0,Astrocyte,Astrocyte,-0.7391342859783634
85B8_S154,Cortex,85,1C,AST2,2766,7.925518979786926,2.612569e+06,14.775845,112069.0,11.626879,4.289609,101769.0,11.530471,3.8953614,11204.0,9.324116,0.42884994,False,False,2,3.2291656745587547,0.5154843809616625,1.274467778928352,1.696857612133026,-0.15726388096809388,-0.22863763630992234,-1.2069173212626472,0.0,Astrocyte,Astrocyte,-0.11122679128272706
85B9_S162,Cortex,85,1C,AST2,2419,7.791522819150732,2.807397e+06,14.847769,99078.0,11.503673,3.5291765,108450.0,11.594054,3.863009,7482.0,8.920389,0.26651022,False,False,1,3.3293360224187047,-0.13717775848043623,-0.19047337409221765,-1.433539872765541,-0.1446121835708618,-0.22763761125429713,-0.7760976672771588,-0.08186698913574218,Astrocyte,Astrocyte,-0.07286953368847682
85C10_S171,Cortex,85,1C,AST3,3091,8.036573409707312,3.051376e+06,14.931104,85721.0,11.358865,2.8092573,64759.0,11.078444,2.1222885,17598.0,9.775598,0.5767234,False,False,2,2.522718316218892,-0.25313614301346055,1.3156542699746412,-1.783876645565033,-0.08127488851547242,-0.05444761839779941,-1.257836283151828,-0.007954800128936767,Astrocyte,Astrocyte,-0.6024155989413668
85C11_S179,Cortex,85,1C,AST2,2992,8.0040315078527,3.023843e+06,14.922039,92633.0,11.436412,3.0634196,96010.0,11.4722185,3.175099,13081.0,9.478992,0.4325952,False,False,1,2.8127967646864596,1.2836708010141573,-0.32919709489803123,1.5474520444869995,-0.11418254017829894,-0.1645180324111322,-0.7778963659276914,-0.02190892219543457,Astrocyte,Astrocyte,-0.9405045851642182
85C12_S187,Cortex,85,1C,AST2,1838,7.516977224604321,2.079442e+06,14.54761,79782.0,11.2870655,3.836702,154090.0,11.945298,7.410161,5119.0,8.54091,0.24617182,False,False,1,2.3165835936864214,-0.10091977263215798,-0.24983822275893858,-0.9065264785289764,-0.19548689365386962,-0.22978240432161273,-0.6992452336316133,0.0,Astrocyte,Astrocyte,-0.6114128159362207
85C2_S107,Cortex,85,1C,AST3,1798,7.4949862339505335,1.377218e+06,14.135577,62321.0,11.04007,4.525137,70175.0,11.158762,5.095417,4874.0,8.491876,0.35390186,False,False,3,3.2843999615132473,-0.07001791467618702,1.546408105378199,-0.8077995491027832,-0.06242139458656311,-0.05571171129592741,-0.627080898039305,-0.0952545166015625,Astrocyte,Astrocyte,-0.4909273133627162
85C3_S115,Cortex,85,1C,AST2,2210,7.701200180857446,1.797609e+06,14.401969,73085.0,11.199392,4.065678,69943.0,11.15545,3.8908906,6747.0,8.817001,0.37533188,False,False,3,3.0565094074916317,-0.06329418846111201,-0.20803487300872803,1.7695801532268525,-0.07092714905738831,-0.050559053517351245,-0.6821826906060454,0.0,Astrocyte,Astrocyte,-0.6958302916190859
85C4_S123,Cortex,85,1C,AST2,1800,7.496097345175956,1.49264e+06,14.216058,79352.0,11.281662,5.3162184,70475.0,11.163028,4.7215,6931.0,8.843904,0.46434504,False,False,1,3.666851288633919,-0.05676068163397324,-0.1329759591155582,1.0394486969709396,-0.11598726749420166,-0.22649166800759055,-0.7189231922279051,0.0,Astrocyte,Astrocyte,-0.631768534597451
85C7_S147,Cortex,85,1C,AST3,2986,8.00202481821611,2.11363e+06,14.563918,63168.0,11.053569,2.9886026,63901.0,11.065106,3.0232823,9409.0,9.1495285,0.4451583,False,False,4,2.5900803788112166,-0.13160760468574026,-0.16407599683963892,-1.8758013439178467,-0.08491049349308014,-0.16422861393051918,-0.897484713463328,0.0,Astrocyte,Astrocyte,1.0236928245497365
85C8_S155,Cortex,85,1C,AST3,2842,7.952615111651,2.186967e+06,14.598026,46350.0,10.743999,2.1193736,66942.0,11.111597,3.0609515,14648.0,9.592128,0.66978604,False,False,4,2.9452512133968325,1.4532315132006928,1.465855435891585,-1.5254129254817963,-0.19916998088359833,-0.5101642608642578,-1.0347394703620643,-0.11176525115966797,Astrocyte,Astrocyte,1.9436339380993868
85D10_S172,Cortex,85,1C,AST2,1523,7.329093736246592,1.574137e+06,14.269218,45550.0,10.726588,2.893649,122759.0,11.717986,7.7984953,8153.0,9.006264,0.5179346,False,False,1,1.8724517900435647,-0.03977015988910618,-0.17223426127674604,2.1576412403583527,-0.006955834627151489,-0.08927109626808552,-0.6185785514026431,-0.14997475624084472,Astrocyte,Astrocyte,0.07259613389960912
85D11_S180,Cortex,85,1C,AST2,2167,7.681560362559537,2.332694e+06,14.662535,148517.0,11.908462,6.366759,118483.0,11.682533,5.0792346,9112.0,9.117457,0.39062133,False,False,2,3.6604030076923273,-0.0887238503101483,-0.20009822074813072,0.5939157158136368,-0.17284346163272857,-0.1151131120595065,-0.5891713487293253,0.0,Astrocyte,Astrocyte,0.2358207428495156
85D12_S188,Cortex,85,1C,AST3,2988,8.002694162283937,2.810668e+06,14.848933,63028.0,11.051351,2.2424562,89681.0,11.404025,3.190736,20207.0,9.913834,0.7189394,False,False,1,2.954086491319,-0.11811140643891378,-0.18189695116245386,-1.9059775298833848,-0.2390240329504013,-0.27894209490882027,-0.3009118893038687,-0.07587553024291992,Astrocyte,Astrocyte,-0.850731003264553
85D1_S100,Cortex,85,1C,AST2,2525,7.8343923029104365,1.554668e+06,14.256773,52149.0,10.861879,3.3543496,55445.0,10.923165,3.5663564,9326.0,9.140669,0.5998708,False,False,3,2.9775795337280933,-0.014806903187354007,-0.12592922617690733,1.8389544558525086,-0.16079970240592956,-0.1243903829593851,0.4708871182484843,-0.013590340614318847,Astrocyte,Astrocyte,-0.14343202216099815
85D2_S108,Cortex,85,1C,AST3,2337,7.757051142032013,1.322803e+06,14.095264,40889.0,10.618641,3.0910876,45343.0,10.7220335,3.4277968,5413.0,8.596744,0.4092068,False,False,1,3.018711225582602,-0.14195709492093952,-0.23586008765480734,-1.0626835656166076,-0.1280830192565918,-0.1081947208655001,0.9327605854925798,-0.015236272811889648,Astrocyte,Astrocyte,-0.7809053372859158
85D3_S116,Cortex,85,1C,AST2,2883,7.96693349840484,1.993913e+06,14.50561,110478.0,11.61258,5.5407634,63797.0,11.0634775,3.1995878,6477.0,8.776167,0.32483867,False,False,2,2.1235274734392844,-0.05686651701903223,-0.2466039422786597,1.3191230547428132,-0.27945736050605774,-0.23900579081641304,-1.036098096238908,-0.011257669925689696,Astrocyte,Astrocyte,-0.47425984009130173
85D5_S132,Cortex,85,1C,AST2,2242,7.715569534520208,1.430919e+06,14.173828,63477.0,11.058449,4.4361005,79245.0,11.280313,5.538049,5829.0,8.670773,0.40736058,False,False,1,2.7076393229062443,-0.09012531994575232,-0.3657513134407275,2.4393131923675537,-0.1620640802383423,-0.06529280874464247,-0.7988573043190654,-0.08235834121704101,Astrocyte,Astrocyte,-0.780349095596097
85D6_S140,Cortex,85,1C,Mural,1835,7.515344571180436,1.741527e+06,14.370274,23926.0,10.082763,1.3738518,103626.0,11.548553,5.950295,7355.0,8.903272,0.42233053,False,False,0,-0.9930919871304205,-0.2454900660706525,-0.4753019909063975,3.152677471637726,-0.2955869007110596,-0.21632020762472443,6.336770508457069,-0.22767568588256837,Mural,Mural,3.799115887654942
85D8_S156,Cortex,85,1C,AST3,3084,8.034306936339489,2.146115e+06,14.57917,76094.0,11.2397375,3.5456629,60284.0,11.006839,2.8089826,8522.0,9.050524,0.39708963,False,False,4,2.9853724521365965,-0.23033490372662568,-0.2744186023871104,-1.9904620069265366,-0.21674374043941497,-0.32640250042231395,-1.0597122033037731,-0.08766758561134338,Astrocyte,Astrocyte,1.6514243490757647
85D9_S164,Cortex,85,1C,AST1,1949,7.575584651557793,2.146306e+06,14.579259,81668.0,11.31043,3.8050492,158212.0,11.971698,7.371363,7053.0,8.86135,0.3286111,False,False,3,3.2925379693182437,-0.0847236571000449,-0.07187297187670312,-1.0743813002109528,-0.18734467267990113,-0.12062473489780619,-0.5662126798725607,-0.03841271638870239,Astrocyte,Astrocyte,-0.665663647532264
85E10_S173,Cortex,85,1C,AST2,2783,7.931644021454311,2.904528e+06,14.881782,104725.0,11.559103,3.6055775,91881.0,11.428261,3.1633713,10633.0,9.2718115,0.3660836,False,False,1,3.648916415178059,-0.12436209731365568,-0.23257543854039125,1.738520357608795,-0.1869741201400757,-0.36237775436555497,-1.258388431227986,0.0,Astrocyte,Astrocyte,-0.8315998208094917
85E12_S189,Cortex,85,1C,Microglial,2389,7.779048644925556,3.123078e+06,14.95433,50077.0,10.821337,1.6034503,175683.0,12.076443,5.6253157,47932.0,10.777559,1.5347679,False,False,9,0.19644826552906958,-0.2612938105161466,1.3313923149999947,-1.2903845638036728,8.906729587316512,-0.2610730534852153,-0.8936696906185629,-0.15989169597625733,Microglia/macrophage,Microglial,4.014267195171625
85E5_S133,Cortex,85,1C,AST3,2359,7.7664168980196555,2.021979e+06,14.5195875,57477.0,10.959158,2.842611,90127.0,11.408986,4.4573655,5823.0,8.669743,0.2879852,False,False,1,3.495630281219066,-0.11304820123030312,-0.15039484669463804,-0.8554665625095368,0.016566371917724615,-0.09199467331472069,1.011675710654139,0.0,Astrocyte,Astrocyte,-0.8206350741680954
85E6_S141,Cortex,85,1C,AST2,2310,7.745435610274381,1.90008e+06,14.457407,72574.0,11.192376,3.8195233,105238.0,11.56399,5.538609,7594.0,8.9352455,0.39966738,False,False,1,2.378898152888147,-0.09209062196501536,-0.25287443850979663,-0.9953932505846024,-0.1517152988910675,-0.15272767435420642,-0.8589378168534993,0.0,Astrocyte,Astrocyte,-0.3077156701077006
85E7_S149,Cortex,85,1C,AST2,2356,7.7651449029361315,2.048809e+06,14.53277,134274.0,11.807645,6.5537586,129202.0,11.76914,6.3062005,9884.0,9.198773,0.48242664,False,False,1,3.255656774578198,-0.03590840430714976,-0.16454239024056327,-1.6262418407201766,-0.19703965306282042,-0.3019464268828883,0.4229295550279282,-0.04561925053596497,Astrocyte,Astrocyte,-0.04728091840254445
85E8_S157,Cortex,85,1C,AST2,2425,7.793999089503996,1.769166e+06,14.38602,94988.0,11.461516,5.3690834,85952.0,11.361556,4.8583345,11232.0,9.3266115,0.6348754,False,False,2,0.5498927864220624,-0.2570864824793447,1.4832047567223057,-1.1319602155685424,-0.15102025270462036,-0.19052808814578587,-0.9620134692695272,0.0,Astrocyte,Astrocyte,-0.8776832040840875
85E9_S165,Cortex,85,1C,AST5,1889,7.5443321080536885,2.547794e+06,14.750739,170541.0,12.046737,6.693673,122890.0,11.719053,4.8233886,13746.0,9.528576,0.53952557,False,False,3,2.874682470097568,-0.03452130508183235,5.445443891816669,2.8195831668376923,1.6041640424728394,-0.024687236607676806,-0.8134148815768448,-0.15654443383216857,Astrocyte,Astrocyte,-0.5013569123756906
85F10_S174,Cortex,85,1C,AST1,2760,7.923348211930154,3.198919e+06,14.978324,100146.0,11.514395,3.13062,117269.0,11.672235,3.6658947,25463.0,10.145021,0.7959876,False,False,6,3.96551300723696,-0.0772334539411056,1.2573045237798883,-1.9212883457541465,-0.30324651062488556,0.4566074832521303,0.6531092123170594,-0.09432747840881348,Astrocyte,Astrocyte,-0.8102981039697619
85F11_S182,Cortex,85,1C,AST2,2019,7.61085279039525,2.389696e+06,14.686677,101836.0,11.531129,4.261462,202182.0,12.2169285,8.460574,5221.0,8.560636,0.21847966,False,False,1,3.526924966462974,-0.10903732800603512,-0.07144257727295461,-0.9716829431056976,-0.11460572719573975,-0.1516160952924478,-0.45796547328407444,0.0,Astrocyte,Astrocyte,-0.7199096757302897
85F1_S102,Cortex,85,1C,AST2,2062,7.631916513071252,1.24043e+06,14.03097,34337.0,10.444008,2.768153,104908.0,11.560848,8.45739,3827.0,8.250098,0.30852205,False,False,1,2.7108693031665405,-0.1266741381218685,-0.2329165417738635,0.779762933254242,-0.14578138828277587,-0.12874162558353308,-0.8746028497590491,0.0,Astrocyte,Astrocyte,-0.21777972967079362
85F2_S110,Cortex,85,1C,AST3,2928,7.982416346827733,2.207138e+06,14.607207,67632.0,11.121851,3.0642397,75266.0,11.228797,3.4101176,10109.0,9.22128,0.45801395,False,False,2,3.0396092954229132,-0.17869551457352376,-0.2506486773490906,-1.5223086547851563,-0.2516638481616974,-0.056018206808302135,-1.2344790229845286,0.0,Astrocyte,Astrocyte,-0.6507690951402278
85F4_S126,Cortex,85,1C,Mural,1689,7.432483807917119,1.211966e+06,14.007755,22818.0,10.035349,1.8827262,78031.0,11.264874,6.438382,5985.0,8.697179,0.49382573,False,False,0,-2.7964169011741387,-0.1512184993705558,-0.30938105571149577,2.908495349884033,0.20944447875022887,-0.28950310957552206,6.402084943637177,0.0,Mural,Mural,2.47927088236968
85F5_S134,Cortex,85,1C,AST2,2580,7.855932199718614,1.917778e+06,14.466679,139830.0,11.84819,7.2912507,90653.0,11.414805,4.726981,8328.0,9.027498,0.43425256,False,False,1,3.8000268030687767,-0.077101712849871,-0.21092676574533636,1.8321759366989137,-0.17755959868431093,-0.03903944444174719,-0.5632003872238811,-0.01173560380935669,Astrocyte,Astrocyte,-0.12183937271170708
85F6_S142,Cortex,85,1C,AST1,2185,7.689828668736484,2.129652e+06,14.571469,63391.0,11.057093,2.9765897,117107.0,11.670852,5.49888,10034.0,9.213835,0.47115678,False,False,2,2.4631873453901116,-0.11178544238584126,0.16218738333143368,-0.9436008751392364,0.03865384101867676,-0.11900238436881942,0.8376740115371781,0.0,Astrocyte,Astrocyte,-0.2104731936548807
85F8_S158,Cortex,85,1C,AST2,2628,7.874358824729881,1.948813e+06,14.482732,66394.0,11.103377,3.4068942,64767.0,11.078567,3.3234074,5614.0,8.633197,0.2880728,False,False,2,3.5315626488357292,-0.11996752892307301,-0.2980810518216605,1.6515712785720824,-0.05405432224273682,-0.07767313899415912,0.5228781891827607,-0.018719806671142578,Astrocyte,Astrocyte,-0.87863464402237
85F9_S166,Cortex,85,1C,AST3,3000,8.006700845440367,2.969969e+06,14.904062,96815.0,11.480568,3.2597985,82167.0,11.316522,2.7665944,18650.0,9.833655,0.6279527,False,False,2,2.840274191619269,-0.02679225068595541,-0.1955720508339429,1.3873398208618164,-0.27444118142127993,-0.22884391172967775,-1.1246531434993647,-0.008175981044769288,Astrocyte,Astrocyte,-0.9203115555275859
85G10_S175,Cortex,85,1C,AST1,2078,7.639642287858013,2.603917e+06,14.772528,67372.0,11.118,2.5873327,173138.0,12.06185,6.6491365,10079.0,9.218308,0.38707072,False,False,2,3.5006310079918537,-0.07386119506466927,1.628547536152782,-1.36678178191185,-0.1386915922164917,-0.20436430248347195,-0.716873701942626,-0.009400736689567566,Astrocyte,Astrocyte,-0.1796326594480091
85G1_S103,Cortex,85,1C,AST2,2205,7.698936199813447,1.269429e+06,14.054079,58397.0,10.975037,4.6002574,72601.0,11.192748,5.719186,2964.0,7.9946322,0.23349081,False,False,1,2.391184660906349,-0.19754945393183723,-0.2042626597062506,2.450883874297142,-0.05851603388786316,-0.20839920188441421,0.6477587959874216,0.0,Astrocyte,Astrocyte,0.0036603061603583953
85G2_S111,Cortex,85,1C,Mural,1705,7.441906728051625,1.101448e+06,13.912137,21566.0,9.97892,1.9579681,64039.0,11.067264,5.814074,6796.0,8.824237,0.61700594,False,False,0,-1.9741893378111837,-0.08189123449613102,-0.47050808625991897,2.734442813396454,-0.1365990924835205,-0.21531311851559262,6.013647129787272,0.0,Mural,Mural,5.124368431671633
85G3_S119,Cortex,85,1C,AST2,1904,7.552237287560802,1.728772e+06,14.362923,81574.0,11.3092785,4.7186093,146652.0,11.895824,8.483016,4354.0,8.37908,0.25185508,False,False,1,3.029369168268527,-0.05382132260643657,-0.16907485386337898,-0.9360959684848785,-0.10188634812831879,-0.09252959188788829,-0.7398917336559775,0.0,Astrocyte,Astrocyte,-0.12244565105796457
85G4_S127,Cortex,85,1C,Mural,2351,7.763021309018518,1.390436e+06,14.145128,31780.0,10.366624,2.285614,84097.0,11.339738,6.048247,10477.0,9.257033,0.75350463,False,False,0,-3.4813193610457125,-0.22029386093868084,-0.2860355232701157,2.1598651576042176,-0.41878825187683105,2.172745701038476,7.337581707604566,0.0,Mural,Mural,2.1769042014826914
85G5_S135,Cortex,85,1C,AST1,2429,7.795646536334594,1.271138e+06,14.055424,74149.0,11.213845,5.833277,83719.0,11.335234,6.5861454,6760.0,8.818926,0.53180695,False,False,2,3.7016964802325107,-0.08817828390466508,-0.2613865675950291,-1.287003340125084,0.04918915927410125,-0.15307941159816704,1.0132767048912432,0.0,Astrocyte,Astrocyte,-0.7879061206354323
85G6_S143,Cortex,85,1C,AST3,2470,7.81237820598861,2.027037e+06,14.522086,78712.0,11.273563,3.8831062,113854.0,11.642681,5.61677,8242.0,9.017119,0.40660334,False,False,3,3.29969627381674,-0.10604964219146039,-0.23089320129818386,-0.8840787029266357,-0.18936315059661865,-0.0896194510989719,0.17634639608201075,0.0,Astrocyte,Astrocyte,-0.8044162519985129
85G8_S159,Cortex,85,1C,AST2,2221,7.706162970199576,1.947728e+06,14.482175,82133.0,11.316108,4.2168617,107046.0,11.581023,5.495942,10753.0,9.283033,0.55207914,False,False,3,2.2792305229791525,-0.16681146741512431,-0.2147980597284105,2.2301140892505646,-0.16596682786941527,-0.23001421461201677,-0.8379714189462326,-0.0116798734664917,Astrocyte,Astrocyte,-0.28092427942311027
85G9_S167,Cortex,85,1C,AST2,2389,7.779048644925556,1.871404e+06,14.4422,48037.0,10.779748,2.5668964,104572.0,11.557641,5.58789,8558.0,9.054739,0.4573037,False,False,2,2.5612841290854362,-0.1797231019441806,-0.22191958505697926,-1.8572327822446824,-0.1138663113117218,-0.2596837787917166,-0.9428712638778303,-0.012036994695663453,Astrocyte,Astrocyte,-0.06725728422254074
85H10_S176,Cortex,85,1C,(none),1090,6.994849985833071,1.427814e+06,14.171656,104736.0,11.559208,7.3354096,133772.0,11.8039,9.369007,6494.0,8.778788,0.45482117,False,False,1,3.9294623520856344,-0.020480233820239502,-0.09743627153261743,-0.3070711374282837,-0.18828150033950805,-0.056434616898045395,-0.3014039879468218,0.0,Astrocyte,(none),-0.30013370712929854
85H11_S184,Cortex,85,1C,Mural,2045,7.6236419465115715,2.12354e+06,14.568596,36049.0,10.492662,1.6975899,200817.0,12.210155,9.456709,11588.0,9.357812,0.54569256,False,False,0,-2.874089853033994,-0.20172937551335474,0.8166542318132188,2.724201556444168,-0.3852077984809876,-0.2904605708941065,5.787250571514494,-0.1299570369720459,Mural,Mural,-0.16863096086230622
85H1_S104,Cortex,85,1C,AST2,2590,7.85979918056211,1.097983e+06,13.908986,32680.0,10.394549,2.9763668,50558.0,10.830896,4.6046247,9200.0,9.127068,0.83790004,False,False,1,3.6222081155073447,-0.10539589455379314,-0.17509097462952738,-1.7145687526464461,-0.3494381487369537,-0.10466938187377621,0.29283132565081416,0.0,Astrocyte,Astrocyte,-0.7078392016071708
85H3_S120,Cortex,85,1C,AST2,2186,7.690286020676768,1.964095e+06,14.490542,95374.0,11.465571,4.855875,158818.0,11.97552,8.086065,7036.0,8.858937,0.35823116,False,False,1,3.87290473485905,-0.1136184229922654,1.220296094212869,1.4774786174297332,1.4385098803043366,-0.34245655753395776,-0.7350031119495181,-0.011845232248306274,Astrocyte,Astrocyte,-0.31778211058280703
85H4_S128,Cortex,85,1C,AST1,2354,7.764296006450518,1.685945e+06,14.337837,89320.0,11.399992,5.297919,62085.0,11.036276,3.6825047,5356.0,8.58616,0.31768534,False,False,2,2.8125113711331053,-0.05910720897080311,-0.18448099283256916,-1.0613640695810318,-0.1418912959098816,-0.07153772224079478,-0.974660619119903,0.0,Astrocyte,Astrocyte,-0.17237713962843104
85H5_S136,Cortex,85,1C,AST2,2751,7.920083199053234,1.581611e+06,14.273955,76188.0,11.2409725,4.817114,101701.0,11.529802,6.4302163,6397.0,8.763741,0.404461,False,False,1,3.2175128205877837,-0.12790939077061025,-0.17015106690050374,2.086036385297775,-0.15040579319000244,0.46333401492147736,-0.9536842790680315,-0.22017311096191405,Astrocyte,Astrocyte,-0.939126072423486
85H7_S152,Cortex,85,1C,AST2,3089,8.035926369891792,2.192942e+06,14.600755,81273.0,11.305581,3.7061174,67270.0,11.116485,3.0675685,10375.0,9.247251,0.47310874,False,False,1,1.6702137527570047,-0.1010276929817008,-0.3502366578940189,-1.6743448555469513,1.4583600854873657,-0.1230947044160631,0.7178367040864186,-0.02235926389694214,Astrocyte,Astrocyte,-0.26510569718176613
85H9_S168,Cortex,85,1C,AST1,2077,7.639161171659173,1.400066e+06,14.152031,47349.0,10.765322,3.381912,132433.0,11.793839,9.459054,6242.0,8.739216,0.44583613,False,False,1,4.253738270431269,0.0,-0.1590560208065341,-1.212472956776619,0.045880146026611335,-0.06802865772536307,1.0151746722322015,0.0,Astrocyte,Astrocyte,0.14535210083840489
88A10_S361,Hippocampus,88,1H,AST2,1753,7.469654172932128,1.864841e+06,14.438687,48667.0,10.792777,2.609713,172122.0,12.055964,9.229849,5385.0,8.591558,0.28876457,False,False,3,2.184731511796107,-0.06521670992050937,1.5543652137722632,1.257536227107048,-0.06888976216316223,-0.21009401841597122,1.22753573092983,0.0,Astrocyte,Astrocyte,-0.04255001572814332
88A11_S369,Hippocampus,88,1H,AST1,3162,8.059276223305648,2.557033e+06,14.754358,51286.0,10.845193,2.005684,111641.0,11.623053,4.366037,13982.0,9.545598,0.5468056,False,False,2,3.271278257578449,-0.17505508451605561,0.9872954993536978,-1.5446329152584075,-0.35403308510780335,-0.15796679800206964,0.15621342730881582,-0.19022174119949342,Astrocyte,Astrocyte,-0.11522957702510939
88A1_S289,Hippocampus,88,1H,AST1,2605,7.8655717576847906,1.617365e+06,14.296309,50795.0,10.835573,3.1406024,151556.0,11.928717,9.37055,8868.0,9.090318,0.54829925,False,False,3,1.7179802105726445,-0.10634671383766672,-0.17430156228518245,-1.8237518185377122,1.1684647971391677,-0.17139628559652,-0.9588139901808159,-0.0931196415424347,Astrocyte,Astrocyte,-0.3693854986427224
88A4_S313,Hippocampus,88,1H,AST3,2031,7.616775808698373,2.601044e+06,14.771424,90980.0,11.418406,3.4978263,154755.0,11.949605,5.949726,12805.0,9.457669,0.49230233,False,False,3,2.6707252716757557,-0.09552144135662059,-0.20807125171025595,2.560347107052803,-0.17737486958503723,-0.04365617939920136,-0.7911932633150762,0.0,Astrocyte,Astrocyte,-0.22728407741189993
88A6_S329,Hippocampus,88,1H,Mural,1729,7.455876687491824,2.038713e+06,14.52783,32719.0,10.395741,1.6048851,191688.0,12.16363,9.402403,13817.0,9.533728,0.6777315,False,False,0,-0.970750289048002,-0.04772892010271849,-0.34722957556897943,2.3043071830272677,-0.22251460790634156,-0.25653730980073564,4.9087942131799664,0.0,Mural,Mural,-0.5752122614140901
88A7_S337,Hippocampus,88,1H,AST1,2191,7.692569648067906,1.893019e+06,14.453684,52249.0,10.863795,2.7600884,176370.0,12.080345,9.316864,10677.0,9.275941,0.5640197,False,False,3,2.6542970547910594,-0.08897119850369554,-0.15429492791493735,-0.9383913087844848,-0.21003957509994506,-0.08652619520823161,0.8529309603437107,-0.012309019565582275,Astrocyte,Astrocyte,-0.29046552741467857
88A9_S353,Hippocampus,88,1H,Oligodendrocytic,3184,8.066207568006265,2.972206e+06,14.904816,84908.0,11.349336,2.8567333,118037.0,11.6787615,3.97136,23521.0,10.065691,0.7913651,False,False,8,-0.16559716000582947,-0.25437727465701465,9.305571239404005,2.465796610713005,-0.16166362762451172,-0.37646771259982176,-1.3782944217998179,0.0,Oligodendrocyte,Oligodendrocytic,-0.7628938297248244
88B11_S370,Hippocampus,88,1H,AST1,2333,7.755338812846501,2.881897e+06,14.87396,130325.0,11.777794,4.522195,103196.0,11.544395,3.5808358,6894.0,8.8385515,0.23921742,False,False,2,2.3946027052207075,-0.1301701017959633,0.9753027446944305,-0.10832874536514292,-0.06619477212429047,-0.14688879070859967,1.0800992744651872,-0.008441561460494995,Astrocyte,Astrocyte,-0.7310661162080271
88B1_S290,Hippocampus,88,1H,AST1,2385,7.777373602657861,2.757802e+06,14.829945,143087.0,11.871215,5.1884437,108185.0,11.591607,3.9228704,12841.0,9.460476,0.46562445,False,False,3,3.7483269282377485,-0.09471421235769838,-0.17570567251455904,1.841915939450264,-0.12489028632640839,-0.22523173599532156,-0.9509455759321624,-0.008773452639579772,Astrocyte,Astrocyte,-0.35970811294593874
88B5_S322,Hippocampus,88,1H,AST1,1626,7.394493107219038,1.963581e+06,14.490281,78696.0,11.27336,4.0077796,152213.0,11.933043,7.7518067,6738.0,8.815667,0.34314856,False,False,3,3.007730282069555,-0.07702007096017426,1.627789177075781,-1.0543842756748198,-0.022883238792419432,-0.19569856470281427,-0.625354718323329,-0.14559157609939574,Astrocyte,Astrocyte,-0.48752750717538823
88B8_S346,Hippocampus,88,1H,Mural,2254,7.720905251936779,2.319071e+06,14.656677,32242.0,10.381056,1.3902981,148030.0,11.905177,6.3831596,15769.0,9.665865,0.67997056,False,False,0,-3.504784423796857,-0.2758388812817521,-0.2270498290808514,2.3575667226314545,-0.18417804479598998,2.006670937393651,6.138983866677212,0.0,Mural,Mural,6.046302569628956
88B9_S354,Hippocampus,88,1H,AST3,2074,7.637716432664798,2.355953e+06,14.672457,72884.0,11.196638,3.09361,200256.0,12.207356,8.5,5655.0,8.640472,0.24003026,False,False,3,3.6117024063412613,-0.037069067284090436,-0.1552575338970531,-0.8030181384086609,-0.14901036977767945,-0.10626976417772697,-0.7525908078380565,-0.11143891334533691,Astrocyte,Astrocyte,1.1989135980009038
88C10_S363,Hippocampus,88,1H,AST1,1500,7.313886831633462,1.560262e+06,14.260365,71340.0,11.175226,4.572309,187148.0,12.139661,11.994653,5839.0,8.672486,0.37423202,False,False,1,3.3318134611421595,-0.17200158768562815,-0.3210872201004414,-0.7571731328964233,-0.06814706921577454,0.0,-0.6293346031227304,0.0,Astrocyte,Astrocyte,-0.4633614716426359
88C12_S379,Hippocampus,88,1H,AST1,2411,7.788211557847076,1.667632e+06,14.326916,68318.0,11.131943,4.0967073,106419.0,11.575149,6.381444,6826.0,8.828641,0.40932292,False,False,2,3.4610075116808945,-0.12047876964262383,-0.03908996720506688,-1.4943447160720824,-0.11382999539375305,0.06180964214633211,-0.9650728175388509,-0.125263295173645,Astrocyte,Astrocyte,-0.23936007974143814
88C2_S299,Hippocampus,88,1H,Endothelial,1992,7.597396320212795,1.922621e+06,14.4692,75408.0,11.230682,3.9221458,145421.0,11.887395,7.563685,30703.0,10.332149,1.5969346,False,False,5,-1.8617445425909072,-0.32105816908218154,-0.35935848770719586,-1.2500997281074524,-0.5130727672576905,8.50443172214007,1.484108459410356,-0.12078017234802246,Endothelial,Endothelial,5.833218874462657
88C5_S323,Hippocampus,88,1H,AST1,2142,7.669961995473577,1.931289e+06,14.473699,117463.0,11.673887,6.0821037,102863.0,11.541163,5.3261323,9528.0,9.162095,0.49334928,False,False,3,2.170138387732167,0.8768895430181494,-0.2855462913561349,1.9826365852355956,-0.49827984571456907,-0.0718227516521107,-1.0328354529999009,0.0,Astrocyte,Astrocyte,-0.5269499968407747
88C6_S331,Hippocampus,88,1H,AST1,3055,8.024862150286411,2.383697e+06,14.684164,64456.0,11.073753,2.704035,62750.0,11.046929,2.6324654,14463.0,9.579418,0.6067466,False,False,2,3.2388184839259075,-0.08301445167867383,-0.25361862808766994,-1.6860936021804809,-0.21530415296554564,-0.18049266362431074,-1.1273900701772028,-0.051219024658203126,Astrocyte,Astrocyte,-1.0570886570941627
88C7_S339,Hippocampus,88,1H,AST1,2659,7.886081401775745,2.250407e+06,14.626622,88283.0,11.388314,3.922979,74405.0,11.217292,3.3062909,9795.0,9.18973,0.43525457,False,False,3,2.2144056623750696,-0.11099201380906992,-0.2988190861663433,-1.6225344300270081,-0.04054365873336792,-0.06584134968844327,0.3937808101500698,0.0,Astrocyte,Astrocyte,-0.5923258945818537
88C9_S355,Hippocampus,88,1H,AST3,1767,7.477604243197589,1.866047e+06,14.439333,85576.0,11.357172,4.585951,125035.0,11.736357,6.7005277,9136.0,9.120088,0.48959112,False,False,3,3.622069103470265,-0.03508293928213455,-0.20168106212760462,2.775291746854782,-0.01864937663078308,-0.1019340380273684,-0.8103930821370839,-0.01216970443725586,Astrocyte,Astrocyte,-0.23801430517524635
88D2_S300,Hippocampus,88,1H,AST1,1746,7.465655310134056,2.075311e+06,14.545622,90744.0,11.415809,4.3725495,167399.0,12.028141,8.066213,6229.0,8.737132,0.30014777,False,False,3,3.7245320036111638,0.9148926555211819,1.4017039730091287,-0.7406713771820068,-0.13215821981430054,-0.14297632015112674,1.0576538853908903,0.0,Astrocyte,Astrocyte,-0.18732292355599506
88D4_S316,Hippocampus,88,1H,AST3,2237,7.71333788887187,2.246703e+06,14.624975,93627.0,11.447084,4.1673064,91840.0,11.4278145,4.0877676,9760.0,9.186151,0.43441436,False,False,3,2.538404235911499,-0.09928277479344277,-0.2968466838802954,2.4710742902755736,-0.3154829168319702,-0.13466298881203237,-0.9943099902502855,-0.12150691986083985,Astrocyte,Astrocyte,-0.6870907572951659
88D5_S324,Hippocampus,88,1H,AST1,2033,7.617759576608505,1.840542e+06,14.425571,99896.0,11.511895,5.4275317,103359.0,11.545974,5.615683,7718.0,8.95144,0.419333,False,False,3,3.1524664665180477,-0.07748714044465492,-0.2485678078550281,-1.315493165254593,-0.09321188330650329,-0.17040511333581174,-0.9453559778443533,0.0,Astrocyte,Astrocyte,-0.6509758903705616
88D6_S332,Hippocampus,88,1H,AST1,1653,7.4109518755836366,1.874938e+06,14.444087,77568.0,11.258924,4.137097,137087.0,11.828379,7.311548,7842.0,8.967377,0.41825384,False,False,1,3.1733078415927993,-0.04874613955991352,-0.18000604829402886,-0.8369369411468506,-0.13769928216934205,-0.012706345982021756,-0.6671994684928626,0.0,Astrocyte,Astrocyte,-0.4599047578833935
88D7_S340,Hippocampus,88,1H,AST1,2240,7.714677473800927,2.166422e+06,14.588588,68843.0,11.139599,3.1777282,112246.0,11.628457,5.1811695,7524.0,8.925986,0.34730077,False,False,3,2.450930211061989,-0.15650220103000276,-0.14847015642156505,1.809756578207016,-0.1254829251766205,-0.16248202022880015,-0.45950562690370644,-0.010735048055648804,Astrocyte,Astrocyte,-0.29795685709020336
88D8_S348,Hippocampus,88,1H,AST1,1611,7.385230923066573,1.987738e+06,14.502508,48997.0,10.799535,2.4649627,192676.0,12.168771,9.69323,8223.0,9.014812,0.4136863,False,False,3,1.9573383871974839,-0.005977695311733227,-0.15129212297574438,2.6839970254898073,-0.06589309215545654,-0.11857147168631506,-0.5651021033675228,0.0,Astrocyte,Astrocyte,0.14100836456220023
88D9_S356,Hippocampus,88,1H,AST1,3110,8.042699496897637,1.704515e+06,14.348792,108598.0,11.595417,6.3711963,72595.0,11.192665,4.2589827,9816.0,9.191871,0.5758823,False,False,2,3.0480888625963143,-0.25953358351884775,-0.5313203250518953,-1.6004354912042618,-0.5228917235136032,-0.20534832610024345,0.20224584257183364,0.0,Astrocyte,Astrocyte,-0.25364320574076427
88E10_S365,Hippocampus,88,1H,AST1,1961,7.581719640125308,2.693593e+06,14.806387,81206.0,11.304757,3.0147836,161453.0,11.991976,5.993964,5566.0,8.624612,0.2066385,False,False,3,3.3373114600207634,-0.05192723915205529,-0.0979291077214058,1.9790956711769103,-0.07304232478141785,-0.10186267982829701,-0.8006157165196672,0.0,Astrocyte,Astrocyte,-0.5757419953561187
88E11_S373,Hippocampus,88,1H,AST1,1714,7.44716835960004,2.36132e+06,14.674732,57569.0,10.960757,2.4380007,129042.0,11.767901,5.4648247,7231.0,8.8862705,0.30622703,False,False,3,2.8411823921516293,-0.12290832864579244,-0.10709847103465688,2.43925456404686,-0.07037932634353637,-0.07197408483485983,-0.46346069999675654,0.0,Astrocyte,Astrocyte,-0.5649263826952952
88E12_S381,Hippocampus,88,1H,AST1,2208,7.700295203420117,2.900477e+06,14.880386,54069.0,10.898035,1.8641416,117958.0,11.678092,4.0668483,17001.0,9.741086,0.5861449,False,False,2,3.637711789438633,-0.08407042703436847,0.3318628054676634,1.251132174730301,-0.07931438684463502,-0.0729990222237327,-0.9730881976721873,-0.008430081605911254,Astrocyte,Astrocyte,-0.6641386266741809
88E1_S293,Hippocampus,88,1H,Neuronal,3033,8.017637159908478,2.990317e+06,14.910891,43206.0,10.673758,1.4448636,139577.0,11.846379,4.667632,45633.0,10.728409,1.5260255,False,False,7,-2.8835690060599903,5.181867298319112,-0.35344946068344696,-1.6469705271720887,-0.5129151025414467,-0.19906090124688966,-1.3742579955551493,0.0,Neuron,Neuronal,1.9062350782159971
88E2_S301,Hippocampus,88,1H,AST1,1987,7.59488438721652,1.894264e+06,14.454342,36746.0,10.511812,1.9398563,124504.0,11.732101,6.572685,6559.0,8.788746,0.34625587,False,False,2,3.2606170320771435,-0.18452141931907615,-0.15122100921592327,-1.0712044548988342,-0.15840332627296447,-0.1835831728848544,-0.6823307629206672,-0.01202967882156372,Astrocyte,Astrocyte,-0.6829288391915705
88E5_S325,Hippocampus,88,1H,Mural,1663,7.416979621381154,1.38576e+06,14.14176,24911.0,10.123105,1.7976418,113842.0,11.642575,8.215131,9423.0,9.151015,0.67998785,False,False,0,-1.6887729552274195,-0.257173924589876,-0.2220291013669486,3.0447127485275267,-0.25802348971366884,2.125174582606614,5.258917990641378,0.0,Mural,Mural,-0.2709011252415996
88E6_S333,Hippocampus,88,1H,Neuronal,2923,7.980707820869669,2.399535e+06,14.690786,31770.0,10.366309,1.3240066,116226.0,11.6633005,4.8436885,34642.0,10.452851,1.4436964,False,False,7,-3.0506224287012236,5.079637315105553,-0.3959357783649907,-1.9084238958358766,-0.753383896946907,-0.3383316433790958,-1.3418331026431902,0.0,Neuron,Neuronal,-0.9168053372562529
88E7_S341,Hippocampus,88,1H,AST3,2975,7.998335395952982,2.943698e+06,14.895178,113433.0,11.638976,3.8534184,129470.0,11.771213,4.398209,12252.0,9.413527,0.4162112,False,False,3,3.000053127281001,-0.08099157891081805,1.3665155985138633,1.6726374781131745,-0.007111889719963074,-0.13293220298458833,-1.1248927297604143,0.0,Astrocyte,Astrocyte,-0.9254786349795696
88E8_S349,Hippocampus,88,1H,Mural,2717,7.907651594711089,2.583374e+06,14.764607,55939.0,10.932035,2.1653466,120519.0,11.699571,4.6651783,34304.0,10.443047,1.3278759,False,False,0,-1.0573476921013794,-0.2055841067328525,-0.5461293702775781,-1.2338479775190354,-0.2446520608663559,-0.23176665619166212,-1.0090266927402822,-0.18034198641777038,Mural,Mural,1.7719917407318428
88F10_S366,Hippocampus,88,1H,AST3,2348,7.761744984658913,2.845898e+06,14.861389,40151.0,10.600428,1.4108377,132501.0,11.7943535,4.6558595,11212.0,9.324829,0.39397055,False,False,3,3.122880996902132,-0.055465042890615796,-0.29431826598716504,-1.3110928118228913,-0.11605232715606689,-0.1087445490288012,-1.1439641396603992,0.0,Astrocyte,Astrocyte,-0.6520731488929965
88F11_S374,Hippocampus,88,1H,AST1,2500,7.824445930877619,2.491831e+06,14.728529,54120.0,10.898977,2.171897,108131.0,11.591108,4.3394194,11134.0,9.317848,0.44682002,False,False,2,1.8832369059161405,-0.1741616234707473,-0.15264587871956103,-1.1577606856822968,-0.1551239323616028,-0.29033719650422685,-1.1760587356797414,0.0,Astrocyte,Astrocyte,-0.42202015303212137
88F1_S294,Hippocampus,88,1H,(none),1244,7.126890808898808,2.231906e+06,14.618367,153061.0,11.938599,6.857861,217944.0,12.291998,9.764928,3352.0,8.117611,0.15018553,False,False,1,3.434166160437579,-0.08631925007805752,-0.01065451569027371,2.527638280391693,-0.14305263996124268,-0.05505486690636837,-0.3168784601604519,0.0,Astrocyte,(none),-0.2530272410489084
88F3_S310,Hippocampus,88,1H,AST1,1853,7.5251007461258,2.047279e+06,14.532022,70179.0,11.158818,3.4279156,140924.0,11.855983,6.883478,6332.0,8.75353,0.30928856,False,False,3,3.8130520347689023,-0.1356165636723964,-0.14953239337362426,0.6860068500041963,-0.2821519935131073,-0.06104582126694496,-0.7623724470186473,0.0,Astrocyte,Astrocyte,-0.44060024634028516
88F6_S334,Hippocampus,88,1H,AST1,2731,7.912789220690681,2.084324e+06,14.549955,81783.0,11.311837,3.9237182,105644.0,11.56784,5.068502,8006.0,8.988071,0.38410535,False,False,2,2.921571216622337,-0.15455035857818833,-0.17892813411625946,-1.2757634484767915,-0.24291696071624755,-0.27838824854956734,-1.1788501454957168,0.0,Astrocyte,Astrocyte,-0.9099090388775469
88F7_S342,Hippocampus,88,1H,AST1,2916,7.978310969867722,2.70786e+06,14.811669,102513.0,11.537755,3.785757,88523.0,11.391029,3.2691128,13617.0,9.519148,0.5028694,False,False,3,3.2415951645113736,-0.11766229996729137,-0.20734833271214456,-0.07957624584436407,-0.3121979606151581,-0.2865647074550089,-1.1484116887926457,0.0,Astrocyte,Astrocyte,-0.7798564945019545
88F8_S350,Hippocampus,88,1H,AST4,2967,7.995643604287271,2.361401e+06,14.674767,100700.0,11.519911,4.2644176,82268.0,11.31775,3.4838638,26651.0,10.190619,1.1286097,False,False,6,2.283090374671697,1.4503050620232396,-0.3085957904054661,-1.3911872845888138,-0.11986758828163147,-0.2329515784677833,0.3587001409362909,-0.08592654228210449,Astrocyte,Astrocyte,1.599477343398064
88F9_S358,Hippocampus,88,1H,Mural,1497,7.311886164077165,1.892803e+06,14.45357,40899.0,10.618885,2.1607637,199620.0,12.204176,10.546264,14642.0,9.591718,0.7735617,False,False,0,-2.6941262766963145,-0.2101171633706021,0.5918565001150574,2.5248017299175265,0.0,-0.141690928526599,4.9724424984586895,0.0,Mural,Mural,0.3908503055883469
88G10_S367,Hippocampus,88,1H,AST3,2040,7.621195162809845,2.325337e+06,14.659376,62100.0,11.036517,2.6705806,162593.0,11.999012,6.9922338,7437.0,8.914357,0.3198246,False,False,3,3.362197955449423,-0.06352589837270765,-0.2166488528853715,-1.3843785512447357,-0.01307690143585205,-0.029156276673981636,-1.236328187599853,0.0,Astrocyte,Astrocyte,-0.09807034630409261
88G1_S295,Hippocampus,88,1H,(none),1133,7.033506484287697,1.695789e+06,14.343659,126101.0,11.744846,7.4361258,172887.0,12.060399,10.195077,6273.0,8.744169,0.3699163,False,False,2,2.93507479969921,-0.0033755023874829163,-0.05503473197570955,-0.6321920198202133,-0.0845646733045578,-0.05461894442336728,-0.2467158376871042,0.0,Astrocyte,(none),-0.3015919549636331
88G2_S303,Hippocampus,88,1H,AST4,1592,7.373374309910049,1.694712e+06,14.343024,129168.0,11.768877,7.621826,180164.0,12.101628,10.630951,22138.0,10.005096,1.3062986,False,False,6,0.46911727339843523,-0.1953670607140316,-0.14470314497899528,-0.8616661155223846,-0.10027457475662231,-0.18936742435802112,1.3654494926558067,0.0,Astrocyte,Astrocyte,-0.47004002462046374
88G3_S311,Hippocampus,88,1H,AST4,2514,7.83002808253384,2.53915e+06,14.74734,115481.0,11.65687,4.548018,131736.0,11.788563,5.188193,33033.0,10.4052925,1.3009472,False,False,6,0.1011202348386,-0.220667706662087,-0.2311744930768254,-1.4270257675647735,-0.1202339243888855,-0.33182405100928414,-0.9156364537962717,-0.009482989311218262,Astrocyte,Astrocyte,-0.8391242160621987
88G5_S327,Hippocampus,88,1H,AST3,1825,7.509883061154913,1.879108e+06,14.446308,27928.0,10.237421,1.486237,214993.0,12.278365,11.441226,5937.0,8.689128,0.31594777,False,False,1,4.354218261489452,-0.06988672635064053,-0.24018044604195488,-1.160093219280243,-0.04808441638946533,-0.025742373081168744,0.9956865909710602,0.0,Astrocyte,Astrocyte,-0.5426554655988944
88G6_S335,Hippocampus,88,1H,AST1,2084,7.642524134232902,1.901196e+06,14.457994,82337.0,11.318588,4.3308,116885.0,11.668955,6.147972,8705.0,9.071768,0.45786965,False,False,3,3.808308869111733,-0.08316993713378906,-0.18141587515069982,1.9347660410404206,-0.214571293592453,-0.17416917073606242,-0.9344617763356348,-0.10809791564941407,Astrocyte,Astrocyte,-0.4482491766172578
88G7_S343,Hippocampus,88,1H,Neuronal,2712,7.905810312658931,2.059969e+06,14.538202,34612.0,10.451984,1.6802195,102244.0,11.535128,4.9633756,32815.0,10.398671,1.5929852,False,False,7,-2.454800139685146,3.7051716360015488,-0.4793876355344599,-1.1025993645191192,-0.24735037088394166,-0.5470920945658828,-1.2378212423180814,-0.13908746719360351,Neuron,Neuronal,0.10081729835182274
88G8_S351,Hippocampus,88,1H,Mural,1611,7.385230923066573,1.798618e+06,14.40253,40147.0,10.6003275,2.2321026,158640.0,11.9744,8.820106,18289.0,9.81411,1.0168363,False,False,0,-1.8149520671758497,-0.2596370772500733,1.3756855545621929,2.5890657377243045,-0.21639285385608673,-0.13959746348737467,6.474208316910806,0.0,Mural,Mural,0.55814465165188
88H11_S376,Hippocampus,88,1H,AST1,1581,7.366445148327599,1.952187e+06,14.484462,64773.0,11.07866,3.3179712,151947.0,11.9312935,7.783424,9283.0,9.136047,0.475518,False,False,3,2.8713339456443583,-0.07750218717297118,-0.18388179697171605,-0.6744833135604859,0.0,-0.1712079457562379,-0.8247874975204468,0.0,Astrocyte,Astrocyte,-0.38817790155617743
88H2_S304,Hippocampus,88,1H,AST1,2032,7.617267813628347,2.277149e+06,14.638435,96723.0,11.479617,4.247548,119361.0,11.689917,5.241686,10319.0,9.241839,0.45315439,False,False,2,2.438383133033585,-0.0595370944420896,-0.1835534464229237,-1.2747635543346405,-0.17661375164985657,-0.12203249064358798,-0.7479465720641553,4.771205446720123,Astrocyte,Astrocyte,-0.39270364240632827
88H3_S312,Hippocampus,88,1H,AST1,2181,7.687997166393016,2.316298e+06,14.655481,39585.0,10.586231,1.708977,114733.0,11.650372,4.953292,17444.0,9.7668085,0.75309825,False,False,2,3.1714197928136825,-0.04274846111709748,-0.1256032574056375,-1.1424998426437378,-0.21299162924289702,-0.07153016690051917,-0.6917858219625962,-0.01016541600227356,Astrocyte,Astrocyte,-0.647699513797569
88H6_S336,Hippocampus,88,1H,AST1,1619,7.3901814282264295,1.821515e+06,14.415179,60088.0,11.003582,3.2987926,180653.0,12.104339,9.917733,8403.0,9.036463,0.46131927,False,False,2,1.0077201818507877,-0.18498302284796633,-0.14334629069675098,-1.2364696592092514,-0.19101354122161865,-0.11018168444585319,-0.7131390916043191,0.0,Astrocyte,Astrocyte,-0.10175289275849209
88H8_S352,Hippocampus,88,1H,AST3,1413,7.254177846456518,1.507713e+06,14.226105,48156.0,10.782222,3.1939766,147702.0,11.902959,9.796427,4817.0,8.480114,0.31949052,False,False,3,2.6904977205021137,-0.06548471247131502,1.6056910807436162,-0.8890167903900147,-0.11169050812721253,-0.04472120241685347,-0.2717644313172479,-0.03331430196762085,Astrocyte,Astrocyte,-0.4120281391430379
88H9_S360,Hippocampus,88,1H,AST1,1763,7.475339236566737,1.716511e+06,14.355804,122252.0,11.713848,7.122122,122670.0,11.717261,7.1464734,7266.0,8.891099,0.4233005,False,False,3,3.195973419752277,-0.07506240252873406,-0.20376024312443203,-1.3226342797279358,-0.24942936539649962,-0.010508037576771746,1.37685315295979,-0.012994633913040161,Astrocyte,Astrocyte,-0.6883795945990663
95A10_S361,Cortex,95,1C,Mural,1373,7.2254814727822945,1.295773e+06,14.074618,12394.0,9.425049,0.95649475,104168.0,11.55377,8.0390625,7271.0,8.891787,0.56113225,False,False,0,-1.9417295439647193,-0.0777962908672927,1.6254903908931848,1.477504231929779,-0.194638409614563,-0.12994215103110882,6.47706931619788,-0.057984657287597656,Mural,Mural,3.620211445280228
95A11_S369,Cortex,95,1C,AST3,2775,7.9287663216266955,2.612632e+06,14.775869,66006.0,11.097516,2.5264177,77377.0,11.256458,2.9616494,13940.0,9.542589,0.5335615,False,False,1,3.148549806876261,0.008157618605910827,-0.2660005089610514,-1.6983659446239472,-0.10351817667484284,-0.21924310982829393,-0.7367982675681761,-0.11472488403320312,Astrocyte,Astrocyte,-0.10676565567320695
95A1_S289,Cortex,95,1C,AST1,2079,7.640123172695364,1.668114e+06,14.327205,28249.0,10.248849,1.6934695,114276.0,11.64638,6.8506107,9221.0,9.129347,0.55278,False,False,3,1.4895151791676797,-0.09041777717408224,-0.14163015195817658,-1.1299241423606872,-0.12771777629852296,0.06420472655633483,-0.7744873573432616,-0.013239234685897827,Astrocyte,Astrocyte,0.38292752069503516
95A2_S297,Cortex,95,1C,AST2,2390,7.779466967458324,1.866319e+06,14.439479,99467.0,11.507591,5.329582,59953.0,11.001333,3.2123663,7563.0,8.931155,0.40523618,False,False,1,1.9927582714727015,-0.051889014603504584,-0.16482297820274275,2.083622343540192,-0.1886507201194763,-0.08507346023212779,-1.065778763449971,0.0,Astrocyte,Astrocyte,-0.3275043892741004
95A3_S305,Cortex,95,1C,AST2,2892,7.970049304976135,2.321507e+06,14.657727,101702.0,11.529812,4.3808613,79541.0,11.28404,3.4262657,7220.0,8.884748,0.31100488,False,False,1,2.6897286026855634,-0.05902926346764493,-0.15749132964346144,0.4500129985809327,-0.05476776123046875,-0.036238521638542714,-1.0873594337971366,0.0,Astrocyte,Astrocyte,-0.9253462911249202
95A4_S313,Cortex,95,1C,AST2,2667,7.889084407035514,2.034278e+06,14.525652,85137.0,11.352029,4.185121,68567.0,11.135581,3.3705816,12894.0,9.464595,0.6338367,False,False,1,3.48662029850027,-0.20877093645795505,0.3182336380987456,1.7581746828556062,-0.06798741579055786,-0.3939060093176485,0.40333452536233105,-0.011103470325469971,Astrocyte,Astrocyte,0.32135222700482025
95A5_S321,Cortex,95,1C,AST3,1855,7.526178913346146,1.436988e+06,14.178061,78328.0,11.268673,5.4508457,90980.0,11.418406,6.3312984,6550.0,8.787373,0.4558145,False,False,4,4.419646351715254,-0.08141012467331622,-0.1994528288793082,-0.7977177774906159,-0.07112061023712159,-0.09915114773644342,-0.6973480231797875,0.0,Astrocyte,Astrocyte,0.7594756068590288
95A8_S345,Cortex,95,1C,Mural,1247,7.129297548929373,742607.0,13.517923,28761.0,10.26681,3.8729773,90466.0,11.412741,12.182218,3803.0,8.243809,0.51211476,False,False,0,-1.4158035555823902,-0.28727132710979214,-0.1671275430255466,1.937954741716385,-0.20159345746040344,-0.2531577372791791,6.231500083477653,0.0,Mural,Mural,-0.19616489303927986
95A9_S353,Cortex,95,1C,AST2,2362,7.767687277186908,2.246952e+06,14.625086,42208.0,10.650389,1.8784559,70875.0,11.168687,3.154273,12761.0,9.454227,0.56792486,False,False,3,3.5315470031050387,-0.06854303997365674,-0.23619277549512457,2.106791512966156,-0.05794511556625366,-0.11398063283978087,-0.911319584103685,0.0,Astrocyte,Astrocyte,-0.7665990210932762
95B11_S370,Cortex,95,1C,AST3,2798,7.937017489515454,2.801189e+06,14.845555,64037.0,11.067232,2.286065,99866.0,11.511595,3.5651288,9315.0,9.139488,0.33253735,False,False,4,2.888584920617401,1.3860386413844985,-0.24277648284579767,2.063928603231907,-0.013951805531978606,-0.2990368098923654,0.047832219594686975,0.0,Astrocyte,Astrocyte,2.194978007751335
95B12_S378,Cortex,95,1C,AST1,1868,7.533158807455563,3.307404e+06,15.011675,91837.0,11.427781,2.7767093,69189.0,11.144611,2.0919428,8284.0,9.022202,0.25046834,False,False,1,4.885084758039381,-0.012256158206930113,-0.111298684369434,-0.8332445919513702,-0.0037205633521080017,-0.10214316032149574,-0.8430331145698701,0.0,Astrocyte,Astrocyte,1.1088055240391492
95B1_S290,Cortex,95,1C,AST2,2484,7.818027938530729,1.763166e+06,14.382622,109027.0,11.59936,6.183593,50239.0,10.824567,2.849363,5722.0,8.652248,0.32452986,False,False,2,3.089483664986866,-0.09589405305421532,-0.1724494235082106,3.0032374870777128,-0.06919215500354767,-0.06524769886575564,-0.8784951833474577,0.0,Astrocyte,Astrocyte,-0.460909633584731
95B2_S298,Cortex,95,1C,AST3,2385,7.777373602657861,2.022431e+06,14.519812,38624.0,10.561655,1.9097809,78055.0,11.265182,3.8594642,11188.0,9.322686,0.55319566,False,False,2,3.2848088571934095,-0.075363581504055,-0.21270119842856822,-0.9330924725532532,-0.10077874302864075,-0.28961097230814925,-0.8132507636319453,0.0,Astrocyte,Astrocyte,-0.2681064757958478
95B3_S306,Cortex,95,1C,AST2,2021,7.611842399580417,1.720653e+06,14.358215,77834.0,11.262346,4.523515,80801.0,11.299757,4.6959496,6760.0,8.818926,0.3928741,False,False,1,2.2345316139726688,-0.04735792701567837,-0.45569542562118687,-1.2314210963249206,-0.019097780585289003,-0.15382510423660278,-1.0157514169587563,0.0,Astrocyte,Astrocyte,-0.196108283751795
95B4_S314,Cortex,95,1C,AST3,3113,8.043663352393944,2.429633e+06,14.703251,39419.0,10.582028,1.6224262,53544.0,10.888278,2.2037895,9779.0,9.188095,0.4024888,False,False,2,2.8628053886642864,-0.21281037079029946,-0.3034904785830565,-1.5489288902282714,-0.16222989916801453,-0.15762457341858835,0.28806988498074326,0.0,Astrocyte,Astrocyte,-0.164109310890876
95B5_S322,Cortex,95,1C,AST3,2738,7.915348169263078,2.06935e+06,14.542746,52676.0,10.871934,2.5455337,59310.0,10.99055,2.8661175,6947.0,8.84621,0.33570927,False,False,4,4.058351735599706,-0.10921820264365804,-0.24566807530143045,-1.0567693305015564,-0.08111312866210937,-0.15215882147201384,-0.9258440068019694,0.0,Astrocyte,Astrocyte,3.294433730397877
95B6_S330,Cortex,95,1C,AST2,2720,7.908754738783246,1.809453e+06,14.408536,64858.0,11.079971,3.5843983,63270.0,11.055182,3.4966369,6936.0,8.8446245,0.38332027,False,False,4,3.522298106730311,2.841494072621791,1.6441328940969524,-1.3796857988834381,-0.17116667747497558,-0.1411030882536763,-1.0688377421105926,-0.01215005874633789,Astrocyte,Astrocyte,1.0190608548202578
95B7_S338,Cortex,95,1C,AST3,2285,7.734558844354756,2.002107e+06,14.509711,39847.0,10.592828,1.9902533,65982.0,11.097153,3.295628,8162.0,9.007367,0.40767053,False,False,4,3.538073037165761,-0.05607020854949951,-0.2661544150776333,-1.3319907611608506,-0.19939544320106506,-0.08133058355312155,-0.7764580129978046,-0.011234534978866577,Astrocyte,Astrocyte,1.1083550748721587
95B8_S346,Cortex,95,1C,AST3,2628,7.874358824729881,2.11545e+06,14.564778,73341.0,11.2028885,3.466922,87608.0,11.380639,4.141341,8324.0,9.027019,0.39348602,False,False,2,2.7299172989006246,-0.027551712702267132,-0.14705345847389914,1.6775359749794005,-0.08663172006607056,-0.047991531063811946,1.1300481234363575,0.0,Astrocyte,Astrocyte,-0.8682050317874138
95C10_S363,Cortex,95,1C,AST2,2418,7.791109510610028,2.358312e+06,14.673457,89000.0,11.396403,3.7738855,76749.0,11.248309,3.2544038,8696.0,9.070733,0.36873832,False,False,1,3.314341818700071,-0.09243653767072975,-0.16173777646488613,-1.4355334949493408,-0.08606154680252075,-0.3309822082519531,-0.8420103698519606,0.0,Astrocyte,Astrocyte,-0.6827835487403934
95C1_S291,Cortex,95,1C,AST3,2825,7.946617563244473,1.904475e+06,14.459718,62581.0,11.044233,3.2859974,45761.0,10.73121,2.4028144,6655.0,8.803274,0.34944013,False,False,4,3.3464146416043983,-0.10579547660434666,-0.3849468207118487,1.6418340349197387,-0.19281186044216156,-0.18690107928382027,0.6176186788022218,0.0,Astrocyte,Astrocyte,1.4040283005255492
95C2_S299,Cortex,95,1C,AST2,1566,7.356918242356021,1.253113e+06,14.041142,49577.0,10.811302,3.9563072,81041.0,11.302723,6.467174,4140.0,8.328692,0.33037722,False,False,1,3.970428267463309,-0.04653945640103901,-0.11476062644611705,-0.9941350293159484,-0.0161753511428833,0.39707328454412594,-0.5951741987736381,0.0,Astrocyte,Astrocyte,-0.5408313608726795
95C3_S307,Cortex,95,1C,AST2,2375,7.773173680482536,1.822973e+06,14.415979,67486.0,11.11969,3.7019749,57195.0,10.954239,3.1374574,7701.0,8.949235,0.4224418,False,False,1,3.095667071029788,-0.07726698754420831,-0.19076257643073496,2.1930774760246274,-0.11132334232330322,-0.18452335668332648,-1.0737955992545314,0.0,Astrocyte,Astrocyte,-0.7625358695776913
95C4_S315,Cortex,95,1C,AST1,2322,7.750614732770409,1.807408e+06,14.407405,68786.0,11.13877,3.8057816,65331.0,11.087237,3.6146238,8392.0,9.035153,0.46431133,False,False,2,3.964736221917991,-0.07326660443789995,-0.2183939880794949,-0.9169106328487396,-0.13909257888793947,-0.2516521359934951,-0.8495482688573137,0.0,Astrocyte,Astrocyte,-0.6725469220659769
95C5_S323,Cortex,95,1C,AST3,3023,8.014335737299424,1.82334e+06,14.416182,65967.0,11.096925,3.617921,45520.0,10.725929,2.4965174,7539.0,8.927978,0.41347197,False,False,4,1.4359654377067024,-0.0852617846062435,-0.1594413079396643,1.0224809908866883,-0.3185384899377823,-0.021917276310198235,-1.0276254694066456,0.0,Astrocyte,Astrocyte,0.17788533246974914
95C6_S331,Cortex,95,1C,AST2,1509,7.31986492980897,1.457435e+06,14.192189,71285.0,11.174456,4.8911276,96425.0,11.476531,6.6160755,4856.0,8.488176,0.33318812,False,False,3,4.859721040790849,-0.16724787525196172,-0.08966831757564737,2.572137539386749,-0.12776874661445617,-0.33242455636612095,-0.5524888230328584,0.0,Astrocyte,Astrocyte,-0.44514375964866854
95C7_S339,Cortex,95,1C,AST2,1868,7.533158807455563,1.882742e+06,14.44824,72645.0,11.193354,3.8584683,76430.0,11.2441435,4.0595045,6515.0,8.782016,0.34603786,False,False,2,3.253556344352785,-0.10662481173798068,-0.19006191299419212,2.3706943237781526,-0.06935031950473786,-0.00970880070117989,-0.6783913472789017,-0.04224400043487549,Astrocyte,Astrocyte,-0.277757959542967
95C8_S347,Cortex,95,1C,Mural,1819,7.506591780070841,2.025232e+06,14.521195,33102.0,10.407379,1.6344795,101060.0,11.523479,4.9900455,11374.0,9.339173,0.56161463,False,False,0,-1.9105505959583762,-0.14713610955818215,-0.24308810511020698,-0.5001253652572631,-0.2595668268203735,-0.29374754067623254,6.223328979770143,0.0,Mural,Mural,4.932000557797182
95D11_S372,Cortex,95,1C,AST3,3021,8.013674142832684,2.73966e+06,14.823345,59425.0,10.992487,2.1690648,73732.0,11.208206,2.691283,9748.0,9.18492,0.35581058,False,False,2,2.692455231166277,-0.05842668237398617,-0.13810676306185096,-0.4396785688400269,-0.2692773133516312,-0.21624161137474907,-0.9791010052115474,0.0,Astrocyte,Astrocyte,-0.613687441872436
95D1_S292,Cortex,95,1C,AST2,1712,7.44600149832412,1.426402e+06,14.170667,61311.0,11.023731,4.2982974,87999.0,11.385092,6.1692986,5308.0,8.577159,0.37212512,False,False,2,1.2478097716315846,-0.041005859422923334,0.6625593599646983,2.9948766934871673,-0.12584780812263488,-0.16324699767912276,-0.8114795229542795,0.0,Astrocyte,Astrocyte,0.49029020027246617
95D2_S300,Cortex,95,1C,AST3,2238,7.713784616598755,1.785204e+06,14.395044,28213.0,10.247574,1.5803795,78440.0,11.2701025,4.3938956,6257.0,8.741616,0.35049218,False,False,3,4.0469308264268555,-0.09746991150343239,-0.35914089884420836,-1.5503479027748108,-0.2853474283218384,-0.047797076629869865,-0.8341475683241034,0.0,Astrocyte,Astrocyte,-0.5993079832678844
95D3_S308,Cortex,95,1C,AST2,2081,7.641084249174914,1.457465e+06,14.19221,64634.0,11.076511,4.434686,46996.0,10.757839,3.2245028,4168.0,8.335431,0.285976,False,False,1,2.971720335913486,-0.01892647192106774,-0.24894211027357313,2.043348569869995,-0.06828491568565369,-0.2011785338623355,-0.9996502279636249,-0.014200437068939208,Astrocyte,Astrocyte,-0.23018804993573727
95D4_S316,Cortex,95,1C,AST2,2035,7.618742377670413,1.379081e+06,14.136929,105973.0,11.57095,7.6843204,89776.0,11.405084,6.509843,5485.0,8.609955,0.39772862,False,False,1,3.5940872521999765,-0.07950473670384392,-0.10763007522833468,-1.2353494596481323,-0.08486453533172607,-0.09025412858134568,0.5912483972520685,-0.12387611389160157,Astrocyte,Astrocyte,-0.33212657628552944
95D5_S324,Cortex,95,1C,Microglial,2453,7.805474625270857,1.869595e+06,14.441233,30481.0,10.324892,1.6303532,50604.0,10.831806,2.7066824,31960.0,10.372272,1.7094612,False,False,9,-2.495273124976236,1.1354738210313884,-0.3870467820552864,-1.246125750541687,9.236899789571762,-0.5189539711884777,-0.7833632506317829,-0.011848902702331543,Microglia/macrophage,Microglial,4.255524442818806
95D6_S332,Cortex,95,1C,AST3,2548,7.8434564043761155,2.087344e+06,14.551403,54538.0,10.906672,2.612794,110299.0,11.610959,5.284179,14550.0,9.585415,0.6970581,False,False,2,1.651640796921944,-0.10463922526968185,3.262484289781012,-1.0131732207536697,0.04035664081573487,-0.2223122992900887,0.6866335620233162,0.0,Astrocyte,Astrocyte,-0.7344525229552752
95D7_S340,Cortex,95,1C,AST3,3010,8.010027528481734,2.358108e+06,14.67337,49918.0,10.818157,2.1168666,58080.0,10.969594,2.4629915,10755.0,9.283219,0.45608598,False,False,2,2.8629349476652717,-0.1612802902657782,-0.3818115048637294,1.1226398888230325,-0.16862817406654357,-0.04970043446078445,-0.25337363876889096,0.0,Astrocyte,Astrocyte,0.09273194659731421
95D9_S356,Cortex,95,1C,AST4,2135,7.666690200080086,1.683758e+06,14.336539,113477.0,11.639364,6.7395077,87030.0,11.37402,5.168795,23401.0,10.060576,1.3898078,False,False,6,1.0702584913519564,-0.06857242176880189,-0.38214658727549544,-1.31566263794899,-0.3253021192550659,-0.4035037033485644,-0.767694566417579,-0.03940055012702942,Astrocyte,Astrocyte,2.401749544579517
95E11_S373,Cortex,95,1C,AST1,1478,7.2991214627108,2.302229e+06,14.649389,92124.0,11.430902,4.0015135,212906.0,12.268611,9.24782,10245.0,9.234643,0.44500354,False,False,3,3.212948389066373,-0.035969259750902954,-0.2881821577597146,-0.9392119204998016,-0.1388340711593628,-0.1211334816133133,0.5580997922312674,-0.010591317415237427,Astrocyte,Astrocyte,-0.08185474950204508
95E12_S381,Cortex,95,1C,AST1,1716,7.448333860897476,3.10485e+06,14.948477,88236.0,11.387782,2.8418765,117201.0,11.671655,3.774772,8313.0,9.025696,0.26774243,False,False,1,2.7100098393653917,-0.028745327762622928,-0.12956397551478763,-1.2847278755903244,-0.03808366715908051,-0.051713371517682315,-0.8088656130747579,0.0,Astrocyte,Astrocyte,-0.4324046228087207
95E1_S293,Cortex,95,1C,AST2,2336,7.756623334538858,2.155411e+06,14.583492,83119.0,11.328041,3.8562946,54231.0,10.901027,2.5160398,9672.0,9.1770935,0.44873115,False,False,1,3.890450518639361,-0.10309870578535837,-0.2986593023695127,2.143774505853653,-0.33430482268333434,-0.16766777062656904,0.9392753833502381,-0.010547635555267333,Astrocyte,Astrocyte,-0.3720078698681273
95E2_S301,Cortex,95,1C,AST1,2638,7.878155336503324,1.792159e+06,14.398932,65969.0,11.096955,3.680979,62465.0,11.042377,3.485461,5419.0,8.597851,0.30237272,False,False,2,2.891829695857939,-0.3282450755037854,-0.23071181473105845,1.5030742800235748,-0.1392816746234894,-0.2513646489441997,-1.0787374338312963,-0.13140569686889647,Astrocyte,Astrocyte,-0.41963131447168744
95E3_S309,Cortex,95,1C,AST3,2768,7.926241523170962,2.397927e+06,14.690116,79992.0,11.289695,3.3358812,49914.0,10.818077,2.081548,12856.0,9.461644,0.5361298,False,False,1,3.443632214447188,-0.14695349051125683,-0.019142132967409464,-0.8938121688365936,-0.17688928961753844,-0.06834446540986648,0.8125290837719212,0.0,Astrocyte,Astrocyte,-0.3953517478873614
95E5_S325,Cortex,95,1C,AST2,2230,7.7102051944325325,1.907771e+06,14.461447,52224.0,10.863317,2.7374356,91738.0,11.4267025,4.808648,8504.0,9.048409,0.4457558,False,False,1,3.423014679241702,0.47970537534311186,-0.26859931422002387,2.1541826558113097,-0.07639312624931335,-0.28398262731956714,-0.545499617430433,-0.011802927255630494,Astrocyte,Astrocyte,-0.746982790293399
95E6_S333,Cortex,95,1C,AST1,1837,7.516433302915632,1.549444e+06,14.2534075,103536.0,11.547685,6.682139,117812.0,11.676854,7.6035013,8885.0,9.092233,0.5734315,False,False,1,1.2841169365116807,-0.11798236358105837,-0.21340000749838473,2.5469624161720277,-0.12957807064056395,-0.14139956175678908,-0.7787430154618307,-0.11775468826293946,Astrocyte,Astrocyte,-0.6838610870810303
95E8_S349,Cortex,95,1C,AST2,2263,7.724888439323074,1.892834e+06,14.453587,88660.0,11.392575,4.683982,79701.0,11.28605,4.2106705,12953.0,9.46916,0.6843178,False,False,1,1.947889422784086,-0.1435737969288275,-0.28161955993584914,-1.1217443853616715,0.054372346401214605,-0.12852986894472682,0.7501068995825609,0.0,Astrocyte,Astrocyte,-0.6555132593132419
95E9_S357,Cortex,95,1C,AST2,1877,7.537962659768208,2.144406e+06,14.578374,73330.0,11.202739,3.4195948,124337.0,11.730759,5.7982025,6830.0,8.8292265,0.3185031,False,False,2,2.1924543745530753,-0.07908072543503651,-0.08710544940197107,-0.5977107536792755,1.605256028175354,-0.17544523152438077,0.9794063142795658,-0.010870563983917236,Astrocyte,Astrocyte,-0.5138675734674393
95F10_S366,Cortex,95,1C,AST2,1990,7.596392304064196,2.390505e+06,14.687016,70844.0,11.16825,2.9635577,170725.0,12.047815,7.1417966,5781.0,8.662505,0.24183173,False,False,1,2.804494731413211,1.5142986361105837,-0.259821031430755,-1.219017956852913,-0.03560717582702637,-0.10557308341517593,-0.8601465500778889,-0.18457893371582032,Astrocyte,Astrocyte,-0.18237185050330695
95F11_S374,Cortex,95,1C,AST2,2433,7.797291273547472,2.622317e+06,14.77957,114891.0,11.651748,4.381278,91351.0,11.422476,3.4835987,9628.0,9.172535,0.36715624,False,False,1,2.814309823708456,-0.0597606587350069,-0.20513045005124025,-1.6814409571886062,-0.22559384018182754,-0.22912659067096133,-0.06304637031938554,0.0,Astrocyte,Astrocyte,-0.7591518440310266
95F2_S302,Cortex,95,1C,AST3,2868,7.9617188159813645,2.334434e+06,14.6632805,55886.0,10.9310875,2.393985,59330.0,10.990888,2.5415154,11354.0,9.337414,0.4863706,False,False,1,2.7617480715767284,-0.041254178962515826,-0.15067122259525337,1.7293721556663513,-0.20793073177337645,-0.29712853648445825,0.3644833555772675,-0.009906165599822998,Astrocyte,Astrocyte,0.7744379597832644
95F3_S310,Cortex,95,1C,AST3,2398,7.782807262839695,2.262485e+06,14.631975,75045.0,11.225857,3.3169281,83560.0,11.333332,3.693284,12116.0,9.402365,0.5355174,False,False,3,3.256057756194652,-0.11818596166581964,-0.1251738854128905,-1.4815306568145752,-0.13300490975379944,-0.1538941872240317,0.8022248433462938,-0.12159455299377442,Astrocyte,Astrocyte,-0.3162021510962254
95F4_S318,Cortex,95,1C,AST2,1773,7.480992162869525,1.79395e+06,14.399931,64598.0,11.075954,3.6008809,96845.0,11.480877,5.3984222,3238.0,8.08302,0.18049556,False,False,1,4.391676325941345,0.8499442018456196,-0.15782112876574197,-0.47020636379718783,-0.21794822335243225,-0.16966306199931136,1.0770545829480618,-0.06148085117340088,Astrocyte,Astrocyte,-0.2831159734317974
95F5_S326,Cortex,95,1C,AST3,2077,7.639161171659173,2.090789e+06,14.553053,40295.0,10.604008,1.9272629,69276.0,11.145868,3.3133903,12335.0,9.420277,0.5899687,False,False,3,3.4867759180850673,-0.03415178653582856,-0.2897359782999212,-1.1927618265151978,-0.1650000262260437,-0.10994796319441362,-0.9493903634536206,0.0,Astrocyte,Astrocyte,-0.5775063008020238
95F6_S334,Cortex,95,1C,Mural,1447,7.277938572945661,1.421999e+06,14.167575,31774.0,10.366435,2.23446,116029.0,11.661604,8.15957,7409.0,8.910585,0.5210271,False,False,0,-1.075507546383175,-0.11561218278491917,1.6910424051862774,2.081725800037384,-0.0866506814956665,-0.20977360010147095,4.285874018417531,0.0,Mural,Mural,0.1225164578434621
95F7_S342,Cortex,95,1C,AST2,1734,7.45876269238096,1.570134e+06,14.266672,34405.0,10.445987,2.1912143,104015.0,11.5523,6.6245937,7117.0,8.870382,0.4532734,False,False,1,4.078134402551286,-0.029257577867364163,1.8402587428237454,-0.8186970925331116,-0.24029901027679443,-0.048258721226393575,1.1306375169274796,-0.08897612571716308,Astrocyte,Astrocyte,-0.5373630260983373
95G10_S367,Cortex,95,1C,AST2,2000,7.601402334583733,2.001135e+06,14.509226,27253.0,10.212955,1.3618771,100465.0,11.517574,5.020401,7972.0,8.983816,0.39837393,False,False,1,3.9037897368597845,-0.11381297734514553,-0.20117527637818847,-0.6630659103393555,-0.22532460868358611,-0.13665790389282534,0.7824332022187699,-0.011392050981521606,Astrocyte,Astrocyte,0.14647848856245138
95G11_S375,Cortex,95,1C,AST3,2509,7.828038032125829,2.659069e+06,14.793487,49106.0,10.801757,1.8467367,84765.0,11.34765,3.1877701,15460.0,9.646076,0.58140653,False,False,3,2.4276755501012337,-0.10070875242127846,-0.2746988685444148,-1.356311371922493,-0.10162823736667632,-0.2150347786720353,-0.7645101316610173,0.0,Astrocyte,Astrocyte,-0.7117644727528593
95G1_S295,Cortex,95,1C,AST2,2374,7.772752716468742,1.980209e+06,14.4987135,66727.0,11.10838,3.369695,134392.0,11.808523,6.7867584,9016.0,9.106867,0.4553055,False,False,1,2.2627044473189475,-0.09146199753536052,-0.061047452868837296,-1.1043612086772918,-0.03623420476913452,-0.25388764853429313,-0.8738801754898762,0.0,Astrocyte,Astrocyte,-0.7724330409341345
95G4_S319,Cortex,95,1C,AST3,2963,7.994294986415977,2.254904e+06,14.628618,64716.0,11.077779,2.8700113,46784.0,10.753318,2.0747669,9822.0,9.192482,0.43558395,False,False,1,2.992244635123372,-0.04159914548672623,0.7716008566244684,-1.9464429050683976,-0.06924616634845733,-0.16034509738286337,0.5240163839043086,-0.07682392597198487,Astrocyte,Astrocyte,-0.8058171683303601
95G5_S327,Cortex,95,1C,AST2,2564,7.84971375760487,1.902913e+06,14.458897,47215.0,10.762488,2.481196,51953.0,10.858114,2.7301826,6909.0,8.840725,0.36307493,False,False,1,2.1229908036403966,-0.043605457598240534,-0.41040738243045227,-1.2774050855636596,-0.3606715714931488,-0.23477611638078785,0.21157965108976895,0.0,Astrocyte,Astrocyte,-0.40757339088267996
95G6_S335,Cortex,95,1C,AST2,2215,7.703459047867175,1.810402e+06,14.4090605,98862.0,11.501491,5.460776,76817.0,11.249194,4.2430906,5765.0,8.659734,0.31843755,False,False,1,2.665677579374262,-0.10158499700939236,0.8337930139869151,2.332534841299057,-0.07664388418197632,-0.22957275612185699,-0.813469141571965,0.0,Astrocyte,Astrocyte,-0.48911351731703157
95G7_S343,Cortex,95,1C,AST2,2076,7.638679823876112,1.779365e+06,14.3917675,49313.0,10.8059635,2.7713819,137303.0,11.829953,7.7164044,6498.0,8.779404,0.36518645,False,False,1,2.5720821234697855,-0.07355182733967076,-0.264937122060795,-1.260944892168045,-0.10770925164222717,-0.1423436620018699,-0.8104555888391619,0.0,Astrocyte,Astrocyte,-0.23946829446170093
95G8_S351,Cortex,95,1C,AST2,3039,8.019612794400267,1.566113e+06,14.264108,70252.0,11.159859,4.4857554,55077.0,10.916506,3.5167959,4045.0,8.305484,0.25828275,False,False,1,2.384051725512645,-0.12095739973250345,-0.08277292444248392,2.0918222916126252,-0.17566937923431397,-0.22677241250722094,-1.2992935375352601,-0.12584715127944945,Astrocyte,Astrocyte,-0.6009770459145656
95G9_S359,Cortex,95,1C,AST3,3005,8.00836557031292,2.638804e+06,14.785837,91261.0,11.42149,3.458423,61833.0,11.032208,2.3432207,10274.0,9.237469,0.38934305,False,False,4,3.5990482145319866,-0.1438811667001427,-0.4614186003954724,-1.8000352495908738,-0.1849338608980179,-0.22915744901907564,0.5087400345347035,0.0,Astrocyte,Astrocyte,0.9499243845252043
95H11_S376,Cortex,95,1C,AST2,3012,8.0106915391303,2.205272e+06,14.606362,136219.0,11.822026,6.1769705,73612.0,11.206577,3.338001,9238.0,9.131189,0.41890526,False,False,1,1.6377566433995154,-0.10452894349793095,-0.1499949808072562,0.17265367984771718,-0.2815192425251007,-0.10070313468123927,-1.1448068804477327,0.0,Astrocyte,Astrocyte,-0.702546552644548
95H3_S312,Cortex,95,1C,AST2,2124,7.661527081358517,1.528113e+06,14.239545,49308.0,10.805862,3.2267246,74971.0,11.22487,4.906116,6376.0,8.760453,0.4172466,False,False,2,2.0821703014478006,-0.04508817525365245,-0.23076068060566682,-1.6117953902482987,-0.11601698458194733,-0.05444467729992337,-0.3999093046140431,0.0,Astrocyte,Astrocyte,-0.700920511366728
95H4_S320,Cortex,95,1C,AST2,2503,7.825644732219989,1.714575e+06,14.354676,84615.0,11.345879,4.9350424,67888.0,11.125629,3.959465,6274.0,8.7443285,0.3659216,False,False,2,4.013842623416191,-0.1025989975162487,-0.2345672728437366,1.6886679536104203,-0.20233658015727995,-0.22207351886864865,-0.5934452413763832,-0.033836095333099364,Astrocyte,Astrocyte,-0.5012575245659817
95H6_S336,Cortex,95,1C,AST2,2222,7.706612913964197,1.63297e+06,14.305912,86901.0,11.372537,5.3216534,92935.0,11.439667,5.691164,4705.0,8.4565935,0.2881253,False,False,2,3.9860830665286118,-0.10214512611753378,-0.3012451171272933,-1.1832120388746261,-0.08575138092041015,-0.10179829477059721,-1.1859368918529107,0.0,Astrocyte,Astrocyte,-0.766477259948775
95H8_S352,Cortex,95,1C,Mural,1603,7.38025578842646,1.145385e+06,13.951252,15303.0,9.63587,1.3360573,68978.0,11.141558,6.0222545,8121.0,9.002332,0.70901924,False,False,0,-2.1695707217265996,-0.14573551422387512,-0.14471567128643845,1.0738536363840103,-0.08101751208305359,-0.16928063257776124,3.9592527699230904,0.0,Mural,Mural,4.302100039632969
95H9_S360,Cortex,95,1C,AST3,2641,7.879291485082271,2.102177e+06,14.558484,38943.0,10.5698805,1.8525081,79546.0,11.284103,3.7839818,6313.0,8.7505245,0.30030772,False,False,1,1.94065979139401,-0.1028782698377293,-0.23764630760809388,-1.855001949071884,-0.25299270868301393,-0.14213275066529862,-1.4736027052654095,-0.010859153270721435,Astrocyte,Astrocyte,-0.7369909350183452
